linux capacity	Set up job	﻿2026-09-11T23:29:49.3262465Z Current runner version: '2.337.0'
linux capacity	Set up job	2026-09-11T23:29:49.3300645Z ##[group]Runner Image Provisioner
linux capacity	Set up job	2026-09-11T23:29:49.3301928Z Hosted Compute Agent
linux capacity	Set up job	2026-09-11T23:29:49.3302949Z Version: 20260828.587
linux capacity	Set up job	2026-09-11T23:29:49.3303930Z Commit: abac92662cab4cc7352de4f9f9d2e2419aad9c29
linux capacity	Set up job	2026-09-11T23:29:49.3305138Z Build Date: 2026-08-28T16:44:25Z
linux capacity	Set up job	2026-09-11T23:29:49.3306212Z Worker ID: {99dc4d59-aa79-4f20-8f02-9c940bfe6544}
linux capacity	Set up job	2026-09-11T23:29:49.3307372Z Azure Region: westus3
linux capacity	Set up job	2026-09-11T23:29:49.3308371Z ##[endgroup]
linux capacity	Set up job	2026-09-11T23:29:49.3310694Z ##[group]Operating System
linux capacity	Set up job	2026-09-11T23:29:49.3311663Z Ubuntu
linux capacity	Set up job	2026-09-11T23:29:49.3312447Z 24.04.5
linux capacity	Set up job	2026-09-11T23:29:49.3313216Z LTS
linux capacity	Set up job	2026-09-11T23:29:49.3314190Z ##[endgroup]
linux capacity	Set up job	2026-09-11T23:29:49.3315008Z ##[group]Runner Image
linux capacity	Set up job	2026-09-11T23:29:49.3315858Z Image: ubuntu-24.04
linux capacity	Set up job	2026-09-11T23:29:49.3316857Z Version: 20260907.300.1
linux capacity	Set up job	2026-09-11T23:29:49.3318592Z Included Software: https://github.com/actions/runner-images/blob/ubuntu24/20260907.300/images/ubuntu/Ubuntu2404-Readme.md
linux capacity	Set up job	2026-09-11T23:29:49.3321560Z Image Release: https://github.com/actions/runner-images/releases/tag/ubuntu24%2F20260907.300
linux capacity	Set up job	2026-09-11T23:29:49.3323087Z ##[endgroup]
linux capacity	Set up job	2026-09-11T23:29:49.3324898Z ##[group]GITHUB_TOKEN Permissions
linux capacity	Set up job	2026-09-11T23:29:49.3327954Z Contents: read
linux capacity	Set up job	2026-09-11T23:29:49.3329093Z Metadata: read
linux capacity	Set up job	2026-09-11T23:29:49.3329962Z Packages: read
linux capacity	Set up job	2026-09-11T23:29:49.3330895Z ##[endgroup]
linux capacity	Set up job	2026-09-11T23:29:49.3333927Z Secret source: Actions
linux capacity	Set up job	2026-09-11T23:29:49.3335431Z Cache mode: write
linux capacity	Set up job	2026-09-11T23:29:49.3336767Z Prepare workflow directory
linux capacity	Set up job	2026-09-11T23:29:49.3946097Z Prepare all required actions
linux capacity	Set up job	2026-09-11T23:29:49.4078801Z Getting action download info
linux capacity	Set up job	2026-09-11T23:29:49.8483456Z Download action repository 'actions/checkout@v4' (SHA:11d5960a326750d5838078e36cf38b85af677262)
linux capacity	Set up job	2026-09-11T23:29:49.9285230Z Download action repository 'dtolnay/rust-toolchain@stable' (SHA:6bed0761d98439e5a578e2877258200ad565ba87)
linux capacity	Set up job	2026-09-11T23:29:50.1749224Z Download action repository 'Swatinem/rust-cache@v2' (SHA:6323deb102c322ba6fcbdcafc7e3dddab59af2b6)
linux capacity	Set up job	2026-09-11T23:29:50.9405774Z Download action repository 'actions/upload-artifact@v4' (SHA:ea165f8d65b6e75b540449e92b4886f43607fa02)
linux capacity	Set up job	2026-09-11T23:29:51.1806489Z Complete job name: linux capacity
linux capacity	Run actions/checkout@v4	﻿2026-09-11T23:29:51.2504672Z Node 20 is being deprecated. This workflow is running with Node 24 by default. If you need to temporarily use Node 20, you can set the ACTIONS_ALLOW_USE_UNSECURE_NODE_VERSION=true environment variable. For more information see: https://github.blog/changelog/2025-09-19-deprecation-of-node-20-on-github-actions-runners/
linux capacity	Run actions/checkout@v4	2026-09-11T23:29:51.2514152Z ##[group]Run actions/checkout@v4
linux capacity	Run actions/checkout@v4	2026-09-11T23:29:51.2514944Z with:
linux capacity	Run actions/checkout@v4	2026-09-11T23:29:51.2515420Z   repository: xlyk/ovrcr
linux capacity	Run actions/checkout@v4	2026-09-11T23:29:51.2519839Z   token: ***
linux capacity	Run actions/checkout@v4	2026-09-11T23:29:51.2520324Z   ssh-strict: true
linux capacity	Run actions/checkout@v4	2026-09-11T23:29:51.2520823Z   ssh-user: git
linux capacity	Run actions/checkout@v4	2026-09-11T23:29:51.2521330Z   persist-credentials: true
linux capacity	Run actions/checkout@v4	2026-09-11T23:29:51.2521880Z   clean: true
linux capacity	Run actions/checkout@v4	2026-09-11T23:29:51.2522387Z   sparse-checkout-cone-mode: true
linux capacity	Run actions/checkout@v4	2026-09-11T23:29:51.2522989Z   fetch-depth: 1
linux capacity	Run actions/checkout@v4	2026-09-11T23:29:51.2523472Z   fetch-tags: false
linux capacity	Run actions/checkout@v4	2026-09-11T23:29:51.2523965Z   show-progress: true
linux capacity	Run actions/checkout@v4	2026-09-11T23:29:51.2524489Z   lfs: false
linux capacity	Run actions/checkout@v4	2026-09-11T23:29:51.2524959Z   submodules: false
linux capacity	Run actions/checkout@v4	2026-09-11T23:29:51.2525521Z   set-safe-directory: true
linux capacity	Run actions/checkout@v4	2026-09-11T23:29:51.2526080Z   allow-unsafe-pr-checkout: false
linux capacity	Run actions/checkout@v4	2026-09-11T23:29:51.2526897Z env:
linux capacity	Run actions/checkout@v4	2026-09-11T23:29:51.2527391Z   CARGO_TERM_COLOR: always
linux capacity	Run actions/checkout@v4	2026-09-11T23:29:51.2527920Z   SHELL: /bin/bash
linux capacity	Run actions/checkout@v4	2026-09-11T23:29:51.2528401Z ##[endgroup]
linux capacity	Run actions/checkout@v4	2026-09-11T23:29:51.3915697Z Syncing repository: xlyk/ovrcr
linux capacity	Run actions/checkout@v4	2026-09-11T23:29:51.3919783Z ##[group]Getting Git version info
linux capacity	Run actions/checkout@v4	2026-09-11T23:29:51.3921365Z Working directory is '/home/runner/work/ovrcr/ovrcr'
linux capacity	Run actions/checkout@v4	2026-09-11T23:29:51.3923543Z [command]/usr/bin/git version
linux capacity	Run actions/checkout@v4	2026-09-11T23:29:51.3925869Z git version 2.55.0
linux capacity	Run actions/checkout@v4	2026-09-11T23:29:51.3931487Z ##[endgroup]
linux capacity	Run actions/checkout@v4	2026-09-11T23:29:51.3942420Z Temporarily overriding HOME='/home/runner/work/_temp/d938e22f-b0c6-4575-b261-60969119304d' before making global git config changes
linux capacity	Run actions/checkout@v4	2026-09-11T23:29:51.3946501Z Adding repository directory to the temporary git global config as a safe directory
linux capacity	Run actions/checkout@v4	2026-09-11T23:29:51.3955582Z [command]/usr/bin/git config --global --add safe.directory /home/runner/work/ovrcr/ovrcr
linux capacity	Run actions/checkout@v4	2026-09-11T23:29:51.4013735Z Deleting the contents of '/home/runner/work/ovrcr/ovrcr'
linux capacity	Run actions/checkout@v4	2026-09-11T23:29:51.4018372Z ##[group]Initializing the repository
linux capacity	Run actions/checkout@v4	2026-09-11T23:29:51.4022724Z [command]/usr/bin/git init /home/runner/work/ovrcr/ovrcr
linux capacity	Run actions/checkout@v4	2026-09-11T23:29:51.4212880Z hint: Using 'master' as the name for the initial branch. This default branch name
linux capacity	Run actions/checkout@v4	2026-09-11T23:29:51.4215699Z hint: will change to "main" in Git 3.0. To configure the initial branch name
linux capacity	Run actions/checkout@v4	2026-09-11T23:29:51.4248721Z hint: to use in all of your new repositories, which will suppress this warning,
linux capacity	Run actions/checkout@v4	2026-09-11T23:29:51.4289962Z hint: call:
linux capacity	Run actions/checkout@v4	2026-09-11T23:29:51.4309839Z hint:
linux capacity	Run actions/checkout@v4	2026-09-11T23:29:51.4350351Z hint: 	git config --global init.defaultBranch <name>
linux capacity	Run actions/checkout@v4	2026-09-11T23:29:51.4351804Z hint:
linux capacity	Run actions/checkout@v4	2026-09-11T23:29:51.4353246Z hint: Names commonly chosen instead of 'master' are 'main', 'trunk' and
linux capacity	Run actions/checkout@v4	2026-09-11T23:29:51.4372084Z hint: 'development'. The just-created branch can be renamed via this command:
linux capacity	Run actions/checkout@v4	2026-09-11T23:29:51.4396482Z hint:
linux capacity	Run actions/checkout@v4	2026-09-11T23:29:51.4439419Z hint: 	git branch -m <name>
linux capacity	Run actions/checkout@v4	2026-09-11T23:29:51.4440803Z hint:
linux capacity	Run actions/checkout@v4	2026-09-11T23:29:51.4480575Z hint: Disable this message with "git config set advice.defaultBranchName false"
linux capacity	Run actions/checkout@v4	2026-09-11T23:29:51.4510269Z Initialized empty Git repository in /home/runner/work/ovrcr/ovrcr/.git/
linux capacity	Run actions/checkout@v4	2026-09-11T23:29:51.4569750Z [command]/usr/bin/git remote add origin https://github.com/xlyk/ovrcr
linux capacity	Run actions/checkout@v4	2026-09-11T23:29:51.4630729Z ##[endgroup]
linux capacity	Run actions/checkout@v4	2026-09-11T23:29:51.4672294Z ##[group]Disabling automatic garbage collection
linux capacity	Run actions/checkout@v4	2026-09-11T23:29:51.4700007Z [command]/usr/bin/git config --local gc.auto 0
linux capacity	Run actions/checkout@v4	2026-09-11T23:29:51.4740704Z ##[endgroup]
linux capacity	Run actions/checkout@v4	2026-09-11T23:29:51.4742700Z ##[group]Setting up auth
linux capacity	Run actions/checkout@v4	2026-09-11T23:29:51.4744394Z [command]/usr/bin/git config --local --name-only --get-regexp core\.sshCommand
linux capacity	Run actions/checkout@v4	2026-09-11T23:29:51.4791295Z [command]/usr/bin/git submodule foreach --recursive sh -c "git config --local --name-only --get-regexp 'core\.sshCommand' && git config --local --unset-all 'core.sshCommand' || :"
linux capacity	Run actions/checkout@v4	2026-09-11T23:29:51.5318087Z [command]/usr/bin/git config --local --name-only --get-regexp http\.https\:\/\/github\.com\/\.extraheader
linux capacity	Run actions/checkout@v4	2026-09-11T23:29:51.5381062Z [command]/usr/bin/git submodule foreach --recursive sh -c "git config --local --name-only --get-regexp 'http\.https\:\/\/github\.com\/\.extraheader' && git config --local --unset-all 'http.https://github.com/.extraheader' || :"
linux capacity	Run actions/checkout@v4	2026-09-11T23:29:51.5595465Z [command]/usr/bin/git config --local --name-only --get-regexp ^includeIf\.gitdir:
linux capacity	Run actions/checkout@v4	2026-09-11T23:29:51.5630642Z [command]/usr/bin/git submodule foreach --recursive git config --local --show-origin --name-only --get-regexp remote.origin.url
linux capacity	Run actions/checkout@v4	2026-09-11T23:29:51.5818394Z [command]/usr/bin/git config --local http.https://github.com/.extraheader AUTHORIZATION: basic ***
linux capacity	Run actions/checkout@v4	2026-09-11T23:29:51.5851964Z ##[endgroup]
linux capacity	Run actions/checkout@v4	2026-09-11T23:29:51.5854170Z ##[group]Fetching the repository
linux capacity	Run actions/checkout@v4	2026-09-11T23:29:51.5863012Z [command]/usr/bin/git -c protocol.version=2 fetch --no-tags --prune --no-recurse-submodules --depth=1 origin +6e41d673ea493447768e232b8f67065b82eb1c12:refs/remotes/pull/69/merge
linux capacity	Run actions/checkout@v4	2026-09-11T23:29:53.4094168Z From https://github.com/xlyk/ovrcr
linux capacity	Run actions/checkout@v4	2026-09-11T23:29:53.4096664Z  * [new ref]         6e41d673ea493447768e232b8f67065b82eb1c12 -> pull/69/merge
linux capacity	Run actions/checkout@v4	2026-09-11T23:29:53.4100194Z ##[endgroup]
linux capacity	Run actions/checkout@v4	2026-09-11T23:29:53.4101195Z ##[group]Determining the checkout info
linux capacity	Run actions/checkout@v4	2026-09-11T23:29:53.4102498Z ##[endgroup]
linux capacity	Run actions/checkout@v4	2026-09-11T23:29:53.4109210Z [command]/usr/bin/git sparse-checkout disable
linux capacity	Run actions/checkout@v4	2026-09-11T23:29:53.4152895Z [command]/usr/bin/git config --local --unset-all extensions.worktreeConfig
linux capacity	Run actions/checkout@v4	2026-09-11T23:29:53.4180284Z ##[group]Checking out the ref
linux capacity	Run actions/checkout@v4	2026-09-11T23:29:53.4222885Z [command]/usr/bin/git checkout --progress --force refs/remotes/pull/69/merge
linux capacity	Run actions/checkout@v4	2026-09-11T23:29:53.5252761Z Note: switching to 'refs/remotes/pull/69/merge'.
linux capacity	Run actions/checkout@v4	2026-09-11T23:29:53.5254178Z 
linux capacity	Run actions/checkout@v4	2026-09-11T23:29:53.5254807Z You are in 'detached HEAD' state. You can look around, make experimental
linux capacity	Run actions/checkout@v4	2026-09-11T23:29:53.5256001Z changes and commit them, and you can discard any commits you make in this
linux capacity	Run actions/checkout@v4	2026-09-11T23:29:53.5257288Z state without impacting any branches by switching back to a branch.
linux capacity	Run actions/checkout@v4	2026-09-11T23:29:53.5258015Z 
linux capacity	Run actions/checkout@v4	2026-09-11T23:29:53.5258660Z If you want to create a new branch to retain commits you create, you may
linux capacity	Run actions/checkout@v4	2026-09-11T23:29:53.5259956Z do so (now or later) by using -c with the switch command. Example:
linux capacity	Run actions/checkout@v4	2026-09-11T23:29:53.5260651Z 
linux capacity	Run actions/checkout@v4	2026-09-11T23:29:53.5261042Z   git switch -c <new-branch-name>
linux capacity	Run actions/checkout@v4	2026-09-11T23:29:53.5261535Z 
linux capacity	Run actions/checkout@v4	2026-09-11T23:29:53.5270158Z Or undo this operation with:
linux capacity	Run actions/checkout@v4	2026-09-11T23:29:53.5270996Z 
linux capacity	Run actions/checkout@v4	2026-09-11T23:29:53.5271434Z   git switch -
linux capacity	Run actions/checkout@v4	2026-09-11T23:29:53.5272232Z 
linux capacity	Run actions/checkout@v4	2026-09-11T23:29:53.5272957Z Turn off this advice by setting config variable advice.detachedHead to false
linux capacity	Run actions/checkout@v4	2026-09-11T23:29:53.5273712Z 
linux capacity	Run actions/checkout@v4	2026-09-11T23:29:53.5274452Z HEAD is now at 6e41d67 Merge 422bc2d8a02042dfa5462920341944113d3eb7ee into 3574e9272e6464edfb484a973b33fd4c3f05384d
linux capacity	Run actions/checkout@v4	2026-09-11T23:29:53.5277239Z ##[endgroup]
linux capacity	Run actions/checkout@v4	2026-09-11T23:29:53.5312333Z [command]/usr/bin/git log -1 --format=%H
linux capacity	Run actions/checkout@v4	2026-09-11T23:29:53.5335251Z 6e41d673ea493447768e232b8f67065b82eb1c12
linux capacity	Run dtolnay/rust-toolchain@stable	﻿2026-09-11T23:29:53.5674640Z ##[group]Run dtolnay/rust-toolchain@stable
linux capacity	Run dtolnay/rust-toolchain@stable	2026-09-11T23:29:53.5675031Z with:
linux capacity	Run dtolnay/rust-toolchain@stable	2026-09-11T23:29:53.5675299Z   components: rustfmt, clippy
linux capacity	Run dtolnay/rust-toolchain@stable	2026-09-11T23:29:53.5675605Z   toolchain: stable
linux capacity	Run dtolnay/rust-toolchain@stable	2026-09-11T23:29:53.5675850Z env:
linux capacity	Run dtolnay/rust-toolchain@stable	2026-09-11T23:29:53.5676090Z   CARGO_TERM_COLOR: always
linux capacity	Run dtolnay/rust-toolchain@stable	2026-09-11T23:29:53.5676368Z   SHELL: /bin/bash
linux capacity	Run dtolnay/rust-toolchain@stable	2026-09-11T23:29:53.5676636Z ##[endgroup]
linux capacity	Run dtolnay/rust-toolchain@stable	2026-09-11T23:29:53.5746178Z ##[start-action display=Parse toolchain version;id=__dtolnay_rust-toolchain.parse]
linux capacity	Run dtolnay/rust-toolchain@stable	2026-09-11T23:29:53.5808014Z ##[group]Run if [[ -z $toolchain ]]; then
linux capacity	Run dtolnay/rust-toolchain@stable	2026-09-11T23:29:53.5808534Z ^[[36;1mif [[ -z $toolchain ]]; then^[[0m
linux capacity	Run dtolnay/rust-toolchain@stable	2026-09-11T23:29:53.5809369Z ^[[36;1m  # GitHub does not enforce `required: true` inputs itself. https://github.com/actions/runner/issues/1070^[[0m
linux capacity	Run dtolnay/rust-toolchain@stable	2026-09-11T23:29:53.5810110Z ^[[36;1m  echo "'toolchain' is a required input" >&2^[[0m
linux capacity	Run dtolnay/rust-toolchain@stable	2026-09-11T23:29:53.5810500Z ^[[36;1m  exit 1^[[0m
linux capacity	Run dtolnay/rust-toolchain@stable	2026-09-11T23:29:53.5810964Z ^[[36;1melif [[ $toolchain =~ ^stable' '[0-9]+' '(year|month|week|day)s?' 'ago$ ]]; then^[[0m
linux capacity	Run dtolnay/rust-toolchain@stable	2026-09-11T23:29:53.5811462Z ^[[36;1m  if [[ Linux == macOS ]]; then^[[0m
linux capacity	Run dtolnay/rust-toolchain@stable	2026-09-11T23:29:53.5812040Z ^[[36;1m    echo "toolchain=1.$((($(date -v-$(sed 's/stable \([0-9]*\) \(.\).*/\1\2/' <<< $toolchain) +%s)/60/60/24-16569)/7/6))" >> $GITHUB_OUTPUT^[[0m
linux capacity	Run dtolnay/rust-toolchain@stable	2026-09-11T23:29:53.5812583Z ^[[36;1m  else^[[0m
linux capacity	Run dtolnay/rust-toolchain@stable	2026-09-11T23:29:53.5813032Z ^[[36;1m    echo "toolchain=1.$((($(date --date "${toolchain#stable }" +%s)/60/60/24-16569)/7/6))" >> $GITHUB_OUTPUT^[[0m
linux capacity	Run dtolnay/rust-toolchain@stable	2026-09-11T23:29:53.5813537Z ^[[36;1m  fi^[[0m
linux capacity	Run dtolnay/rust-toolchain@stable	2026-09-11T23:29:53.5813888Z ^[[36;1melif [[ $toolchain =~ ^stable' 'minus' '[0-9]+' 'releases?$ ]]; then^[[0m
linux capacity	Run dtolnay/rust-toolchain@stable	2026-09-11T23:29:53.5814459Z ^[[36;1m  echo "toolchain=1.$((($(date +%s)/60/60/24-16569)/7/6-${toolchain//[^0-9]/}))" >> $GITHUB_OUTPUT^[[0m
linux capacity	Run dtolnay/rust-toolchain@stable	2026-09-11T23:29:53.5814972Z ^[[36;1melif [[ $toolchain =~ ^1\.[0-9]+$ ]]; then^[[0m
linux capacity	Run dtolnay/rust-toolchain@stable	2026-09-11T23:29:53.5815532Z ^[[36;1m  echo "toolchain=1.$((i=${toolchain#1.}, c=($(date +%s)/60/60/24-16569)/7/6, i+9*i*(10*i<=c)+90*i*(100*i<=c)))" >> $GITHUB_OUTPUT^[[0m
linux capacity	Run dtolnay/rust-toolchain@stable	2026-09-11T23:29:53.5816072Z ^[[36;1melse^[[0m
linux capacity	Run dtolnay/rust-toolchain@stable	2026-09-11T23:29:53.5816409Z ^[[36;1m  echo "toolchain=$toolchain" >> $GITHUB_OUTPUT^[[0m
linux capacity	Run dtolnay/rust-toolchain@stable	2026-09-11T23:29:53.5816760Z ^[[36;1mfi^[[0m
linux capacity	Run dtolnay/rust-toolchain@stable	2026-09-11T23:29:53.5845846Z shell: /usr/bin/bash --noprofile --norc -e -o pipefail {0}
linux capacity	Run dtolnay/rust-toolchain@stable	2026-09-11T23:29:53.5846281Z env:
linux capacity	Run dtolnay/rust-toolchain@stable	2026-09-11T23:29:53.5846532Z   CARGO_TERM_COLOR: always
linux capacity	Run dtolnay/rust-toolchain@stable	2026-09-11T23:29:53.5846820Z   SHELL: /bin/bash
linux capacity	Run dtolnay/rust-toolchain@stable	2026-09-11T23:29:53.5847074Z   toolchain: stable
linux capacity	Run dtolnay/rust-toolchain@stable	2026-09-11T23:29:53.5847326Z ##[endgroup]
linux capacity	Run dtolnay/rust-toolchain@stable	2026-09-11T23:29:53.5970515Z ##[end-action id=__dtolnay_rust-toolchain.parse;outcome=success;conclusion=success;duration_ms=22]
linux capacity	Run dtolnay/rust-toolchain@stable	2026-09-11T23:29:53.5983755Z ##[start-action display=Construct rustup command line;id=__dtolnay_rust-toolchain.flags]
linux capacity	Run dtolnay/rust-toolchain@stable	2026-09-11T23:29:53.6023125Z ##[group]Run echo "targets=$(for t in ${targets//,/ }; do echo -n ' --target' $t; done)" >> $GITHUB_OUTPUT
linux capacity	Run dtolnay/rust-toolchain@stable	2026-09-11T23:29:53.6023829Z ^[[36;1mecho "targets=$(for t in ${targets//,/ }; do echo -n ' --target' $t; done)" >> $GITHUB_OUTPUT^[[0m
linux capacity	Run dtolnay/rust-toolchain@stable	2026-09-11T23:29:53.6024492Z ^[[36;1mecho "components=$(for c in ${components//,/ }; do echo -n ' --component' $c; done)" >> $GITHUB_OUTPUT^[[0m
linux capacity	Run dtolnay/rust-toolchain@stable	2026-09-11T23:29:53.6025040Z ^[[36;1mecho "downgrade=" >> $GITHUB_OUTPUT^[[0m
linux capacity	Run dtolnay/rust-toolchain@stable	2026-09-11T23:29:53.6049737Z shell: /usr/bin/bash --noprofile --norc -e -o pipefail {0}
linux capacity	Run dtolnay/rust-toolchain@stable	2026-09-11T23:29:53.6050133Z env:
linux capacity	Run dtolnay/rust-toolchain@stable	2026-09-11T23:29:53.6050386Z   CARGO_TERM_COLOR: always
linux capacity	Run dtolnay/rust-toolchain@stable	2026-09-11T23:29:53.6050660Z   SHELL: /bin/bash
linux capacity	Run dtolnay/rust-toolchain@stable	2026-09-11T23:29:53.6050900Z   targets: 
linux capacity	Run dtolnay/rust-toolchain@stable	2026-09-11T23:29:53.6051179Z   components: rustfmt, clippy
linux capacity	Run dtolnay/rust-toolchain@stable	2026-09-11T23:29:53.6051480Z ##[endgroup]
linux capacity	Run dtolnay/rust-toolchain@stable	2026-09-11T23:29:53.6112227Z ##[end-action id=__dtolnay_rust-toolchain.flags;outcome=success;conclusion=success;duration_ms=12]
linux capacity	Run dtolnay/rust-toolchain@stable	2026-09-11T23:29:53.6114757Z ##[start-action display=Set $CARGO_HOME;id=__dtolnay_rust-toolchain.__run]
linux capacity	Run dtolnay/rust-toolchain@stable	2026-09-11T23:29:53.6142493Z ##[group]Run echo CARGO_HOME=${CARGO_HOME:-"$HOME/.cargo"} >> $GITHUB_ENV
linux capacity	Run dtolnay/rust-toolchain@stable	2026-09-11T23:29:53.6143029Z ^[[36;1mecho CARGO_HOME=${CARGO_HOME:-"$HOME/.cargo"} >> $GITHUB_ENV^[[0m
linux capacity	Run dtolnay/rust-toolchain@stable	2026-09-11T23:29:53.6166494Z shell: /usr/bin/bash --noprofile --norc -e -o pipefail {0}
linux capacity	Run dtolnay/rust-toolchain@stable	2026-09-11T23:29:53.6167057Z env:
linux capacity	Run dtolnay/rust-toolchain@stable	2026-09-11T23:29:53.6167374Z   CARGO_TERM_COLOR: always
linux capacity	Run dtolnay/rust-toolchain@stable	2026-09-11T23:29:53.6167661Z   SHELL: /bin/bash
linux capacity	Run dtolnay/rust-toolchain@stable	2026-09-11T23:29:53.6167916Z ##[endgroup]
linux capacity	Run dtolnay/rust-toolchain@stable	2026-09-11T23:29:53.6223612Z ##[end-action id=__dtolnay_rust-toolchain.__run;outcome=success;conclusion=success;duration_ms=10]
linux capacity	Run dtolnay/rust-toolchain@stable	2026-09-11T23:29:53.6226604Z ##[start-action display=Install rustup if needed;id=__dtolnay_rust-toolchain.__run_2]
linux capacity	Run dtolnay/rust-toolchain@stable	2026-09-11T23:29:53.6264948Z ##[group]Run if ! command -v rustup &>/dev/null; then
linux capacity	Run dtolnay/rust-toolchain@stable	2026-09-11T23:29:53.6265509Z ^[[36;1mif ! command -v rustup &>/dev/null; then^[[0m
linux capacity	Run dtolnay/rust-toolchain@stable	2026-09-11T23:29:53.6266403Z ^[[36;1m  curl --proto '=https' --tlsv1.2 --retry 10 --retry-connrefused --location --silent --show-error --fail https://sh.rustup.rs | sh -s -- --default-toolchain none -y^[[0m
linux capacity	Run dtolnay/rust-toolchain@stable	2026-09-11T23:29:53.6267254Z ^[[36;1m  echo "$CARGO_HOME/bin" >> $GITHUB_PATH^[[0m
linux capacity	Run dtolnay/rust-toolchain@stable	2026-09-11T23:29:53.6267666Z ^[[36;1mfi^[[0m
linux capacity	Run dtolnay/rust-toolchain@stable	2026-09-11T23:29:53.6292466Z shell: /usr/bin/bash --noprofile --norc -e -o pipefail {0}
linux capacity	Run dtolnay/rust-toolchain@stable	2026-09-11T23:29:53.6293026Z env:
linux capacity	Run dtolnay/rust-toolchain@stable	2026-09-11T23:29:53.6293365Z   CARGO_TERM_COLOR: always
linux capacity	Run dtolnay/rust-toolchain@stable	2026-09-11T23:29:53.6293734Z   SHELL: /bin/bash
linux capacity	Run dtolnay/rust-toolchain@stable	2026-09-11T23:29:53.6294173Z   CARGO_HOME: /home/runner/.cargo
linux capacity	Run dtolnay/rust-toolchain@stable	2026-09-11T23:29:53.6294544Z ##[endgroup]
linux capacity	Run dtolnay/rust-toolchain@stable	2026-09-11T23:29:53.6348428Z ##[end-action id=__dtolnay_rust-toolchain.__run_2;outcome=success;conclusion=success;duration_ms=12]
linux capacity	Run dtolnay/rust-toolchain@stable	2026-09-11T23:29:53.6351789Z ##[start-action display=Install rustup if needed on windows;id=__dtolnay_rust-toolchain.__run_3]
linux capacity	Run dtolnay/rust-toolchain@stable	2026-09-11T23:29:53.6360899Z ##[end-action id=__dtolnay_rust-toolchain.__run_3;outcome=skipped;conclusion=skipped;duration_ms=0]
linux capacity	Run dtolnay/rust-toolchain@stable	2026-09-11T23:29:53.6373333Z ##[start-action display=rustup toolchain install stable;id=__dtolnay_rust-toolchain.__run_4]
linux capacity	Run dtolnay/rust-toolchain@stable	2026-09-11T23:29:53.6404691Z ##[group]Run rustup toolchain install stable --component rustfmt --component clippy --profile minimal --no-self-update
linux capacity	Run dtolnay/rust-toolchain@stable	2026-09-11T23:29:53.6405639Z ^[[36;1mrustup toolchain install stable --component rustfmt --component clippy --profile minimal --no-self-update^[[0m
linux capacity	Run dtolnay/rust-toolchain@stable	2026-09-11T23:29:53.6432003Z shell: /usr/bin/bash --noprofile --norc -e -o pipefail {0}
linux capacity	Run dtolnay/rust-toolchain@stable	2026-09-11T23:29:53.6432483Z env:
linux capacity	Run dtolnay/rust-toolchain@stable	2026-09-11T23:29:53.6531705Z   CARGO_TERM_COLOR: always
linux capacity	Run dtolnay/rust-toolchain@stable	2026-09-11T23:29:53.6532415Z   SHELL: /bin/bash
linux capacity	Run dtolnay/rust-toolchain@stable	2026-09-11T23:29:53.6532914Z   CARGO_HOME: /home/runner/.cargo
linux capacity	Run dtolnay/rust-toolchain@stable	2026-09-11T23:29:53.6533350Z   RUSTUP_PERMIT_COPY_RENAME: 1
linux capacity	Run dtolnay/rust-toolchain@stable	2026-09-11T23:29:53.6533808Z ##[endgroup]
linux capacity	Run dtolnay/rust-toolchain@stable	2026-09-11T23:29:54.0005994Z info: syncing channel updates for stable-x86_64-unknown-linux-gnu
linux capacity	Run dtolnay/rust-toolchain@stable	2026-09-11T23:29:54.2855741Z info: latest update on 2026-09-03 for version 1.98.1 (48a229cea 2026-09-01)
linux capacity	Run dtolnay/rust-toolchain@stable	2026-09-11T23:29:54.3629805Z info: component clippy is up to date
linux capacity	Run dtolnay/rust-toolchain@stable	2026-09-11T23:29:54.3649654Z info: component rustfmt is up to date
linux capacity	Run dtolnay/rust-toolchain@stable	2026-09-11T23:29:54.3650072Z 
linux capacity	Run dtolnay/rust-toolchain@stable	2026-09-11T23:29:54.3741913Z   stable-x86_64-unknown-linux-gnu unchanged - rustc 1.98.1 (48a229cea 2026-09-01)
linux capacity	Run dtolnay/rust-toolchain@stable	2026-09-11T23:29:54.3742688Z 
linux capacity	Run dtolnay/rust-toolchain@stable	2026-09-11T23:29:54.3773586Z ##[end-action id=__dtolnay_rust-toolchain.__run_4;outcome=success;conclusion=success;duration_ms=739]
linux capacity	Run dtolnay/rust-toolchain@stable	2026-09-11T23:29:54.3781685Z ##[start-action display=rustup default stable;id=__dtolnay_rust-toolchain.__run_5]
linux capacity	Run dtolnay/rust-toolchain@stable	2026-09-11T23:29:54.3811403Z ##[group]Run rustup default stable
linux capacity	Run dtolnay/rust-toolchain@stable	2026-09-11T23:29:54.3811910Z ^[[36;1mrustup default stable^[[0m
linux capacity	Run dtolnay/rust-toolchain@stable	2026-09-11T23:29:54.3850372Z shell: /usr/bin/bash --noprofile --norc -e -o pipefail {0}
linux capacity	Run dtolnay/rust-toolchain@stable	2026-09-11T23:29:54.3850899Z env:
linux capacity	Run dtolnay/rust-toolchain@stable	2026-09-11T23:29:54.3851204Z   CARGO_TERM_COLOR: always
linux capacity	Run dtolnay/rust-toolchain@stable	2026-09-11T23:29:54.3851565Z   SHELL: /bin/bash
linux capacity	Run dtolnay/rust-toolchain@stable	2026-09-11T23:29:54.3851906Z   CARGO_HOME: /home/runner/.cargo
linux capacity	Run dtolnay/rust-toolchain@stable	2026-09-11T23:29:54.3852299Z ##[endgroup]
linux capacity	Run dtolnay/rust-toolchain@stable	2026-09-11T23:29:54.3949821Z info: using existing install for stable-x86_64-unknown-linux-gnu
linux capacity	Run dtolnay/rust-toolchain@stable	2026-09-11T23:29:54.3958538Z 
linux capacity	Run dtolnay/rust-toolchain@stable	2026-09-11T23:29:54.3961262Z info: default toolchain set to stable-x86_64-unknown-linux-gnu
linux capacity	Run dtolnay/rust-toolchain@stable	2026-09-11T23:29:54.4034372Z   stable-x86_64-unknown-linux-gnu unchanged - rustc 1.98.1 (48a229cea 2026-09-01)
linux capacity	Run dtolnay/rust-toolchain@stable	2026-09-11T23:29:54.4035156Z 
linux capacity	Run dtolnay/rust-toolchain@stable	2026-09-11T23:29:54.4049965Z ##[end-action id=__dtolnay_rust-toolchain.__run_5;outcome=success;conclusion=success;duration_ms=26]
linux capacity	Run dtolnay/rust-toolchain@stable	2026-09-11T23:29:54.4052471Z ##[start-action display=Create cachekey;id=__dtolnay_rust-toolchain.rustc-version]
linux capacity	Run dtolnay/rust-toolchain@stable	2026-09-11T23:29:54.4069652Z ##[group]Run DATE=$(rustc +stable --version --verbose | sed -ne 's/^commit-date: \(20[0-9][0-9]\)-\([01][0-9]\)-\([0-3][0-9]\)$/\1\2\3/p')
linux capacity	Run dtolnay/rust-toolchain@stable	2026-09-11T23:29:54.4070430Z ^[[36;1mDATE=$(rustc +stable --version --verbose | sed -ne 's/^commit-date: \(20[0-9][0-9]\)-\([01][0-9]\)-\([0-3][0-9]\)$/\1\2\3/p')^[[0m
linux capacity	Run dtolnay/rust-toolchain@stable	2026-09-11T23:29:54.4071019Z ^[[36;1mHASH=$(rustc +stable --version --verbose | sed -ne 's/^commit-hash: //p')^[[0m
linux capacity	Run dtolnay/rust-toolchain@stable	2026-09-11T23:29:54.4071479Z ^[[36;1mecho "cachekey=$(echo $DATE$HASH | head -c12)" >> $GITHUB_OUTPUT^[[0m
linux capacity	Run dtolnay/rust-toolchain@stable	2026-09-11T23:29:54.4095320Z shell: /usr/bin/bash --noprofile --norc -e -o pipefail {0}
linux capacity	Run dtolnay/rust-toolchain@stable	2026-09-11T23:29:54.4095649Z env:
linux capacity	Run dtolnay/rust-toolchain@stable	2026-09-11T23:29:54.4095841Z   CARGO_TERM_COLOR: always
linux capacity	Run dtolnay/rust-toolchain@stable	2026-09-11T23:29:54.4096060Z   SHELL: /bin/bash
linux capacity	Run dtolnay/rust-toolchain@stable	2026-09-11T23:29:54.4096269Z   CARGO_HOME: /home/runner/.cargo
linux capacity	Run dtolnay/rust-toolchain@stable	2026-09-11T23:29:54.4096517Z ##[endgroup]
linux capacity	Run dtolnay/rust-toolchain@stable	2026-09-11T23:29:54.4414063Z ##[end-action id=__dtolnay_rust-toolchain.rustc-version;outcome=success;conclusion=success;duration_ms=36]
linux capacity	Run dtolnay/rust-toolchain@stable	2026-09-11T23:29:54.4416358Z ##[start-action display=Disable incremental compilation;id=__dtolnay_rust-toolchain.__run_6]
linux capacity	Run dtolnay/rust-toolchain@stable	2026-09-11T23:29:54.4432216Z ##[group]Run if [ -z "${CARGO_INCREMENTAL+set}" ]; then
linux capacity	Run dtolnay/rust-toolchain@stable	2026-09-11T23:29:54.4432594Z ^[[36;1mif [ -z "${CARGO_INCREMENTAL+set}" ]; then^[[0m
linux capacity	Run dtolnay/rust-toolchain@stable	2026-09-11T23:29:54.4432907Z ^[[36;1m  echo CARGO_INCREMENTAL=0 >> $GITHUB_ENV^[[0m
linux capacity	Run dtolnay/rust-toolchain@stable	2026-09-11T23:29:54.4433176Z ^[[36;1mfi^[[0m
linux capacity	Run dtolnay/rust-toolchain@stable	2026-09-11T23:29:54.4457697Z shell: /usr/bin/bash --noprofile --norc -e -o pipefail {0}
linux capacity	Run dtolnay/rust-toolchain@stable	2026-09-11T23:29:54.4458034Z env:
linux capacity	Run dtolnay/rust-toolchain@stable	2026-09-11T23:29:54.4458232Z   CARGO_TERM_COLOR: always
linux capacity	Run dtolnay/rust-toolchain@stable	2026-09-11T23:29:54.4458450Z   SHELL: /bin/bash
linux capacity	Run dtolnay/rust-toolchain@stable	2026-09-11T23:29:54.4458657Z   CARGO_HOME: /home/runner/.cargo
linux capacity	Run dtolnay/rust-toolchain@stable	2026-09-11T23:29:54.4459106Z ##[endgroup]
linux capacity	Run dtolnay/rust-toolchain@stable	2026-09-11T23:29:54.4507415Z ##[end-action id=__dtolnay_rust-toolchain.__run_6;outcome=success;conclusion=success;duration_ms=9]
linux capacity	Run dtolnay/rust-toolchain@stable	2026-09-11T23:29:54.4509936Z ##[start-action display=Enable colors in Cargo output;id=__dtolnay_rust-toolchain.__run_7]
linux capacity	Run dtolnay/rust-toolchain@stable	2026-09-11T23:29:54.4525645Z ##[group]Run if [ -z "${CARGO_TERM_COLOR+set}" ]; then
linux capacity	Run dtolnay/rust-toolchain@stable	2026-09-11T23:29:54.4526002Z ^[[36;1mif [ -z "${CARGO_TERM_COLOR+set}" ]; then^[[0m
linux capacity	Run dtolnay/rust-toolchain@stable	2026-09-11T23:29:54.4526323Z ^[[36;1m  echo CARGO_TERM_COLOR=always >> $GITHUB_ENV^[[0m
linux capacity	Run dtolnay/rust-toolchain@stable	2026-09-11T23:29:54.4526603Z ^[[36;1mfi^[[0m
linux capacity	Run dtolnay/rust-toolchain@stable	2026-09-11T23:29:54.4548660Z shell: /usr/bin/bash --noprofile --norc -e -o pipefail {0}
linux capacity	Run dtolnay/rust-toolchain@stable	2026-09-11T23:29:54.4549218Z env:
linux capacity	Run dtolnay/rust-toolchain@stable	2026-09-11T23:29:54.4549419Z   CARGO_TERM_COLOR: always
linux capacity	Run dtolnay/rust-toolchain@stable	2026-09-11T23:29:54.4549644Z   SHELL: /bin/bash
linux capacity	Run dtolnay/rust-toolchain@stable	2026-09-11T23:29:54.4549996Z   CARGO_HOME: /home/runner/.cargo
linux capacity	Run dtolnay/rust-toolchain@stable	2026-09-11T23:29:54.4550248Z   CARGO_INCREMENTAL: 0
linux capacity	Run dtolnay/rust-toolchain@stable	2026-09-11T23:29:54.4550455Z ##[endgroup]
linux capacity	Run dtolnay/rust-toolchain@stable	2026-09-11T23:29:54.4595747Z ##[end-action id=__dtolnay_rust-toolchain.__run_7;outcome=success;conclusion=success;duration_ms=8]
linux capacity	Run dtolnay/rust-toolchain@stable	2026-09-11T23:29:54.4597735Z ##[start-action display=Enable Cargo sparse registry;id=__dtolnay_rust-toolchain.__run_8]
linux capacity	Run dtolnay/rust-toolchain@stable	2026-09-11T23:29:54.4614548Z ##[group]Run # implemented in 1.66, stabilized in 1.68, made default in 1.70
linux capacity	Run dtolnay/rust-toolchain@stable	2026-09-11T23:29:54.4615045Z ^[[36;1m# implemented in 1.66, stabilized in 1.68, made default in 1.70^[[0m
linux capacity	Run dtolnay/rust-toolchain@stable	2026-09-11T23:29:54.4615709Z ^[[36;1mif [ -z "${CARGO_REGISTRIES_CRATES_IO_PROTOCOL+set}" -o -f "/home/runner/work/_temp"/.implicit_cargo_registries_crates_io_protocol ]; then^[[0m
linux capacity	Run dtolnay/rust-toolchain@stable	2026-09-11T23:29:54.4616388Z ^[[36;1m  if rustc +stable --version --verbose | grep -q '^release: 1\.6[89]\.'; then^[[0m
linux capacity	Run dtolnay/rust-toolchain@stable	2026-09-11T23:29:54.4616926Z ^[[36;1m    touch "/home/runner/work/_temp"/.implicit_cargo_registries_crates_io_protocol || true^[[0m
linux capacity	Run dtolnay/rust-toolchain@stable	2026-09-11T23:29:54.4617449Z ^[[36;1m    echo CARGO_REGISTRIES_CRATES_IO_PROTOCOL=sparse >> $GITHUB_ENV^[[0m
linux capacity	Run dtolnay/rust-toolchain@stable	2026-09-11T23:29:54.4617920Z ^[[36;1m  elif rustc +stable --version --verbose | grep -q '^release: 1\.6[67]\.'; then^[[0m
linux capacity	Run dtolnay/rust-toolchain@stable	2026-09-11T23:29:54.4618461Z ^[[36;1m    touch "/home/runner/work/_temp"/.implicit_cargo_registries_crates_io_protocol || true^[[0m
linux capacity	Run dtolnay/rust-toolchain@stable	2026-09-11T23:29:54.4619431Z ^[[36;1m    echo CARGO_REGISTRIES_CRATES_IO_PROTOCOL=git >> $GITHUB_ENV^[[0m
linux capacity	Run dtolnay/rust-toolchain@stable	2026-09-11T23:29:54.4619764Z ^[[36;1m  fi^[[0m
linux capacity	Run dtolnay/rust-toolchain@stable	2026-09-11T23:29:54.4619960Z ^[[36;1mfi^[[0m
linux capacity	Run dtolnay/rust-toolchain@stable	2026-09-11T23:29:54.4640930Z shell: /usr/bin/bash --noprofile --norc -e -o pipefail {0}
linux capacity	Run dtolnay/rust-toolchain@stable	2026-09-11T23:29:54.4641257Z env:
linux capacity	Run dtolnay/rust-toolchain@stable	2026-09-11T23:29:54.4641453Z   CARGO_TERM_COLOR: always
linux capacity	Run dtolnay/rust-toolchain@stable	2026-09-11T23:29:54.4641672Z   SHELL: /bin/bash
linux capacity	Run dtolnay/rust-toolchain@stable	2026-09-11T23:29:54.4641874Z   CARGO_HOME: /home/runner/.cargo
linux capacity	Run dtolnay/rust-toolchain@stable	2026-09-11T23:29:54.4642126Z   CARGO_INCREMENTAL: 0
linux capacity	Run dtolnay/rust-toolchain@stable	2026-09-11T23:29:54.4642326Z ##[endgroup]
linux capacity	Run dtolnay/rust-toolchain@stable	2026-09-11T23:29:54.4916111Z ##[end-action id=__dtolnay_rust-toolchain.__run_8;outcome=success;conclusion=success;duration_ms=31]
linux capacity	Run dtolnay/rust-toolchain@stable	2026-09-11T23:29:54.4918457Z ##[start-action display=Work around spurious network errors in curl 8.0;id=__dtolnay_rust-toolchain.__run_9]
linux capacity	Run dtolnay/rust-toolchain@stable	2026-09-11T23:29:54.4935699Z ##[group]Run # https://rust-lang.zulipchat.com/#narrow/stream/246057-t-cargo/topic/timeout.20investigation
linux capacity	Run dtolnay/rust-toolchain@stable	2026-09-11T23:29:54.4936437Z ^[[36;1m# https://rust-lang.zulipchat.com/#narrow/stream/246057-t-cargo/topic/timeout.20investigation^[[0m
linux capacity	Run dtolnay/rust-toolchain@stable	2026-09-11T23:29:54.4937014Z ^[[36;1mif rustc +stable --version --verbose | grep -q '^release: 1\.7[01]\.'; then^[[0m
linux capacity	Run dtolnay/rust-toolchain@stable	2026-09-11T23:29:54.4937462Z ^[[36;1m  echo CARGO_HTTP_MULTIPLEXING=false >> $GITHUB_ENV^[[0m
linux capacity	Run dtolnay/rust-toolchain@stable	2026-09-11T23:29:54.4937756Z ^[[36;1mfi^[[0m
linux capacity	Run dtolnay/rust-toolchain@stable	2026-09-11T23:29:54.4961730Z shell: /usr/bin/bash --noprofile --norc -e -o pipefail {0}
linux capacity	Run dtolnay/rust-toolchain@stable	2026-09-11T23:29:54.4962049Z env:
linux capacity	Run dtolnay/rust-toolchain@stable	2026-09-11T23:29:54.4962245Z   CARGO_TERM_COLOR: always
linux capacity	Run dtolnay/rust-toolchain@stable	2026-09-11T23:29:54.4962464Z   SHELL: /bin/bash
linux capacity	Run dtolnay/rust-toolchain@stable	2026-09-11T23:29:54.4962673Z   CARGO_HOME: /home/runner/.cargo
linux capacity	Run dtolnay/rust-toolchain@stable	2026-09-11T23:29:54.4962915Z   CARGO_INCREMENTAL: 0
linux capacity	Run dtolnay/rust-toolchain@stable	2026-09-11T23:29:54.4963132Z ##[endgroup]
linux capacity	Run dtolnay/rust-toolchain@stable	2026-09-11T23:29:54.5123815Z ##[end-action id=__dtolnay_rust-toolchain.__run_9;outcome=success;conclusion=success;duration_ms=20]
linux capacity	Run dtolnay/rust-toolchain@stable	2026-09-11T23:29:54.5127454Z ##[start-action display=rustc +stable --version --verbose;id=__dtolnay_rust-toolchain.__run_10]
linux capacity	Run dtolnay/rust-toolchain@stable	2026-09-11T23:29:54.5143768Z ##[group]Run rustc +stable --version --verbose
linux capacity	Run dtolnay/rust-toolchain@stable	2026-09-11T23:29:54.5144105Z ^[[36;1mrustc +stable --version --verbose^[[0m
linux capacity	Run dtolnay/rust-toolchain@stable	2026-09-11T23:29:54.5169698Z shell: /usr/bin/bash --noprofile --norc -e -o pipefail {0}
linux capacity	Run dtolnay/rust-toolchain@stable	2026-09-11T23:29:54.5170099Z env:
linux capacity	Run dtolnay/rust-toolchain@stable	2026-09-11T23:29:54.5170305Z   CARGO_TERM_COLOR: always
linux capacity	Run dtolnay/rust-toolchain@stable	2026-09-11T23:29:54.5170535Z   SHELL: /bin/bash
linux capacity	Run dtolnay/rust-toolchain@stable	2026-09-11T23:29:54.5170747Z   CARGO_HOME: /home/runner/.cargo
linux capacity	Run dtolnay/rust-toolchain@stable	2026-09-11T23:29:54.5171004Z   CARGO_INCREMENTAL: 0
linux capacity	Run dtolnay/rust-toolchain@stable	2026-09-11T23:29:54.5171209Z ##[endgroup]
linux capacity	Run dtolnay/rust-toolchain@stable	2026-09-11T23:29:54.5316500Z rustc 1.98.1 (48a229cea 2026-09-01)
linux capacity	Run dtolnay/rust-toolchain@stable	2026-09-11T23:29:54.5317631Z binary: rustc
linux capacity	Run dtolnay/rust-toolchain@stable	2026-09-11T23:29:54.5318327Z commit-hash: 48a229ceaefd4985c50990b14116b6d856af0985
linux capacity	Run dtolnay/rust-toolchain@stable	2026-09-11T23:29:54.5322288Z commit-date: 2026-09-01
linux capacity	Run dtolnay/rust-toolchain@stable	2026-09-11T23:29:54.5322919Z host: x86_64-unknown-linux-gnu
linux capacity	Run dtolnay/rust-toolchain@stable	2026-09-11T23:29:54.5323540Z release: 1.98.1
linux capacity	Run dtolnay/rust-toolchain@stable	2026-09-11T23:29:54.5324046Z LLVM version: 22.1.8
linux capacity	Run dtolnay/rust-toolchain@stable	2026-09-11T23:29:54.5338106Z ##[end-action id=__dtolnay_rust-toolchain.__run_10;outcome=success;conclusion=success;duration_ms=20]
linux capacity	Run Swatinem/rust-cache@v2	﻿2026-09-11T23:29:54.5444449Z ##[group]Run Swatinem/rust-cache@v2
linux capacity	Run Swatinem/rust-cache@v2	2026-09-11T23:29:54.5444723Z with:
linux capacity	Run Swatinem/rust-cache@v2	2026-09-11T23:29:54.5444924Z   shared-key: linux-capacity
linux capacity	Run Swatinem/rust-cache@v2	2026-09-11T23:29:54.5445160Z   cache-on-failure: true
linux capacity	Run Swatinem/rust-cache@v2	2026-09-11T23:29:54.5445378Z   prefix-key: v0-rust
linux capacity	Run Swatinem/rust-cache@v2	2026-09-11T23:29:54.5445583Z   add-job-id-key: true
linux capacity	Run Swatinem/rust-cache@v2	2026-09-11T23:29:54.5445815Z   add-rust-environment-hash-key: true
linux capacity	Run Swatinem/rust-cache@v2	2026-09-11T23:29:54.5446081Z   cache-targets: true
linux capacity	Run Swatinem/rust-cache@v2	2026-09-11T23:29:54.5446289Z   cache-all-crates: false
linux capacity	Run Swatinem/rust-cache@v2	2026-09-11T23:29:54.5446522Z   cache-workspace-crates: false
linux capacity	Run Swatinem/rust-cache@v2	2026-09-11T23:29:54.5446757Z   save-if: true
linux capacity	Run Swatinem/rust-cache@v2	2026-09-11T23:29:54.5446950Z   cache-provider: github
linux capacity	Run Swatinem/rust-cache@v2	2026-09-11T23:29:54.5447160Z   cache-bin: true
linux capacity	Run Swatinem/rust-cache@v2	2026-09-11T23:29:54.5447370Z   lookup-only: false
linux capacity	Run Swatinem/rust-cache@v2	2026-09-11T23:29:54.5447567Z   cmd-format: {0}
linux capacity	Run Swatinem/rust-cache@v2	2026-09-11T23:29:54.5447744Z env:
linux capacity	Run Swatinem/rust-cache@v2	2026-09-11T23:29:54.5447920Z   CARGO_TERM_COLOR: always
linux capacity	Run Swatinem/rust-cache@v2	2026-09-11T23:29:54.5448133Z   SHELL: /bin/bash
linux capacity	Run Swatinem/rust-cache@v2	2026-09-11T23:29:54.5448338Z   CARGO_HOME: /home/runner/.cargo
linux capacity	Run Swatinem/rust-cache@v2	2026-09-11T23:29:54.5448584Z   CARGO_INCREMENTAL: 0
linux capacity	Run Swatinem/rust-cache@v2	2026-09-11T23:29:54.5448813Z ##[endgroup]
linux capacity	Run Swatinem/rust-cache@v2	2026-09-11T23:29:57.0149808Z ##[group]Cache Configuration
linux capacity	Run Swatinem/rust-cache@v2	2026-09-11T23:29:57.0160127Z Cache Provider:
linux capacity	Run Swatinem/rust-cache@v2	2026-09-11T23:29:57.0174360Z     github
linux capacity	Run Swatinem/rust-cache@v2	2026-09-11T23:29:57.0176816Z Workspaces:
linux capacity	Run Swatinem/rust-cache@v2	2026-09-11T23:29:57.0189410Z     /home/runner/work/ovrcr/ovrcr
linux capacity	Run Swatinem/rust-cache@v2	2026-09-11T23:29:57.0207083Z Cache Paths:
linux capacity	Run Swatinem/rust-cache@v2	2026-09-11T23:29:57.0207852Z     /home/runner/.cargo/bin
linux capacity	Run Swatinem/rust-cache@v2	2026-09-11T23:29:57.0208583Z     /home/runner/.cargo/.crates.toml
linux capacity	Run Swatinem/rust-cache@v2	2026-09-11T23:29:57.0209452Z     /home/runner/.cargo/.crates2.json
linux capacity	Run Swatinem/rust-cache@v2	2026-09-11T23:29:57.0210165Z     /home/runner/.cargo/registry
linux capacity	Run Swatinem/rust-cache@v2	2026-09-11T23:29:57.0210993Z     /home/runner/.cargo/git
linux capacity	Run Swatinem/rust-cache@v2	2026-09-11T23:29:57.0228807Z     /home/runner/work/ovrcr/ovrcr/target
linux capacity	Run Swatinem/rust-cache@v2	2026-09-11T23:29:57.0229871Z Restore Key:
linux capacity	Run Swatinem/rust-cache@v2	2026-09-11T23:29:57.0230386Z     v0-rust-linux-capacity-Linux-x64-6ff13d87
linux capacity	Run Swatinem/rust-cache@v2	2026-09-11T23:29:57.0231051Z Cache Key:
linux capacity	Run Swatinem/rust-cache@v2	2026-09-11T23:29:57.0231657Z     v0-rust-linux-capacity-Linux-x64-6ff13d87-7a5a2c39
linux capacity	Run Swatinem/rust-cache@v2	2026-09-11T23:29:57.0232326Z .. Prefix:
linux capacity	Run Swatinem/rust-cache@v2	2026-09-11T23:29:57.0232788Z   - v0-rust-linux-capacity-Linux-x64
linux capacity	Run Swatinem/rust-cache@v2	2026-09-11T23:29:57.0233384Z .. Environment considered:
linux capacity	Run Swatinem/rust-cache@v2	2026-09-11T23:29:57.0233880Z   - Rust Versions:
linux capacity	Run Swatinem/rust-cache@v2	2026-09-11T23:29:57.0234549Z     - 1.98.1 x86_64-unknown-linux-gnu 48a229ceaefd4985c50990b14116b6d856af0985
linux capacity	Run Swatinem/rust-cache@v2	2026-09-11T23:29:57.0235311Z   - CARGO_HOME
linux capacity	Run Swatinem/rust-cache@v2	2026-09-11T23:29:57.0235729Z   - CARGO_INCREMENTAL
linux capacity	Run Swatinem/rust-cache@v2	2026-09-11T23:29:57.0236226Z   - CARGO_TERM_COLOR
linux capacity	Run Swatinem/rust-cache@v2	2026-09-11T23:29:57.0236746Z .. Lockfiles considered:
linux capacity	Run Swatinem/rust-cache@v2	2026-09-11T23:29:57.0237381Z   - /home/runner/work/ovrcr/ovrcr/Cargo.lock
linux capacity	Run Swatinem/rust-cache@v2	2026-09-11T23:29:57.0238026Z   - /home/runner/work/ovrcr/ovrcr/Cargo.toml
linux capacity	Run Swatinem/rust-cache@v2	2026-09-11T23:29:57.0238840Z   - /home/runner/work/ovrcr/ovrcr/crates/ovrcr-protocol/Cargo.toml
linux capacity	Run Swatinem/rust-cache@v2	2026-09-11T23:29:57.0240082Z   - /home/runner/work/ovrcr/ovrcr/crates/ovrcr-runtime/Cargo.toml
linux capacity	Run Swatinem/rust-cache@v2	2026-09-11T23:29:57.0246178Z   - /home/runner/work/ovrcr/ovrcr/crates/ovrcr-terminal/Cargo.toml
linux capacity	Run Swatinem/rust-cache@v2	2026-09-11T23:29:57.0247240Z   - /home/runner/work/ovrcr/ovrcr/crates/ovrcr-tui/Cargo.toml
linux capacity	Run Swatinem/rust-cache@v2	2026-09-11T23:29:57.0269933Z ##[endgroup]
linux capacity	Run Swatinem/rust-cache@v2	2026-09-11T23:29:57.0276670Z 
linux capacity	Run Swatinem/rust-cache@v2	2026-09-11T23:29:57.0277185Z ... Restoring cache ...
linux capacity	Run Swatinem/rust-cache@v2	2026-09-11T23:29:57.2168171Z Cache hit for: v0-rust-linux-capacity-Linux-x64-6ff13d87-7a5a2c39
linux capacity	Run Swatinem/rust-cache@v2	2026-09-11T23:29:58.4446161Z Received 25165824 of 228896062 (11.0%), 24.0 MBs/sec
linux capacity	Run Swatinem/rust-cache@v2	2026-09-11T23:29:59.4457768Z Received 146800640 of 228896062 (64.1%), 69.9 MBs/sec
linux capacity	Run Swatinem/rust-cache@v2	2026-09-11T23:29:59.9384192Z Received 228896062 of 228896062 (100.0%), 87.5 MBs/sec
linux capacity	Run Swatinem/rust-cache@v2	2026-09-11T23:29:59.9385336Z Cache Size: ~218 MB (228896062 B)
linux capacity	Run Swatinem/rust-cache@v2	2026-09-11T23:29:59.9421994Z [command]/usr/bin/tar -xf /home/runner/work/_temp/3cd20e16-4964-4a00-bb76-3742b1dd4096/cache.tzst -P -C /home/runner/work/ovrcr/ovrcr --use-compress-program unzstd
linux capacity	Run Swatinem/rust-cache@v2	2026-09-11T23:30:01.1594298Z Cache restored successfully
linux capacity	Run Swatinem/rust-cache@v2	2026-09-11T23:30:01.1682879Z Restored from cache key "v0-rust-linux-capacity-Linux-x64-6ff13d87-7a5a2c39" full match: true.
linux capacity	Install shell test dependency	﻿2026-09-11T23:30:01.1782763Z ##[group]Run sudo apt-get update && sudo apt-get install -y zsh
linux capacity	Install shell test dependency	2026-09-11T23:30:01.1783228Z ^[[36;1msudo apt-get update && sudo apt-get install -y zsh^[[0m
linux capacity	Install shell test dependency	2026-09-11T23:30:01.1805740Z shell: /usr/bin/bash -e {0}
linux capacity	Install shell test dependency	2026-09-11T23:30:01.1806012Z env:
linux capacity	Install shell test dependency	2026-09-11T23:30:01.1806217Z   CARGO_TERM_COLOR: always
linux capacity	Install shell test dependency	2026-09-11T23:30:01.1806448Z   SHELL: /bin/bash
linux capacity	Install shell test dependency	2026-09-11T23:30:01.1806663Z   CARGO_HOME: /home/runner/.cargo
linux capacity	Install shell test dependency	2026-09-11T23:30:01.1806919Z   CARGO_INCREMENTAL: 0
linux capacity	Install shell test dependency	2026-09-11T23:30:01.1807139Z   CACHE_ON_FAILURE: true
linux capacity	Install shell test dependency	2026-09-11T23:30:01.1807364Z ##[endgroup]
linux capacity	Install shell test dependency	2026-09-11T23:30:02.8820566Z Get:1 file:/etc/apt/apt-mirrors.txt Mirrorlist [144 B]
linux capacity	Install shell test dependency	2026-09-11T23:30:02.9940534Z Hit:2 http://azure.archive.ubuntu.com/ubuntu noble InRelease
linux capacity	Install shell test dependency	2026-09-11T23:30:02.9978477Z Get:6 https://dl.google.com/linux/chrome-stable/deb stable InRelease [2548 B]
linux capacity	Install shell test dependency	2026-09-11T23:30:02.9996780Z Get:7 https://packages.microsoft.com/ubuntu/24.04/prod noble InRelease [3600 B]
linux capacity	Install shell test dependency	2026-09-11T23:30:03.0001265Z Get:3 http://azure.archive.ubuntu.com/ubuntu noble-updates InRelease [126 kB]
linux capacity	Install shell test dependency	2026-09-11T23:30:03.0021869Z Get:4 http://azure.archive.ubuntu.com/ubuntu noble-backports InRelease [126 kB]
linux capacity	Install shell test dependency	2026-09-11T23:30:03.0041376Z Get:5 http://azure.archive.ubuntu.com/ubuntu noble-security InRelease [126 kB]
linux capacity	Install shell test dependency	2026-09-11T23:30:03.1724738Z Get:8 https://packages.microsoft.com/ubuntu/24.04/prod noble/main arm64 Packages [414 kB]
linux capacity	Install shell test dependency	2026-09-11T23:30:03.1910388Z Get:9 https://packages.microsoft.com/ubuntu/24.04/prod noble/main amd64 Packages [463 kB]
linux capacity	Install shell test dependency	2026-09-11T23:30:03.2021833Z Get:10 https://dl.google.com/linux/chrome-stable/deb stable/main amd64 Packages [1413 B]
linux capacity	Install shell test dependency	2026-09-11T23:30:03.2403296Z Get:11 http://azure.archive.ubuntu.com/ubuntu noble-updates/main amd64 Packages [1263 kB]
linux capacity	Install shell test dependency	2026-09-11T23:30:03.2527465Z Get:12 http://azure.archive.ubuntu.com/ubuntu noble-updates/main Translation-en [292 kB]
linux capacity	Install shell test dependency	2026-09-11T23:30:03.2561250Z Get:13 http://azure.archive.ubuntu.com/ubuntu noble-updates/main amd64 Components [180 kB]
linux capacity	Install shell test dependency	2026-09-11T23:30:03.2593797Z Get:14 http://azure.archive.ubuntu.com/ubuntu noble-updates/universe amd64 Packages [1690 kB]
linux capacity	Install shell test dependency	2026-09-11T23:30:03.2700223Z Get:15 http://azure.archive.ubuntu.com/ubuntu noble-updates/universe amd64 Components [387 kB]
linux capacity	Install shell test dependency	2026-09-11T23:30:03.2731494Z Get:16 http://azure.archive.ubuntu.com/ubuntu noble-updates/restricted amd64 Packages [1544 kB]
linux capacity	Install shell test dependency	2026-09-11T23:30:03.2862248Z Get:17 http://azure.archive.ubuntu.com/ubuntu noble-updates/restricted Translation-en [354 kB]
linux capacity	Install shell test dependency	2026-09-11T23:30:03.2870584Z Get:18 http://azure.archive.ubuntu.com/ubuntu noble-updates/multiverse amd64 Components [940 B]
linux capacity	Install shell test dependency	2026-09-11T23:30:03.3220079Z Get:19 http://azure.archive.ubuntu.com/ubuntu noble-backports/main amd64 Components [5748 B]
linux capacity	Install shell test dependency	2026-09-11T23:30:03.3239954Z Get:20 http://azure.archive.ubuntu.com/ubuntu noble-backports/universe amd64 Components [12.6 kB]
linux capacity	Install shell test dependency	2026-09-11T23:30:03.4270272Z Get:21 http://azure.archive.ubuntu.com/ubuntu noble-security/main amd64 Packages [1006 kB]
linux capacity	Install shell test dependency	2026-09-11T23:30:03.4311542Z Get:22 http://azure.archive.ubuntu.com/ubuntu noble-security/main Translation-en [213 kB]
linux capacity	Install shell test dependency	2026-09-11T23:30:03.4322155Z Get:23 http://azure.archive.ubuntu.com/ubuntu noble-security/main amd64 Components [46.5 kB]
linux capacity	Install shell test dependency	2026-09-11T23:30:03.4334212Z Get:24 http://azure.archive.ubuntu.com/ubuntu noble-security/universe amd64 Packages [1206 kB]
linux capacity	Install shell test dependency	2026-09-11T23:30:03.4414670Z Get:25 http://azure.archive.ubuntu.com/ubuntu noble-security/universe amd64 Components [76.3 kB]
linux capacity	Install shell test dependency	2026-09-11T23:30:03.4428280Z Get:26 http://azure.archive.ubuntu.com/ubuntu noble-security/restricted amd64 Packages [1445 kB]
linux capacity	Install shell test dependency	2026-09-11T23:30:03.4503879Z Get:27 http://azure.archive.ubuntu.com/ubuntu noble-security/restricted Translation-en [336 kB]
linux capacity	Install shell test dependency	2026-09-11T23:30:07.8867372Z Fetched 11.3 MB in 2s (7021 kB/s)
linux capacity	Install shell test dependency	2026-09-11T23:30:08.7550987Z Reading package lists...
linux capacity	Install shell test dependency	2026-09-11T23:30:09.5251943Z Reading package lists...
linux capacity	Install shell test dependency	2026-09-11T23:30:09.7082684Z Building dependency tree...
linux capacity	Install shell test dependency	2026-09-11T23:30:09.7090528Z Reading state information...
linux capacity	Install shell test dependency	2026-09-11T23:30:09.8573582Z The following additional packages will be installed:
linux capacity	Install shell test dependency	2026-09-11T23:30:09.8576399Z   zsh-common
linux capacity	Install shell test dependency	2026-09-11T23:30:09.8582304Z Suggested packages:
linux capacity	Install shell test dependency	2026-09-11T23:30:09.8582791Z   zsh-doc
linux capacity	Install shell test dependency	2026-09-11T23:30:09.8790521Z The following NEW packages will be installed:
linux capacity	Install shell test dependency	2026-09-11T23:30:09.8791350Z   zsh zsh-common
linux capacity	Install shell test dependency	2026-09-11T23:30:09.8954125Z 0 upgraded, 2 newly installed, 0 to remove and 50 not upgraded.
linux capacity	Install shell test dependency	2026-09-11T23:30:09.8955054Z Need to get 4985 kB of archives.
linux capacity	Install shell test dependency	2026-09-11T23:30:09.8956009Z After this operation, 19.1 MB of additional disk space will be used.
linux capacity	Install shell test dependency	2026-09-11T23:30:09.8956933Z Get:1 file:/etc/apt/apt-mirrors.txt Mirrorlist [144 B]
linux capacity	Install shell test dependency	2026-09-11T23:30:09.9565583Z Get:2 http://azure.archive.ubuntu.com/ubuntu noble/main amd64 zsh-common all 5.9-6ubuntu2 [4173 kB]
linux capacity	Install shell test dependency	2026-09-11T23:30:10.0620284Z Get:3 http://azure.archive.ubuntu.com/ubuntu noble/main amd64 zsh amd64 5.9-6ubuntu2 [812 kB]
linux capacity	Install shell test dependency	2026-09-11T23:30:10.3235256Z Fetched 4985 kB in 0s (26.7 MB/s)
linux capacity	Install shell test dependency	2026-09-11T23:30:10.3700256Z Selecting previously unselected package zsh-common.
linux capacity	Install shell test dependency	2026-09-11T23:30:10.3928124Z (Reading database ... 
linux capacity	Install shell test dependency	2026-09-11T23:30:10.3928750Z (Reading database ... 5%
linux capacity	Install shell test dependency	2026-09-11T23:30:10.3929501Z (Reading database ... 10%
linux capacity	Install shell test dependency	2026-09-11T23:30:10.3930048Z (Reading database ... 15%
linux capacity	Install shell test dependency	2026-09-11T23:30:10.3930446Z (Reading database ... 20%
linux capacity	Install shell test dependency	2026-09-11T23:30:10.3930794Z (Reading database ... 25%
linux capacity	Install shell test dependency	2026-09-11T23:30:10.3931016Z (Reading database ... 30%
linux capacity	Install shell test dependency	2026-09-11T23:30:10.3931238Z (Reading database ... 35%
linux capacity	Install shell test dependency	2026-09-11T23:30:10.3931459Z (Reading database ... 40%
linux capacity	Install shell test dependency	2026-09-11T23:30:10.3931683Z (Reading database ... 45%
linux capacity	Install shell test dependency	2026-09-11T23:30:10.3931916Z (Reading database ... 50%
linux capacity	Install shell test dependency	2026-09-11T23:30:10.4390414Z (Reading database ... 55%
linux capacity	Install shell test dependency	2026-09-11T23:30:10.7397006Z (Reading database ... 60%
linux capacity	Install shell test dependency	2026-09-11T23:30:10.9604363Z (Reading database ... 65%
linux capacity	Install shell test dependency	2026-09-11T23:30:11.1835510Z (Reading database ... 70%
linux capacity	Install shell test dependency	2026-09-11T23:30:11.4266409Z (Reading database ... 75%
linux capacity	Install shell test dependency	2026-09-11T23:30:11.8447485Z (Reading database ... 80%
linux capacity	Install shell test dependency	2026-09-11T23:30:12.2839967Z (Reading database ... 85%
linux capacity	Install shell test dependency	2026-09-11T23:30:12.8116608Z (Reading database ... 90%
linux capacity	Install shell test dependency	2026-09-11T23:30:13.2455207Z (Reading database ... 95%
linux capacity	Install shell test dependency	2026-09-11T23:30:13.2477806Z (Reading database ... 100%
linux capacity	Install shell test dependency	2026-09-11T23:30:13.2498112Z (Reading database ... 201818 files and directories currently installed.)
linux capacity	Install shell test dependency	2026-09-11T23:30:13.2506170Z Preparing to unpack .../zsh-common_5.9-6ubuntu2_all.deb ...
linux capacity	Install shell test dependency	2026-09-11T23:30:13.2590755Z Unpacking zsh-common (5.9-6ubuntu2) ...
linux capacity	Install shell test dependency	2026-09-11T23:30:13.5683070Z Selecting previously unselected package zsh.
linux capacity	Install shell test dependency	2026-09-11T23:30:13.5790559Z Preparing to unpack .../zsh_5.9-6ubuntu2_amd64.deb ...
linux capacity	Install shell test dependency	2026-09-11T23:30:13.5853665Z Unpacking zsh (5.9-6ubuntu2) ...
linux capacity	Install shell test dependency	2026-09-11T23:30:13.6354107Z Setting up zsh-common (5.9-6ubuntu2) ...
linux capacity	Install shell test dependency	2026-09-11T23:30:13.6522128Z Setting up zsh (5.9-6ubuntu2) ...
linux capacity	Install shell test dependency	2026-09-11T23:30:13.6614260Z Processing triggers for debianutils (5.17build1) ...
linux capacity	Install shell test dependency	2026-09-11T23:30:13.7894869Z Processing triggers for man-db (2.12.0-4build2) ...
linux capacity	Install shell test dependency	2026-09-11T23:30:13.7921249Z Not building database; man-db/auto-update is not 'true'.
linux capacity	Install shell test dependency	2026-09-11T23:30:14.6748710Z 
linux capacity	Install shell test dependency	2026-09-11T23:30:14.6749769Z Running kernel seems to be up-to-date.
linux capacity	Install shell test dependency	2026-09-11T23:30:14.6750288Z 
linux capacity	Install shell test dependency	2026-09-11T23:30:14.6750563Z No services need to be restarted.
linux capacity	Install shell test dependency	2026-09-11T23:30:14.6750930Z 
linux capacity	Install shell test dependency	2026-09-11T23:30:14.6751160Z No containers need to be restarted.
linux capacity	Install shell test dependency	2026-09-11T23:30:14.6751520Z 
linux capacity	Install shell test dependency	2026-09-11T23:30:14.6751795Z No user sessions are running outdated binaries.
linux capacity	Install shell test dependency	2026-09-11T23:30:14.6752218Z 
linux capacity	Install shell test dependency	2026-09-11T23:30:14.6752593Z No VM guests are running outdated hypervisor (qemu) binaries on this host.
linux capacity	Configure fixture Git identity	﻿2026-09-11T23:30:15.5535976Z ##[group]Run git config --global user.name "OVRCR CI"
linux capacity	Configure fixture Git identity	2026-09-11T23:30:15.5536690Z ^[[36;1mgit config --global user.name "OVRCR CI"^[[0m
linux capacity	Configure fixture Git identity	2026-09-11T23:30:15.5537351Z ^[[36;1mgit config --global user.email "ci@ovrcr.invalid"^[[0m
linux capacity	Configure fixture Git identity	2026-09-11T23:30:15.5570787Z shell: /usr/bin/bash -e {0}
linux capacity	Configure fixture Git identity	2026-09-11T23:30:15.5571233Z env:
linux capacity	Configure fixture Git identity	2026-09-11T23:30:15.5571812Z   CARGO_TERM_COLOR: always
linux capacity	Configure fixture Git identity	2026-09-11T23:30:15.5572222Z   SHELL: /bin/bash
linux capacity	Configure fixture Git identity	2026-09-11T23:30:15.5572590Z   CARGO_HOME: /home/runner/.cargo
linux capacity	Configure fixture Git identity	2026-09-11T23:30:15.5573016Z   CARGO_INCREMENTAL: 0
linux capacity	Configure fixture Git identity	2026-09-11T23:30:15.5573405Z   CACHE_ON_FAILURE: true
linux capacity	Configure fixture Git identity	2026-09-11T23:30:15.5573795Z ##[endgroup]
linux capacity	Record host provenance	﻿2026-09-11T23:30:15.5670155Z ##[group]Run mkdir -p target/hosted-linux-capacity/load
linux capacity	Record host provenance	2026-09-11T23:30:15.5670594Z ^[[36;1mmkdir -p target/hosted-linux-capacity/load^[[0m
linux capacity	Record host provenance	2026-09-11T23:30:15.5670957Z ^[[36;1muname -a > target/hosted-linux-capacity/uname.txt^[[0m
linux capacity	Record host provenance	2026-09-11T23:30:15.5671335Z ^[[36;1mrustc -Vv > target/hosted-linux-capacity/rustc.txt^[[0m
linux capacity	Record host provenance	2026-09-11T23:30:15.5671699Z ^[[36;1mcargo -V > target/hosted-linux-capacity/cargo.txt^[[0m
linux capacity	Record host provenance	2026-09-11T23:30:15.5672092Z ^[[36;1mcat /proc/meminfo > target/hosted-linux-capacity/meminfo.txt^[[0m
linux capacity	Record host provenance	2026-09-11T23:30:15.5672579Z ^[[36;1mcat /proc/sys/net/core/somaxconn > target/hosted-linux-capacity/somaxconn.txt^[[0m
linux capacity	Record host provenance	2026-09-11T23:30:15.5693589Z shell: /usr/bin/bash -e {0}
linux capacity	Record host provenance	2026-09-11T23:30:15.5693870Z env:
linux capacity	Record host provenance	2026-09-11T23:30:15.5694067Z   CARGO_TERM_COLOR: always
linux capacity	Record host provenance	2026-09-11T23:30:15.5694292Z   SHELL: /bin/bash
linux capacity	Record host provenance	2026-09-11T23:30:15.5694507Z   CARGO_HOME: /home/runner/.cargo
linux capacity	Record host provenance	2026-09-11T23:30:15.5694760Z   CARGO_INCREMENTAL: 0
linux capacity	Record host provenance	2026-09-11T23:30:15.5694979Z   CACHE_ON_FAILURE: true
linux capacity	Record host provenance	2026-09-11T23:30:15.5695195Z ##[endgroup]
linux capacity	Run isolated 50-session capacity acceptance	﻿2026-09-11T23:30:15.5994309Z ##[group]Run set +e
linux capacity	Run isolated 50-session capacity acceptance	2026-09-11T23:30:15.5994593Z ^[[36;1mset +e^[[0m
linux capacity	Run isolated 50-session capacity acceptance	2026-09-11T23:30:15.5995306Z ^[[36;1mcargo test --test claude_reporting_load --features acceptance-diagnostics fifty_session_reporting_capacity -- --ignored --exact --nocapture 2>&1 | tee target/hosted-linux-capacity/test.log^[[0m
linux capacity	Run isolated 50-session capacity acceptance	2026-09-11T23:30:15.5996087Z ^[[36;1mresult=${PIPESTATUS[0]}^[[0m
linux capacity	Run isolated 50-session capacity acceptance	2026-09-11T23:30:15.5996418Z ^[[36;1mecho "$result" > target/hosted-linux-capacity/test.exit^[[0m
linux capacity	Run isolated 50-session capacity acceptance	2026-09-11T23:30:15.5996743Z ^[[36;1mexit "$result"^[[0m
linux capacity	Run isolated 50-session capacity acceptance	2026-09-11T23:30:15.6017646Z shell: /usr/bin/bash -e {0}
linux capacity	Run isolated 50-session capacity acceptance	2026-09-11T23:30:15.6017913Z env:
linux capacity	Run isolated 50-session capacity acceptance	2026-09-11T23:30:15.6018104Z   CARGO_TERM_COLOR: always
linux capacity	Run isolated 50-session capacity acceptance	2026-09-11T23:30:15.6018350Z   SHELL: /bin/bash
linux capacity	Run isolated 50-session capacity acceptance	2026-09-11T23:30:15.6018560Z   CARGO_HOME: /home/runner/.cargo
linux capacity	Run isolated 50-session capacity acceptance	2026-09-11T23:30:15.6018814Z   CARGO_INCREMENTAL: 0
linux capacity	Run isolated 50-session capacity acceptance	2026-09-11T23:30:15.6019336Z   CACHE_ON_FAILURE: true
linux capacity	Run isolated 50-session capacity acceptance	2026-09-11T23:30:15.6019723Z   OVRCR_LOAD_EVIDENCE: /home/runner/work/ovrcr/ovrcr/target/hosted-linux-capacity/load
linux capacity	Run isolated 50-session capacity acceptance	2026-09-11T23:30:15.6020134Z ##[endgroup]
linux capacity	Run isolated 50-session capacity acceptance	2026-09-11T23:30:16.6031466Z ^[[1m^[[92m    Updating^[[0m crates.io index
linux capacity	Run isolated 50-session capacity acceptance	2026-09-11T23:30:17.6976529Z ^[[1m^[[92m   Compiling^[[0m ovrcr-protocol v0.1.0 (/home/runner/work/ovrcr/ovrcr/crates/ovrcr-protocol)
linux capacity	Run isolated 50-session capacity acceptance	2026-09-11T23:30:29.4427824Z ^[[1m^[[92m   Compiling^[[0m ovrcr-terminal v0.1.0 (/home/runner/work/ovrcr/ovrcr/crates/ovrcr-terminal)
linux capacity	Run isolated 50-session capacity acceptance	2026-09-11T23:30:30.8462950Z ^[[1m^[[92m   Compiling^[[0m ovrcr-runtime v0.1.0 (/home/runner/work/ovrcr/ovrcr/crates/ovrcr-runtime)
linux capacity	Run isolated 50-session capacity acceptance	2026-09-11T23:30:31.2191261Z ^[[1m^[[92m   Compiling^[[0m ovrcr-tui v0.1.0 (/home/runner/work/ovrcr/ovrcr/crates/ovrcr-tui)
linux capacity	Run isolated 50-session capacity acceptance	2026-09-11T23:30:38.0900543Z ^[[1m^[[92m   Compiling^[[0m ovrcr v0.1.0 (/home/runner/work/ovrcr/ovrcr)
linux capacity	Run isolated 50-session capacity acceptance	2026-09-11T23:30:46.8029329Z ^[[1m^[[92m    Finished^[[0m `test` profile [unoptimized + debuginfo] target(s) in 31.19s
linux capacity	Run isolated 50-session capacity acceptance	2026-09-11T23:30:46.8165307Z ^[[1m^[[92m     Running^[[0m tests/claude_reporting_load.rs (target/debug/deps/claude_reporting_load-0fc3a6db463816a8)
linux capacity	Run isolated 50-session capacity acceptance	2026-09-11T23:30:46.8188648Z 
linux capacity	Run isolated 50-session capacity acceptance	2026-09-11T23:30:46.8189583Z running 1 test
linux capacity	Run isolated 50-session capacity acceptance	2026-09-11T23:30:46.8353453Z ovrcr server starting for /tmp/.tmpeELrq5/server.sock
linux capacity	Run isolated 50-session capacity acceptance	2026-09-11T23:30:46.8354487Z ovrcr server listening on /tmp/.tmpeELrq5/server.sock
linux capacity	Run isolated 50-session capacity acceptance	2026-09-11T23:31:46.8187396Z test fifty_session_reporting_capacity has been running for over 60 seconds
linux capacity	Run isolated 50-session capacity acceptance	2026-09-11T23:32:35.9852745Z collector=44 pid=3115 reaped cancel=Ok(())
linux capacity	Run isolated 50-session capacity acceptance	2026-09-11T23:32:35.9973803Z collector=19 pid=3090 reaped cancel=Ok(())
linux capacity	Run isolated 50-session capacity acceptance	2026-09-11T23:32:35.9976769Z collector=4 pid=3075 reaped cancel=Ok(())
linux capacity	Run isolated 50-session capacity acceptance	2026-09-11T23:32:35.9978761Z collector=1 pid=3072 reaped cancel=Ok(())
linux capacity	Run isolated 50-session capacity acceptance	2026-09-11T23:32:35.9980147Z collector=2 pid=3073 reaped cancel=Ok(())
linux capacity	Run isolated 50-session capacity acceptance	2026-09-11T23:32:35.9981223Z collector=0 pid=3071 reaped cancel=Ok(())
linux capacity	Run isolated 50-session capacity acceptance	2026-09-11T23:32:35.9982055Z collector=3 pid=3074 reaped cancel=Ok(())
linux capacity	Run isolated 50-session capacity acceptance	2026-09-11T23:32:35.9982732Z collector=25 pid=3096 reaped cancel=Ok(())
linux capacity	Run isolated 50-session capacity acceptance	2026-09-11T23:32:35.9984064Z collector=10 pid=3081 reaped cancel=Ok(())
linux capacity	Run isolated 50-session capacity acceptance	2026-09-11T23:32:35.9984943Z collector=33 pid=3104 reaped cancel=Ok(())
linux capacity	Run isolated 50-session capacity acceptance	2026-09-11T23:32:35.9995410Z collector=26 pid=3097 reaped cancel=Ok(())
linux capacity	Run isolated 50-session capacity acceptance	2026-09-11T23:32:35.9999844Z collector=27 pid=3098 reaped cancel=Ok(())
linux capacity	Run isolated 50-session capacity acceptance	2026-09-11T23:32:36.0000645Z collector=12 pid=3083 reaped cancel=Ok(())
linux capacity	Run isolated 50-session capacity acceptance	2026-09-11T23:32:36.0003155Z session=0 reports=600 stale_rejected=60 max_schedule_late_us=4729
linux capacity	Run isolated 50-session capacity acceptance	2026-09-11T23:32:36.0004412Z session=1 reports=600 stale_rejected=60 max_schedule_late_us=4780
linux capacity	Run isolated 50-session capacity acceptance	2026-09-11T23:32:36.0005566Z session=2 reports=600 stale_rejected=60 max_schedule_late_us=5705
linux capacity	Run isolated 50-session capacity acceptance	2026-09-11T23:32:36.0006649Z session=3 reports=600 stale_rejected=60 max_schedule_late_us=4939
linux capacity	Run isolated 50-session capacity acceptance	2026-09-11T23:32:36.0007740Z session=4 reports=600 stale_rejected=60 max_schedule_late_us=4908
linux capacity	Run isolated 50-session capacity acceptance	2026-09-11T23:32:36.0008685Z collector=39 pid=3110 reaped cancel=Ok(())
linux capacity	Run isolated 50-session capacity acceptance	2026-09-11T23:32:36.0009462Z collector=40 pid=3111 reaped cancel=Ok(())
linux capacity	Run isolated 50-session capacity acceptance	2026-09-11T23:32:36.0010031Z collector=8 pid=3079 reaped cancel=Ok(())
linux capacity	Run isolated 50-session capacity acceptance	2026-09-11T23:32:36.0010692Z collector=31 pid=3102 reaped cancel=Ok(())
linux capacity	Run isolated 50-session capacity acceptance	2026-09-11T23:32:36.0011351Z collector=35 pid=3106 reaped cancel=Ok(())
linux capacity	Run isolated 50-session capacity acceptance	2026-09-11T23:32:36.0012380Z collector=7 pid=3078 reaped cancel=Ok(())
linux capacity	Run isolated 50-session capacity acceptance	2026-09-11T23:32:36.0013045Z collector=42 pid=3113 reaped cancel=Ok(())
linux capacity	Run isolated 50-session capacity acceptance	2026-09-11T23:32:36.0013718Z collector=46 pid=3117 reaped cancel=Ok(())
linux capacity	Run isolated 50-session capacity acceptance	2026-09-11T23:32:36.0014386Z collector=41 pid=3112 reaped cancel=Ok(())
linux capacity	Run isolated 50-session capacity acceptance	2026-09-11T23:32:36.0015047Z collector=15 pid=3086 reaped cancel=Ok(())
linux capacity	Run isolated 50-session capacity acceptance	2026-09-11T23:32:36.0015624Z collector=48 pid=3119 reaped cancel=Ok(())
linux capacity	Run isolated 50-session capacity acceptance	2026-09-11T23:32:36.0016166Z collector=5 pid=3076 reaped cancel=Ok(())
linux capacity	Run isolated 50-session capacity acceptance	2026-09-11T23:32:36.0016680Z collector=17 pid=3088 reaped cancel=Ok(())
linux capacity	Run isolated 50-session capacity acceptance	2026-09-11T23:32:36.0017207Z collector=14 pid=3085 reaped cancel=Ok(())
linux capacity	Run isolated 50-session capacity acceptance	2026-09-11T23:32:36.0017938Z session=5 reports=600 stale_rejected=60 max_schedule_late_us=5577
linux capacity	Run isolated 50-session capacity acceptance	2026-09-11T23:32:36.0018744Z collector=36 pid=3107 reaped cancel=Ok(())
linux capacity	Run isolated 50-session capacity acceptance	2026-09-11T23:32:36.0019659Z collector=49 pid=3120 reaped cancel=Ok(())
linux capacity	Run isolated 50-session capacity acceptance	2026-09-11T23:32:36.0020406Z collector=28 pid=3099 reaped cancel=Ok(())
linux capacity	Run isolated 50-session capacity acceptance	2026-09-11T23:32:36.0021107Z collector=21 pid=3092 reaped cancel=Ok(())
linux capacity	Run isolated 50-session capacity acceptance	2026-09-11T23:32:36.0021790Z collector=37 pid=3108 reaped cancel=Ok(())
linux capacity	Run isolated 50-session capacity acceptance	2026-09-11T23:32:36.0022484Z collector=16 pid=3087 reaped cancel=Ok(())
linux capacity	Run isolated 50-session capacity acceptance	2026-09-11T23:32:36.0023191Z collector=30 pid=3101 reaped cancel=Ok(())
linux capacity	Run isolated 50-session capacity acceptance	2026-09-11T23:32:36.0023884Z collector=47 pid=3118 reaped cancel=Ok(())
linux capacity	Run isolated 50-session capacity acceptance	2026-09-11T23:32:36.0024575Z collector=11 pid=3082 reaped cancel=Ok(())
linux capacity	Run isolated 50-session capacity acceptance	2026-09-11T23:32:36.0025267Z collector=6 pid=3077 reaped cancel=Ok(())
linux capacity	Run isolated 50-session capacity acceptance	2026-09-11T23:32:36.0025962Z collector=45 pid=3116 reaped cancel=Ok(())
linux capacity	Run isolated 50-session capacity acceptance	2026-09-11T23:32:36.0026772Z session=6 reports=600 stale_rejected=60 max_schedule_late_us=5434
linux capacity	Run isolated 50-session capacity acceptance	2026-09-11T23:32:36.0027729Z session=7 reports=600 stale_rejected=60 max_schedule_late_us=5458
linux capacity	Run isolated 50-session capacity acceptance	2026-09-11T23:32:36.0028701Z session=8 reports=600 stale_rejected=60 max_schedule_late_us=4794
linux capacity	Run isolated 50-session capacity acceptance	2026-09-11T23:32:36.0030138Z collector=22 pid=3093 reaped cancel=Ok(())
linux capacity	Run isolated 50-session capacity acceptance	2026-09-11T23:32:36.0030837Z collector=32 pid=3103 reaped cancel=Ok(())
linux capacity	Run isolated 50-session capacity acceptance	2026-09-11T23:32:36.0031536Z collector=34 pid=3105 reaped cancel=Ok(())
linux capacity	Run isolated 50-session capacity acceptance	2026-09-11T23:32:36.0032248Z collector=23 pid=3094 reaped cancel=Ok(())
linux capacity	Run isolated 50-session capacity acceptance	2026-09-11T23:32:36.0032944Z collector=38 pid=3109 reaped cancel=Ok(())
linux capacity	Run isolated 50-session capacity acceptance	2026-09-11T23:32:36.0033638Z collector=9 pid=3080 reaped cancel=Ok(())
linux capacity	Run isolated 50-session capacity acceptance	2026-09-11T23:32:36.0034326Z collector=13 pid=3084 reaped cancel=Ok(())
linux capacity	Run isolated 50-session capacity acceptance	2026-09-11T23:32:36.0035144Z session=9 reports=600 stale_rejected=60 max_schedule_late_us=5102
linux capacity	Run isolated 50-session capacity acceptance	2026-09-11T23:32:36.0036101Z session=10 reports=600 stale_rejected=60 max_schedule_late_us=4764
linux capacity	Run isolated 50-session capacity acceptance	2026-09-11T23:32:36.0036943Z collector=18 pid=3089 reaped cancel=Ok(())
linux capacity	Run isolated 50-session capacity acceptance	2026-09-11T23:32:36.0037645Z collector=20 pid=3091 reaped cancel=Ok(())
linux capacity	Run isolated 50-session capacity acceptance	2026-09-11T23:32:36.0038301Z collector=24 pid=3095 reaped cancel=Ok(())
linux capacity	Run isolated 50-session capacity acceptance	2026-09-11T23:32:36.0040670Z session=11 reports=600 stale_rejected=60 max_schedule_late_us=5740
linux capacity	Run isolated 50-session capacity acceptance	2026-09-11T23:32:36.0048732Z session=12 reports=600 stale_rejected=60 max_schedule_late_us=5471
linux capacity	Run isolated 50-session capacity acceptance	2026-09-11T23:32:36.0052184Z session=13 reports=600 stale_rejected=60 max_schedule_late_us=5274
linux capacity	Run isolated 50-session capacity acceptance	2026-09-11T23:32:36.0057096Z session=14 reports=600 stale_rejected=60 max_schedule_late_us=5686
linux capacity	Run isolated 50-session capacity acceptance	2026-09-11T23:32:36.0062037Z session=15 reports=600 stale_rejected=60 max_schedule_late_us=5275
linux capacity	Run isolated 50-session capacity acceptance	2026-09-11T23:32:36.0063887Z session=16 reports=600 stale_rejected=60 max_schedule_late_us=6709
linux capacity	Run isolated 50-session capacity acceptance	2026-09-11T23:32:36.0064842Z collector=29 pid=3100 reaped cancel=Ok(())
linux capacity	Run isolated 50-session capacity acceptance	2026-09-11T23:32:36.0065924Z session=17 reports=600 stale_rejected=60 max_schedule_late_us=6471
linux capacity	Run isolated 50-session capacity acceptance	2026-09-11T23:32:36.0066843Z session=18 reports=600 stale_rejected=60 max_schedule_late_us=5421
linux capacity	Run isolated 50-session capacity acceptance	2026-09-11T23:32:36.0067799Z session=19 reports=600 stale_rejected=60 max_schedule_late_us=5470
linux capacity	Run isolated 50-session capacity acceptance	2026-09-11T23:32:36.0068636Z session=20 reports=600 stale_rejected=60 max_schedule_late_us=5462
linux capacity	Run isolated 50-session capacity acceptance	2026-09-11T23:32:36.0110159Z session=21 reports=600 stale_rejected=60 max_schedule_late_us=5054
linux capacity	Run isolated 50-session capacity acceptance	2026-09-11T23:32:36.0160084Z session=22 reports=600 stale_rejected=60 max_schedule_late_us=5644
linux capacity	Run isolated 50-session capacity acceptance	2026-09-11T23:32:36.0200128Z session=23 reports=600 stale_rejected=60 max_schedule_late_us=5922
linux capacity	Run isolated 50-session capacity acceptance	2026-09-11T23:32:36.0280076Z session=24 reports=600 stale_rejected=60 max_schedule_late_us=4799
linux capacity	Run isolated 50-session capacity acceptance	2026-09-11T23:32:36.0330253Z session=25 reports=600 stale_rejected=60 max_schedule_late_us=5207
linux capacity	Run isolated 50-session capacity acceptance	2026-09-11T23:32:36.0414095Z collector=43 pid=3114 reaped cancel=Ok(())
linux capacity	Run isolated 50-session capacity acceptance	2026-09-11T23:32:36.0490541Z session=26 reports=600 stale_rejected=60 max_schedule_late_us=5147
linux capacity	Run isolated 50-session capacity acceptance	2026-09-11T23:32:36.0559947Z session=27 reports=600 stale_rejected=60 max_schedule_late_us=5125
linux capacity	Run isolated 50-session capacity acceptance	2026-09-11T23:32:36.0621731Z session=28 reports=600 stale_rejected=60 max_schedule_late_us=6492
linux capacity	Run isolated 50-session capacity acceptance	2026-09-11T23:32:36.0720751Z session=29 reports=600 stale_rejected=60 max_schedule_late_us=5428
linux capacity	Run isolated 50-session capacity acceptance	2026-09-11T23:32:36.0851548Z session=30 reports=600 stale_rejected=60 max_schedule_late_us=5636
linux capacity	Run isolated 50-session capacity acceptance	2026-09-11T23:32:36.0970061Z session=31 reports=600 stale_rejected=60 max_schedule_late_us=5017
linux capacity	Run isolated 50-session capacity acceptance	2026-09-11T23:32:36.1110178Z session=32 reports=600 stale_rejected=60 max_schedule_late_us=5002
linux capacity	Run isolated 50-session capacity acceptance	2026-09-11T23:32:36.1273760Z session=33 reports=600 stale_rejected=60 max_schedule_late_us=5911
linux capacity	Run isolated 50-session capacity acceptance	2026-09-11T23:32:36.1386640Z session=34 reports=600 stale_rejected=60 max_schedule_late_us=5037
linux capacity	Run isolated 50-session capacity acceptance	2026-09-11T23:32:36.1510329Z session=35 reports=600 stale_rejected=60 max_schedule_late_us=5924
linux capacity	Run isolated 50-session capacity acceptance	2026-09-11T23:32:36.1600341Z session=36 reports=600 stale_rejected=60 max_schedule_late_us=6225
linux capacity	Run isolated 50-session capacity acceptance	2026-09-11T23:32:36.1674168Z session=37 reports=600 stale_rejected=60 max_schedule_late_us=5600
linux capacity	Run isolated 50-session capacity acceptance	2026-09-11T23:32:36.1790240Z session=38 reports=600 stale_rejected=60 max_schedule_late_us=5111
linux capacity	Run isolated 50-session capacity acceptance	2026-09-11T23:32:36.1937100Z session=39 reports=600 stale_rejected=60 max_schedule_late_us=5447
linux capacity	Run isolated 50-session capacity acceptance	2026-09-11T23:32:36.2072301Z session=40 reports=600 stale_rejected=60 max_schedule_late_us=4755
linux capacity	Run isolated 50-session capacity acceptance	2026-09-11T23:32:36.2190386Z session=41 reports=600 stale_rejected=60 max_schedule_late_us=5435
linux capacity	Run isolated 50-session capacity acceptance	2026-09-11T23:32:36.2240539Z session=42 reports=600 stale_rejected=60 max_schedule_late_us=5478
linux capacity	Run isolated 50-session capacity acceptance	2026-09-11T23:32:36.2280225Z session=43 reports=600 stale_rejected=60 max_schedule_late_us=5677
linux capacity	Run isolated 50-session capacity acceptance	2026-09-11T23:32:36.2316765Z session=44 reports=600 stale_rejected=60 max_schedule_late_us=4937
linux capacity	Run isolated 50-session capacity acceptance	2026-09-11T23:32:36.2330869Z session=45 reports=600 stale_rejected=60 max_schedule_late_us=4994
linux capacity	Run isolated 50-session capacity acceptance	2026-09-11T23:32:36.2331820Z session=46 reports=600 stale_rejected=60 max_schedule_late_us=5047
linux capacity	Run isolated 50-session capacity acceptance	2026-09-11T23:32:36.2336871Z session=47 reports=600 stale_rejected=60 max_schedule_late_us=4270
linux capacity	Run isolated 50-session capacity acceptance	2026-09-11T23:32:36.2337927Z session=48 reports=600 stale_rejected=60 max_schedule_late_us=4950
linux capacity	Run isolated 50-session capacity acceptance	2026-09-11T23:32:36.2347232Z session=49 reports=600 stale_rejected=60 max_schedule_late_us=4986
linux capacity	Run isolated 50-session capacity acceptance	2026-09-11T23:32:36.2349043Z reports=30000 seconds=60 collectors=50 failed_collectors=5 controls=2698 p99_us=7365 max_us=12789 baseline_kib=120912 peak_kib=1580224 growth_kib=1459312
linux capacity	Run isolated 50-session capacity acceptance	2026-09-11T23:32:36.2350930Z dashboard_frames=30228 dashboard_output_frames=73
linux capacity	Run isolated 50-session capacity acceptance	2026-09-11T23:32:36.3432781Z ovrcr server stopped
linux capacity	Run isolated 50-session capacity acceptance	2026-09-11T23:32:36.3473611Z all 50 owned PTY PIDs absent after server shutdown
linux capacity	Run isolated 50-session capacity acceptance	2026-09-11T23:32:36.3474520Z test fifty_session_reporting_capacity ... ok
linux capacity	Run isolated 50-session capacity acceptance	2026-09-11T23:32:36.3475067Z 
linux capacity	Run isolated 50-session capacity acceptance	2026-09-11T23:32:36.3475675Z test result: ok. 1 passed; 0 failed; 0 ignored; 0 measured; 1 filtered out; finished in 109.53s
linux capacity	Run isolated 50-session capacity acceptance	2026-09-11T23:32:36.3476447Z 
linux capacity	Upload capacity evidence	﻿2026-09-11T23:32:36.3894311Z Node 20 is being deprecated. This workflow is running with Node 24 by default. If you need to temporarily use Node 20, you can set the ACTIONS_ALLOW_USE_UNSECURE_NODE_VERSION=true environment variable. For more information see: https://github.blog/changelog/2025-09-19-deprecation-of-node-20-on-github-actions-runners/
linux capacity	Upload capacity evidence	2026-09-11T23:32:36.3895529Z ##[group]Run actions/upload-artifact@v4
linux capacity	Upload capacity evidence	2026-09-11T23:32:36.3895791Z with:
linux capacity	Upload capacity evidence	2026-09-11T23:32:36.3896013Z   name: linux-capacity-34658269165-1
linux capacity	Upload capacity evidence	2026-09-11T23:32:36.3896286Z   path: target/hosted-linux-capacity/
linux capacity	Upload capacity evidence	2026-09-11T23:32:36.3896568Z   if-no-files-found: error
linux capacity	Upload capacity evidence	2026-09-11T23:32:36.3896797Z   retention-days: 14
linux capacity	Upload capacity evidence	2026-09-11T23:32:36.3897014Z   compression-level: 6
linux capacity	Upload capacity evidence	2026-09-11T23:32:36.3897228Z   overwrite: false
linux capacity	Upload capacity evidence	2026-09-11T23:32:36.3897444Z   include-hidden-files: false
linux capacity	Upload capacity evidence	2026-09-11T23:32:36.3897672Z env:
linux capacity	Upload capacity evidence	2026-09-11T23:32:36.3897867Z   CARGO_TERM_COLOR: always
linux capacity	Upload capacity evidence	2026-09-11T23:32:36.3898090Z   SHELL: /bin/bash
linux capacity	Upload capacity evidence	2026-09-11T23:32:36.3898302Z   CARGO_HOME: /home/runner/.cargo
linux capacity	Upload capacity evidence	2026-09-11T23:32:36.3898601Z   CARGO_INCREMENTAL: 0
linux capacity	Upload capacity evidence	2026-09-11T23:32:36.3898814Z   CACHE_ON_FAILURE: true
linux capacity	Upload capacity evidence	2026-09-11T23:32:36.3899422Z ##[endgroup]
linux capacity	Upload capacity evidence	2026-09-11T23:32:36.5650952Z (node:39432) [DEP0040] DeprecationWarning: The `punycode` module is deprecated. Please use a userland alternative instead.
linux capacity	Upload capacity evidence	2026-09-11T23:32:36.5652382Z (Use `node --trace-deprecation ...` to show where the warning was created)
linux capacity	Upload capacity evidence	2026-09-11T23:32:36.5802138Z With the provided path, there will be 14 files uploaded
linux capacity	Upload capacity evidence	2026-09-11T23:32:36.5805717Z Artifact name is valid!
linux capacity	Upload capacity evidence	2026-09-11T23:32:36.5806571Z Root directory input is valid!
linux capacity	Upload capacity evidence	2026-09-11T23:32:36.9366528Z Beginning upload of artifact content to blob storage
linux capacity	Upload capacity evidence	2026-09-11T23:32:36.9811673Z (node:39432) [DEP0169] DeprecationWarning: `url.parse()` behavior is not standardized and prone to errors that have security implications. Use the WHATWG URL API instead. CVEs are not issued for `url.parse()` vulnerabilities.
linux capacity	Upload capacity evidence	2026-09-11T23:32:37.2800039Z Uploaded bytes 17237
linux capacity	Upload capacity evidence	2026-09-11T23:32:37.3499259Z Finished uploading artifact content to blob storage!
linux capacity	Upload capacity evidence	2026-09-11T23:32:37.3501027Z SHA256 digest of uploaded artifact zip is bc4c1cef74ab710bd5b10e9c92b2d1f203264db5724e7f9413cf16a594fa0696
linux capacity	Upload capacity evidence	2026-09-11T23:32:37.3502407Z Finalizing artifact upload
linux capacity	Upload capacity evidence	2026-09-11T23:32:37.5744096Z Artifact linux-capacity-34658269165-1.zip successfully finalized. Artifact ID 10286603573
linux capacity	Upload capacity evidence	2026-09-11T23:32:37.5745946Z Artifact linux-capacity-34658269165-1 has been successfully uploaded! Final size is 17237 bytes. Artifact ID is 10286603573
linux capacity	Upload capacity evidence	2026-09-11T23:32:37.5755960Z Artifact download URL: https://github.com/xlyk/ovrcr/actions/runs/34658269165/artifacts/10286603573
linux capacity	Post Run Swatinem/rust-cache@v2	﻿2026-09-11T23:32:37.5910980Z Post job cleanup.
linux capacity	Post Run Swatinem/rust-cache@v2	2026-09-11T23:32:37.7184901Z Cache up-to-date.
linux capacity	Post Run actions/checkout@v4	﻿2026-09-11T23:32:37.7400441Z Node 20 is being deprecated. This workflow is running with Node 24 by default. If you need to temporarily use Node 20, you can set the ACTIONS_ALLOW_USE_UNSECURE_NODE_VERSION=true environment variable. For more information see: https://github.blog/changelog/2025-09-19-deprecation-of-node-20-on-github-actions-runners/
linux capacity	Post Run actions/checkout@v4	2026-09-11T23:32:37.7402958Z Post job cleanup.
linux capacity	Post Run actions/checkout@v4	2026-09-11T23:32:37.8669306Z [command]/usr/bin/git version
linux capacity	Post Run actions/checkout@v4	2026-09-11T23:32:37.8738172Z git version 2.55.0
linux capacity	Post Run actions/checkout@v4	2026-09-11T23:32:37.8795528Z Copying '/home/runner/.gitconfig' to '/home/runner/work/_temp/18336fa0-0927-465a-ac6a-3e5c3585d4ec/.gitconfig'
linux capacity	Post Run actions/checkout@v4	2026-09-11T23:32:37.8812687Z Temporarily overriding HOME='/home/runner/work/_temp/18336fa0-0927-465a-ac6a-3e5c3585d4ec' before making global git config changes
linux capacity	Post Run actions/checkout@v4	2026-09-11T23:32:37.8818716Z Adding repository directory to the temporary git global config as a safe directory
linux capacity	Post Run actions/checkout@v4	2026-09-11T23:32:37.8820843Z [command]/usr/bin/git config --global --add safe.directory /home/runner/work/ovrcr/ovrcr
linux capacity	Post Run actions/checkout@v4	2026-09-11T23:32:37.8915840Z [command]/usr/bin/git config --local --name-only --get-regexp core\.sshCommand
linux capacity	Post Run actions/checkout@v4	2026-09-11T23:32:37.8969588Z [command]/usr/bin/git submodule foreach --recursive sh -c "git config --local --name-only --get-regexp 'core\.sshCommand' && git config --local --unset-all 'core.sshCommand' || :"
linux capacity	Post Run actions/checkout@v4	2026-09-11T23:32:37.9289074Z [command]/usr/bin/git config --local --name-only --get-regexp http\.https\:\/\/github\.com\/\.extraheader
linux capacity	Post Run actions/checkout@v4	2026-09-11T23:32:37.9324766Z http.https://github.com/.extraheader
linux capacity	Post Run actions/checkout@v4	2026-09-11T23:32:37.9375713Z [command]/usr/bin/git config --local --unset-all http.https://github.com/.extraheader
linux capacity	Post Run actions/checkout@v4	2026-09-11T23:32:37.9419552Z [command]/usr/bin/git submodule foreach --recursive sh -c "git config --local --name-only --get-regexp 'http\.https\:\/\/github\.com\/\.extraheader' && git config --local --unset-all 'http.https://github.com/.extraheader' || :"
linux capacity	Post Run actions/checkout@v4	2026-09-11T23:32:37.9791081Z [command]/usr/bin/git config --local --name-only --get-regexp ^includeIf\.gitdir:
linux capacity	Post Run actions/checkout@v4	2026-09-11T23:32:37.9844800Z [command]/usr/bin/git submodule foreach --recursive git config --local --show-origin --name-only --get-regexp remote.origin.url
linux capacity	Complete job	﻿2026-09-11T23:32:38.0373346Z Cleaning up orphan processes
linux capacity	Complete job	2026-09-11T23:32:38.0599459Z ##[warning]Node.js 20 is deprecated. The following actions target Node.js 20 but are being forced to run on Node.js 24: actions/checkout@v4, actions/upload-artifact@v4. For more information see: https://github.blog/changelog/2025-09-19-deprecation-of-node-20-on-github-actions-runners/
linux memory high-water	Set up job	﻿2026-09-11T23:29:49.4259548Z Current runner version: '2.337.0'
linux memory high-water	Set up job	2026-09-11T23:29:49.4297232Z ##[group]Runner Image Provisioner
linux memory high-water	Set up job	2026-09-11T23:29:49.4298772Z Hosted Compute Agent
linux memory high-water	Set up job	2026-09-11T23:29:49.4299848Z Version: 20260828.587
linux memory high-water	Set up job	2026-09-11T23:29:49.4301001Z Commit: abac92662cab4cc7352de4f9f9d2e2419aad9c29
linux memory high-water	Set up job	2026-09-11T23:29:49.4302754Z Build Date: 2026-08-28T16:44:25Z
linux memory high-water	Set up job	2026-09-11T23:29:49.4304080Z Worker ID: {152bcabd-b517-4bb1-89ae-2be36867f8a6}
linux memory high-water	Set up job	2026-09-11T23:29:49.4305413Z Azure Region: eastus
linux memory high-water	Set up job	2026-09-11T23:29:49.4306463Z ##[endgroup]
linux memory high-water	Set up job	2026-09-11T23:29:49.4309072Z ##[group]Operating System
linux memory high-water	Set up job	2026-09-11T23:29:49.4310177Z Ubuntu
linux memory high-water	Set up job	2026-09-11T23:29:49.4311013Z 24.04.5
linux memory high-water	Set up job	2026-09-11T23:29:49.4312295Z LTS
linux memory high-water	Set up job	2026-09-11T23:29:49.4313304Z ##[endgroup]
linux memory high-water	Set up job	2026-09-11T23:29:49.4314317Z ##[group]Runner Image
linux memory high-water	Set up job	2026-09-11T23:29:49.4315469Z Image: ubuntu-24.04
linux memory high-water	Set up job	2026-09-11T23:29:49.4316562Z Version: 20260907.300.1
linux memory high-water	Set up job	2026-09-11T23:29:49.4318456Z Included Software: https://github.com/actions/runner-images/blob/ubuntu24/20260907.300/images/ubuntu/Ubuntu2404-Readme.md
linux memory high-water	Set up job	2026-09-11T23:29:49.4321603Z Image Release: https://github.com/actions/runner-images/releases/tag/ubuntu24%2F20260907.300
linux memory high-water	Set up job	2026-09-11T23:29:49.4323817Z ##[endgroup]
linux memory high-water	Set up job	2026-09-11T23:29:49.4325978Z ##[group]GITHUB_TOKEN Permissions
linux memory high-water	Set up job	2026-09-11T23:29:49.4328765Z Contents: read
linux memory high-water	Set up job	2026-09-11T23:29:49.4329838Z Metadata: read
linux memory high-water	Set up job	2026-09-11T23:29:49.4330813Z Packages: read
linux memory high-water	Set up job	2026-09-11T23:29:49.4332054Z ##[endgroup]
linux memory high-water	Set up job	2026-09-11T23:29:49.4335482Z Secret source: Actions
linux memory high-water	Set up job	2026-09-11T23:29:49.4337313Z Cache mode: write
linux memory high-water	Set up job	2026-09-11T23:29:49.4338642Z Prepare workflow directory
linux memory high-water	Set up job	2026-09-11T23:29:49.4908339Z Prepare all required actions
linux memory high-water	Set up job	2026-09-11T23:29:49.4980961Z Getting action download info
linux memory high-water	Set up job	2026-09-11T23:29:49.7164129Z Download action repository 'actions/checkout@v4' (SHA:11d5960a326750d5838078e36cf38b85af677262)
linux memory high-water	Set up job	2026-09-11T23:29:49.8431480Z Download action repository 'dtolnay/rust-toolchain@stable' (SHA:6bed0761d98439e5a578e2877258200ad565ba87)
linux memory high-water	Set up job	2026-09-11T23:29:49.9396909Z Download action repository 'Swatinem/rust-cache@v2' (SHA:6323deb102c322ba6fcbdcafc7e3dddab59af2b6)
linux memory high-water	Set up job	2026-09-11T23:29:50.1305461Z Download action repository 'actions/upload-artifact@v4' (SHA:ea165f8d65b6e75b540449e92b4886f43607fa02)
linux memory high-water	Set up job	2026-09-11T23:29:50.3831382Z Complete job name: linux memory high-water
linux memory high-water	Run actions/checkout@v4	﻿2026-09-11T23:29:50.4626865Z Node 20 is being deprecated. This workflow is running with Node 24 by default. If you need to temporarily use Node 20, you can set the ACTIONS_ALLOW_USE_UNSECURE_NODE_VERSION=true environment variable. For more information see: https://github.blog/changelog/2025-09-19-deprecation-of-node-20-on-github-actions-runners/
linux memory high-water	Run actions/checkout@v4	2026-09-11T23:29:50.4635862Z ##[group]Run actions/checkout@v4
linux memory high-water	Run actions/checkout@v4	2026-09-11T23:29:50.4636657Z with:
linux memory high-water	Run actions/checkout@v4	2026-09-11T23:29:50.4637137Z   repository: xlyk/ovrcr
linux memory high-water	Run actions/checkout@v4	2026-09-11T23:29:50.4640878Z   token: ***
linux memory high-water	Run actions/checkout@v4	2026-09-11T23:29:50.4641332Z   ssh-strict: true
linux memory high-water	Run actions/checkout@v4	2026-09-11T23:29:50.4641998Z   ssh-user: git
linux memory high-water	Run actions/checkout@v4	2026-09-11T23:29:50.4642493Z   persist-credentials: true
linux memory high-water	Run actions/checkout@v4	2026-09-11T23:29:50.4643020Z   clean: true
linux memory high-water	Run actions/checkout@v4	2026-09-11T23:29:50.4643495Z   sparse-checkout-cone-mode: true
linux memory high-water	Run actions/checkout@v4	2026-09-11T23:29:50.4644086Z   fetch-depth: 1
linux memory high-water	Run actions/checkout@v4	2026-09-11T23:29:50.4644542Z   fetch-tags: false
linux memory high-water	Run actions/checkout@v4	2026-09-11T23:29:50.4645005Z   show-progress: true
linux memory high-water	Run actions/checkout@v4	2026-09-11T23:29:50.4645477Z   lfs: false
linux memory high-water	Run actions/checkout@v4	2026-09-11T23:29:50.4645908Z   submodules: false
linux memory high-water	Run actions/checkout@v4	2026-09-11T23:29:50.4646416Z   set-safe-directory: true
linux memory high-water	Run actions/checkout@v4	2026-09-11T23:29:50.4646937Z   allow-unsafe-pr-checkout: false
linux memory high-water	Run actions/checkout@v4	2026-09-11T23:29:50.4647748Z env:
linux memory high-water	Run actions/checkout@v4	2026-09-11T23:29:50.4648204Z   CARGO_TERM_COLOR: always
linux memory high-water	Run actions/checkout@v4	2026-09-11T23:29:50.4648712Z   SHELL: /bin/bash
linux memory high-water	Run actions/checkout@v4	2026-09-11T23:29:50.4649179Z   CARGO_INCREMENTAL: 0
linux memory high-water	Run actions/checkout@v4	2026-09-11T23:29:50.4649658Z ##[endgroup]
linux memory high-water	Run actions/checkout@v4	2026-09-11T23:29:50.5861720Z Syncing repository: xlyk/ovrcr
linux memory high-water	Run actions/checkout@v4	2026-09-11T23:29:50.5973795Z ##[group]Getting Git version info
linux memory high-water	Run actions/checkout@v4	2026-09-11T23:29:50.5975120Z Working directory is '/home/runner/work/ovrcr/ovrcr'
linux memory high-water	Run actions/checkout@v4	2026-09-11T23:29:50.6057295Z [command]/usr/bin/git version
linux memory high-water	Run actions/checkout@v4	2026-09-11T23:29:50.6059416Z git version 2.55.0
linux memory high-water	Run actions/checkout@v4	2026-09-11T23:29:50.6100954Z ##[endgroup]
linux memory high-water	Run actions/checkout@v4	2026-09-11T23:29:50.6137585Z Temporarily overriding HOME='/home/runner/work/_temp/7e0ac3e2-4c94-4a93-a0f4-958cc0986093' before making global git config changes
linux memory high-water	Run actions/checkout@v4	2026-09-11T23:29:50.6141023Z Adding repository directory to the temporary git global config as a safe directory
linux memory high-water	Run actions/checkout@v4	2026-09-11T23:29:50.6149210Z [command]/usr/bin/git config --global --add safe.directory /home/runner/work/ovrcr/ovrcr
linux memory high-water	Run actions/checkout@v4	2026-09-11T23:29:50.6157019Z Deleting the contents of '/home/runner/work/ovrcr/ovrcr'
linux memory high-water	Run actions/checkout@v4	2026-09-11T23:29:50.6158926Z ##[group]Initializing the repository
linux memory high-water	Run actions/checkout@v4	2026-09-11T23:29:50.6159991Z [command]/usr/bin/git init /home/runner/work/ovrcr/ovrcr
linux memory high-water	Run actions/checkout@v4	2026-09-11T23:29:50.6318897Z hint: Using 'master' as the name for the initial branch. This default branch name
linux memory high-water	Run actions/checkout@v4	2026-09-11T23:29:50.6321389Z hint: will change to "main" in Git 3.0. To configure the initial branch name
linux memory high-water	Run actions/checkout@v4	2026-09-11T23:29:50.6324095Z hint: to use in all of your new repositories, which will suppress this warning,
linux memory high-water	Run actions/checkout@v4	2026-09-11T23:29:50.6326049Z hint: call:
linux memory high-water	Run actions/checkout@v4	2026-09-11T23:29:50.6327491Z hint:
linux memory high-water	Run actions/checkout@v4	2026-09-11T23:29:50.6330688Z hint: 	git config --global init.defaultBranch <name>
linux memory high-water	Run actions/checkout@v4	2026-09-11T23:29:50.6332366Z hint:
linux memory high-water	Run actions/checkout@v4	2026-09-11T23:29:50.6333764Z hint: Names commonly chosen instead of 'master' are 'main', 'trunk' and
linux memory high-water	Run actions/checkout@v4	2026-09-11T23:29:50.6335347Z hint: 'development'. The just-created branch can be renamed via this command:
linux memory high-water	Run actions/checkout@v4	2026-09-11T23:29:50.6336657Z hint:
linux memory high-water	Run actions/checkout@v4	2026-09-11T23:29:50.6337440Z hint: 	git branch -m <name>
linux memory high-water	Run actions/checkout@v4	2026-09-11T23:29:50.6338282Z hint:
linux memory high-water	Run actions/checkout@v4	2026-09-11T23:29:50.6339316Z hint: Disable this message with "git config set advice.defaultBranchName false"
linux memory high-water	Run actions/checkout@v4	2026-09-11T23:29:50.6340934Z Initialized empty Git repository in /home/runner/work/ovrcr/ovrcr/.git/
linux memory high-water	Run actions/checkout@v4	2026-09-11T23:29:50.6343990Z [command]/usr/bin/git remote add origin https://github.com/xlyk/ovrcr
linux memory high-water	Run actions/checkout@v4	2026-09-11T23:29:50.6440827Z ##[endgroup]
linux memory high-water	Run actions/checkout@v4	2026-09-11T23:29:50.6453385Z ##[group]Disabling automatic garbage collection
linux memory high-water	Run actions/checkout@v4	2026-09-11T23:29:50.6454757Z [command]/usr/bin/git config --local gc.auto 0
linux memory high-water	Run actions/checkout@v4	2026-09-11T23:29:50.6515306Z ##[endgroup]
linux memory high-water	Run actions/checkout@v4	2026-09-11T23:29:50.6517303Z ##[group]Setting up auth
linux memory high-water	Run actions/checkout@v4	2026-09-11T23:29:50.6614403Z [command]/usr/bin/git config --local --name-only --get-regexp core\.sshCommand
linux memory high-water	Run actions/checkout@v4	2026-09-11T23:29:50.6634678Z [command]/usr/bin/git submodule foreach --recursive sh -c "git config --local --name-only --get-regexp 'core\.sshCommand' && git config --local --unset-all 'core.sshCommand' || :"
linux memory high-water	Run actions/checkout@v4	2026-09-11T23:29:50.7205887Z [command]/usr/bin/git config --local --name-only --get-regexp http\.https\:\/\/github\.com\/\.extraheader
linux memory high-water	Run actions/checkout@v4	2026-09-11T23:29:50.7209705Z [command]/usr/bin/git submodule foreach --recursive sh -c "git config --local --name-only --get-regexp 'http\.https\:\/\/github\.com\/\.extraheader' && git config --local --unset-all 'http.https://github.com/.extraheader' || :"
linux memory high-water	Run actions/checkout@v4	2026-09-11T23:29:50.7416833Z [command]/usr/bin/git config --local --name-only --get-regexp ^includeIf\.gitdir:
linux memory high-water	Run actions/checkout@v4	2026-09-11T23:29:50.7459089Z [command]/usr/bin/git submodule foreach --recursive git config --local --show-origin --name-only --get-regexp remote.origin.url
linux memory high-water	Run actions/checkout@v4	2026-09-11T23:29:50.7697740Z [command]/usr/bin/git config --local http.https://github.com/.extraheader AUTHORIZATION: basic ***
linux memory high-water	Run actions/checkout@v4	2026-09-11T23:29:50.7740554Z ##[endgroup]
linux memory high-water	Run actions/checkout@v4	2026-09-11T23:29:50.7743039Z ##[group]Fetching the repository
linux memory high-water	Run actions/checkout@v4	2026-09-11T23:29:50.7753058Z [command]/usr/bin/git -c protocol.version=2 fetch --no-tags --prune --no-recurse-submodules --depth=1 origin +6e41d673ea493447768e232b8f67065b82eb1c12:refs/remotes/pull/69/merge
linux memory high-water	Run actions/checkout@v4	2026-09-11T23:29:51.7905755Z From https://github.com/xlyk/ovrcr
linux memory high-water	Run actions/checkout@v4	2026-09-11T23:29:51.7908561Z  * [new ref]         6e41d673ea493447768e232b8f67065b82eb1c12 -> pull/69/merge
linux memory high-water	Run actions/checkout@v4	2026-09-11T23:29:51.7915073Z ##[endgroup]
linux memory high-water	Run actions/checkout@v4	2026-09-11T23:29:51.7917713Z ##[group]Determining the checkout info
linux memory high-water	Run actions/checkout@v4	2026-09-11T23:29:51.7920689Z ##[endgroup]
linux memory high-water	Run actions/checkout@v4	2026-09-11T23:29:51.7923492Z [command]/usr/bin/git sparse-checkout disable
linux memory high-water	Run actions/checkout@v4	2026-09-11T23:29:51.8048067Z [command]/usr/bin/git config --local --unset-all extensions.worktreeConfig
linux memory high-water	Run actions/checkout@v4	2026-09-11T23:29:51.8070733Z ##[group]Checking out the ref
linux memory high-water	Run actions/checkout@v4	2026-09-11T23:29:51.8074086Z [command]/usr/bin/git checkout --progress --force refs/remotes/pull/69/merge
linux memory high-water	Run actions/checkout@v4	2026-09-11T23:29:51.9462782Z Note: switching to 'refs/remotes/pull/69/merge'.
linux memory high-water	Run actions/checkout@v4	2026-09-11T23:29:51.9464699Z 
linux memory high-water	Run actions/checkout@v4	2026-09-11T23:29:51.9466202Z You are in 'detached HEAD' state. You can look around, make experimental
linux memory high-water	Run actions/checkout@v4	2026-09-11T23:29:51.9469603Z changes and commit them, and you can discard any commits you make in this
linux memory high-water	Run actions/checkout@v4	2026-09-11T23:29:51.9473759Z state without impacting any branches by switching back to a branch.
linux memory high-water	Run actions/checkout@v4	2026-09-11T23:29:51.9475824Z 
linux memory high-water	Run actions/checkout@v4	2026-09-11T23:29:51.9495762Z If you want to create a new branch to retain commits you create, you may
linux memory high-water	Run actions/checkout@v4	2026-09-11T23:29:51.9499273Z do so (now or later) by using -c with the switch command. Example:
linux memory high-water	Run actions/checkout@v4	2026-09-11T23:29:51.9501325Z 
linux memory high-water	Run actions/checkout@v4	2026-09-11T23:29:51.9502666Z   git switch -c <new-branch-name>
linux memory high-water	Run actions/checkout@v4	2026-09-11T23:29:51.9504236Z 
linux memory high-water	Run actions/checkout@v4	2026-09-11T23:29:51.9505220Z Or undo this operation with:
linux memory high-water	Run actions/checkout@v4	2026-09-11T23:29:51.9513224Z 
linux memory high-water	Run actions/checkout@v4	2026-09-11T23:29:51.9514367Z   git switch -
linux memory high-water	Run actions/checkout@v4	2026-09-11T23:29:51.9515854Z 
linux memory high-water	Run actions/checkout@v4	2026-09-11T23:29:51.9517670Z Turn off this advice by setting config variable advice.detachedHead to false
linux memory high-water	Run actions/checkout@v4	2026-09-11T23:29:51.9520057Z 
linux memory high-water	Run actions/checkout@v4	2026-09-11T23:29:51.9522341Z HEAD is now at 6e41d67 Merge 422bc2d8a02042dfa5462920341944113d3eb7ee into 3574e9272e6464edfb484a973b33fd4c3f05384d
linux memory high-water	Run actions/checkout@v4	2026-09-11T23:29:51.9539510Z ##[endgroup]
linux memory high-water	Run actions/checkout@v4	2026-09-11T23:29:51.9544259Z [command]/usr/bin/git log -1 --format=%H
linux memory high-water	Run actions/checkout@v4	2026-09-11T23:29:51.9574738Z 6e41d673ea493447768e232b8f67065b82eb1c12
linux memory high-water	Run dtolnay/rust-toolchain@stable	﻿2026-09-11T23:29:52.0253265Z ##[group]Run dtolnay/rust-toolchain@stable
linux memory high-water	Run dtolnay/rust-toolchain@stable	2026-09-11T23:29:52.0254630Z with:
linux memory high-water	Run dtolnay/rust-toolchain@stable	2026-09-11T23:29:52.0255529Z   toolchain: stable
linux memory high-water	Run dtolnay/rust-toolchain@stable	2026-09-11T23:29:52.0256481Z env:
linux memory high-water	Run dtolnay/rust-toolchain@stable	2026-09-11T23:29:52.0257369Z   CARGO_TERM_COLOR: always
linux memory high-water	Run dtolnay/rust-toolchain@stable	2026-09-11T23:29:52.0258410Z   SHELL: /bin/bash
linux memory high-water	Run dtolnay/rust-toolchain@stable	2026-09-11T23:29:52.0259394Z   CARGO_INCREMENTAL: 0
linux memory high-water	Run dtolnay/rust-toolchain@stable	2026-09-11T23:29:52.0260413Z ##[endgroup]
linux memory high-water	Run dtolnay/rust-toolchain@stable	2026-09-11T23:29:52.0353954Z ##[start-action display=Parse toolchain version;id=__dtolnay_rust-toolchain.parse]
linux memory high-water	Run dtolnay/rust-toolchain@stable	2026-09-11T23:29:52.0441481Z ##[group]Run if [[ -z $toolchain ]]; then
linux memory high-water	Run dtolnay/rust-toolchain@stable	2026-09-11T23:29:52.0443041Z ^[[36;1mif [[ -z $toolchain ]]; then^[[0m
linux memory high-water	Run dtolnay/rust-toolchain@stable	2026-09-11T23:29:52.0445050Z ^[[36;1m  # GitHub does not enforce `required: true` inputs itself. https://github.com/actions/runner/issues/1070^[[0m
linux memory high-water	Run dtolnay/rust-toolchain@stable	2026-09-11T23:29:52.0447221Z ^[[36;1m  echo "'toolchain' is a required input" >&2^[[0m
linux memory high-water	Run dtolnay/rust-toolchain@stable	2026-09-11T23:29:52.0448479Z ^[[36;1m  exit 1^[[0m
linux memory high-water	Run dtolnay/rust-toolchain@stable	2026-09-11T23:29:52.0449832Z ^[[36;1melif [[ $toolchain =~ ^stable' '[0-9]+' '(year|month|week|day)s?' 'ago$ ]]; then^[[0m
linux memory high-water	Run dtolnay/rust-toolchain@stable	2026-09-11T23:29:52.0451535Z ^[[36;1m  if [[ Linux == macOS ]]; then^[[0m
linux memory high-water	Run dtolnay/rust-toolchain@stable	2026-09-11T23:29:52.0453731Z ^[[36;1m    echo "toolchain=1.$((($(date -v-$(sed 's/stable \([0-9]*\) \(.\).*/\1\2/' <<< $toolchain) +%s)/60/60/24-16569)/7/6))" >> $GITHUB_OUTPUT^[[0m
linux memory high-water	Run dtolnay/rust-toolchain@stable	2026-09-11T23:29:52.0455763Z ^[[36;1m  else^[[0m
linux memory high-water	Run dtolnay/rust-toolchain@stable	2026-09-11T23:29:52.0457384Z ^[[36;1m    echo "toolchain=1.$((($(date --date "${toolchain#stable }" +%s)/60/60/24-16569)/7/6))" >> $GITHUB_OUTPUT^[[0m
linux memory high-water	Run dtolnay/rust-toolchain@stable	2026-09-11T23:29:52.0459223Z ^[[36;1m  fi^[[0m
linux memory high-water	Run dtolnay/rust-toolchain@stable	2026-09-11T23:29:52.0460442Z ^[[36;1melif [[ $toolchain =~ ^stable' 'minus' '[0-9]+' 'releases?$ ]]; then^[[0m
linux memory high-water	Run dtolnay/rust-toolchain@stable	2026-09-11T23:29:52.0462689Z ^[[36;1m  echo "toolchain=1.$((($(date +%s)/60/60/24-16569)/7/6-${toolchain//[^0-9]/}))" >> $GITHUB_OUTPUT^[[0m
linux memory high-water	Run dtolnay/rust-toolchain@stable	2026-09-11T23:29:52.0464597Z ^[[36;1melif [[ $toolchain =~ ^1\.[0-9]+$ ]]; then^[[0m
linux memory high-water	Run dtolnay/rust-toolchain@stable	2026-09-11T23:29:52.0466669Z ^[[36;1m  echo "toolchain=1.$((i=${toolchain#1.}, c=($(date +%s)/60/60/24-16569)/7/6, i+9*i*(10*i<=c)+90*i*(100*i<=c)))" >> $GITHUB_OUTPUT^[[0m
linux memory high-water	Run dtolnay/rust-toolchain@stable	2026-09-11T23:29:52.0468660Z ^[[36;1melse^[[0m
linux memory high-water	Run dtolnay/rust-toolchain@stable	2026-09-11T23:29:52.0469712Z ^[[36;1m  echo "toolchain=$toolchain" >> $GITHUB_OUTPUT^[[0m
linux memory high-water	Run dtolnay/rust-toolchain@stable	2026-09-11T23:29:52.0470984Z ^[[36;1mfi^[[0m
linux memory high-water	Run dtolnay/rust-toolchain@stable	2026-09-11T23:29:52.0516439Z shell: /usr/bin/bash --noprofile --norc -e -o pipefail {0}
linux memory high-water	Run dtolnay/rust-toolchain@stable	2026-09-11T23:29:52.0517821Z env:
linux memory high-water	Run dtolnay/rust-toolchain@stable	2026-09-11T23:29:52.0518660Z   CARGO_TERM_COLOR: always
linux memory high-water	Run dtolnay/rust-toolchain@stable	2026-09-11T23:29:52.0519642Z   SHELL: /bin/bash
linux memory high-water	Run dtolnay/rust-toolchain@stable	2026-09-11T23:29:52.0520539Z   CARGO_INCREMENTAL: 0
linux memory high-water	Run dtolnay/rust-toolchain@stable	2026-09-11T23:29:52.0521471Z   toolchain: stable
linux memory high-water	Run dtolnay/rust-toolchain@stable	2026-09-11T23:29:52.0522565Z ##[endgroup]
linux memory high-water	Run dtolnay/rust-toolchain@stable	2026-09-11T23:29:52.0675808Z ##[end-action id=__dtolnay_rust-toolchain.parse;outcome=success;conclusion=success;duration_ms=31]
linux memory high-water	Run dtolnay/rust-toolchain@stable	2026-09-11T23:29:52.0695928Z ##[start-action display=Construct rustup command line;id=__dtolnay_rust-toolchain.flags]
linux memory high-water	Run dtolnay/rust-toolchain@stable	2026-09-11T23:29:52.0754368Z ##[group]Run echo "targets=$(for t in ${targets//,/ }; do echo -n ' --target' $t; done)" >> $GITHUB_OUTPUT
linux memory high-water	Run dtolnay/rust-toolchain@stable	2026-09-11T23:29:52.0756804Z ^[[36;1mecho "targets=$(for t in ${targets//,/ }; do echo -n ' --target' $t; done)" >> $GITHUB_OUTPUT^[[0m
linux memory high-water	Run dtolnay/rust-toolchain@stable	2026-09-11T23:29:52.0759235Z ^[[36;1mecho "components=$(for c in ${components//,/ }; do echo -n ' --component' $c; done)" >> $GITHUB_OUTPUT^[[0m
linux memory high-water	Run dtolnay/rust-toolchain@stable	2026-09-11T23:29:52.0761125Z ^[[36;1mecho "downgrade=" >> $GITHUB_OUTPUT^[[0m
linux memory high-water	Run dtolnay/rust-toolchain@stable	2026-09-11T23:29:52.0803204Z shell: /usr/bin/bash --noprofile --norc -e -o pipefail {0}
linux memory high-water	Run dtolnay/rust-toolchain@stable	2026-09-11T23:29:52.0804529Z env:
linux memory high-water	Run dtolnay/rust-toolchain@stable	2026-09-11T23:29:52.0805326Z   CARGO_TERM_COLOR: always
linux memory high-water	Run dtolnay/rust-toolchain@stable	2026-09-11T23:29:52.0806272Z   SHELL: /bin/bash
linux memory high-water	Run dtolnay/rust-toolchain@stable	2026-09-11T23:29:52.0807142Z   CARGO_INCREMENTAL: 0
linux memory high-water	Run dtolnay/rust-toolchain@stable	2026-09-11T23:29:52.0808014Z   targets: 
linux memory high-water	Run dtolnay/rust-toolchain@stable	2026-09-11T23:29:52.0808802Z   components: 
linux memory high-water	Run dtolnay/rust-toolchain@stable	2026-09-11T23:29:52.0809618Z ##[endgroup]
linux memory high-water	Run dtolnay/rust-toolchain@stable	2026-09-11T23:29:52.0917059Z ##[end-action id=__dtolnay_rust-toolchain.flags;outcome=success;conclusion=success;duration_ms=21]
linux memory high-water	Run dtolnay/rust-toolchain@stable	2026-09-11T23:29:52.0928042Z ##[start-action display=Set $CARGO_HOME;id=__dtolnay_rust-toolchain.__run]
linux memory high-water	Run dtolnay/rust-toolchain@stable	2026-09-11T23:29:52.0976947Z ##[group]Run echo CARGO_HOME=${CARGO_HOME:-"$HOME/.cargo"} >> $GITHUB_ENV
linux memory high-water	Run dtolnay/rust-toolchain@stable	2026-09-11T23:29:52.0978849Z ^[[36;1mecho CARGO_HOME=${CARGO_HOME:-"$HOME/.cargo"} >> $GITHUB_ENV^[[0m
linux memory high-water	Run dtolnay/rust-toolchain@stable	2026-09-11T23:29:52.1020622Z shell: /usr/bin/bash --noprofile --norc -e -o pipefail {0}
linux memory high-water	Run dtolnay/rust-toolchain@stable	2026-09-11T23:29:52.1022295Z env:
linux memory high-water	Run dtolnay/rust-toolchain@stable	2026-09-11T23:29:52.1023161Z   CARGO_TERM_COLOR: always
linux memory high-water	Run dtolnay/rust-toolchain@stable	2026-09-11T23:29:52.1024124Z   SHELL: /bin/bash
linux memory high-water	Run dtolnay/rust-toolchain@stable	2026-09-11T23:29:52.1024995Z   CARGO_INCREMENTAL: 0
linux memory high-water	Run dtolnay/rust-toolchain@stable	2026-09-11T23:29:52.1025888Z ##[endgroup]
linux memory high-water	Run dtolnay/rust-toolchain@stable	2026-09-11T23:29:52.1119366Z ##[end-action id=__dtolnay_rust-toolchain.__run;outcome=success;conclusion=success;duration_ms=18]
linux memory high-water	Run dtolnay/rust-toolchain@stable	2026-09-11T23:29:52.1126527Z ##[start-action display=Install rustup if needed;id=__dtolnay_rust-toolchain.__run_2]
linux memory high-water	Run dtolnay/rust-toolchain@stable	2026-09-11T23:29:52.1184374Z ##[group]Run if ! command -v rustup &>/dev/null; then
linux memory high-water	Run dtolnay/rust-toolchain@stable	2026-09-11T23:29:52.1185761Z ^[[36;1mif ! command -v rustup &>/dev/null; then^[[0m
linux memory high-water	Run dtolnay/rust-toolchain@stable	2026-09-11T23:29:52.1188500Z ^[[36;1m  curl --proto '=https' --tlsv1.2 --retry 10 --retry-connrefused --location --silent --show-error --fail https://sh.rustup.rs | sh -s -- --default-toolchain none -y^[[0m
linux memory high-water	Run dtolnay/rust-toolchain@stable	2026-09-11T23:29:52.1191157Z ^[[36;1m  echo "$CARGO_HOME/bin" >> $GITHUB_PATH^[[0m
linux memory high-water	Run dtolnay/rust-toolchain@stable	2026-09-11T23:29:52.1192742Z ^[[36;1mfi^[[0m
linux memory high-water	Run dtolnay/rust-toolchain@stable	2026-09-11T23:29:52.1235033Z shell: /usr/bin/bash --noprofile --norc -e -o pipefail {0}
linux memory high-water	Run dtolnay/rust-toolchain@stable	2026-09-11T23:29:52.1236309Z env:
linux memory high-water	Run dtolnay/rust-toolchain@stable	2026-09-11T23:29:52.1237078Z   CARGO_TERM_COLOR: always
linux memory high-water	Run dtolnay/rust-toolchain@stable	2026-09-11T23:29:52.1237994Z   SHELL: /bin/bash
linux memory high-water	Run dtolnay/rust-toolchain@stable	2026-09-11T23:29:52.1238836Z   CARGO_INCREMENTAL: 0
linux memory high-water	Run dtolnay/rust-toolchain@stable	2026-09-11T23:29:52.1239756Z   CARGO_HOME: /home/runner/.cargo
linux memory high-water	Run dtolnay/rust-toolchain@stable	2026-09-11T23:29:52.1240746Z ##[endgroup]
linux memory high-water	Run dtolnay/rust-toolchain@stable	2026-09-11T23:29:52.1341495Z ##[end-action id=__dtolnay_rust-toolchain.__run_2;outcome=success;conclusion=success;duration_ms=21]
linux memory high-water	Run dtolnay/rust-toolchain@stable	2026-09-11T23:29:52.1348515Z ##[start-action display=Install rustup if needed on windows;id=__dtolnay_rust-toolchain.__run_3]
linux memory high-water	Run dtolnay/rust-toolchain@stable	2026-09-11T23:29:52.1364841Z ##[end-action id=__dtolnay_rust-toolchain.__run_3;outcome=skipped;conclusion=skipped;duration_ms=0]
linux memory high-water	Run dtolnay/rust-toolchain@stable	2026-09-11T23:29:52.1382149Z ##[start-action display=rustup toolchain install stable;id=__dtolnay_rust-toolchain.__run_4]
linux memory high-water	Run dtolnay/rust-toolchain@stable	2026-09-11T23:29:52.1429372Z ##[group]Run rustup toolchain install stable --profile minimal --no-self-update
linux memory high-water	Run dtolnay/rust-toolchain@stable	2026-09-11T23:29:52.1431372Z ^[[36;1mrustup toolchain install stable --profile minimal --no-self-update^[[0m
linux memory high-water	Run dtolnay/rust-toolchain@stable	2026-09-11T23:29:52.1501577Z shell: /usr/bin/bash --noprofile --norc -e -o pipefail {0}
linux memory high-water	Run dtolnay/rust-toolchain@stable	2026-09-11T23:29:52.1504061Z env:
linux memory high-water	Run dtolnay/rust-toolchain@stable	2026-09-11T23:29:52.1505519Z   CARGO_TERM_COLOR: always
linux memory high-water	Run dtolnay/rust-toolchain@stable	2026-09-11T23:29:52.1507332Z   SHELL: /bin/bash
linux memory high-water	Run dtolnay/rust-toolchain@stable	2026-09-11T23:29:52.1509046Z   CARGO_INCREMENTAL: 0
linux memory high-water	Run dtolnay/rust-toolchain@stable	2026-09-11T23:29:52.1510937Z   CARGO_HOME: /home/runner/.cargo
linux memory high-water	Run dtolnay/rust-toolchain@stable	2026-09-11T23:29:52.1513176Z   RUSTUP_PERMIT_COPY_RENAME: 1
linux memory high-water	Run dtolnay/rust-toolchain@stable	2026-09-11T23:29:52.1515014Z ##[endgroup]
linux memory high-water	Run dtolnay/rust-toolchain@stable	2026-09-11T23:29:52.6004568Z info: syncing channel updates for stable-x86_64-unknown-linux-gnu
linux memory high-water	Run dtolnay/rust-toolchain@stable	2026-09-11T23:29:52.8162500Z 
linux memory high-water	Run dtolnay/rust-toolchain@stable	2026-09-11T23:29:52.8272283Z   stable-x86_64-unknown-linux-gnu unchanged - rustc 1.98.1 (48a229cea 2026-09-01)
linux memory high-water	Run dtolnay/rust-toolchain@stable	2026-09-11T23:29:52.8289707Z 
linux memory high-water	Run dtolnay/rust-toolchain@stable	2026-09-11T23:29:52.8308038Z ##[end-action id=__dtolnay_rust-toolchain.__run_4;outcome=success;conclusion=success;duration_ms=692]
linux memory high-water	Run dtolnay/rust-toolchain@stable	2026-09-11T23:29:52.8314982Z ##[start-action display=rustup default stable;id=__dtolnay_rust-toolchain.__run_5]
linux memory high-water	Run dtolnay/rust-toolchain@stable	2026-09-11T23:29:52.8340769Z ##[group]Run rustup default stable
linux memory high-water	Run dtolnay/rust-toolchain@stable	2026-09-11T23:29:52.8341147Z ^[[36;1mrustup default stable^[[0m
linux memory high-water	Run dtolnay/rust-toolchain@stable	2026-09-11T23:29:52.8381237Z shell: /usr/bin/bash --noprofile --norc -e -o pipefail {0}
linux memory high-water	Run dtolnay/rust-toolchain@stable	2026-09-11T23:29:52.8381700Z env:
linux memory high-water	Run dtolnay/rust-toolchain@stable	2026-09-11T23:29:52.8382269Z   CARGO_TERM_COLOR: always
linux memory high-water	Run dtolnay/rust-toolchain@stable	2026-09-11T23:29:52.8382583Z   SHELL: /bin/bash
linux memory high-water	Run dtolnay/rust-toolchain@stable	2026-09-11T23:29:52.8382873Z   CARGO_INCREMENTAL: 0
linux memory high-water	Run dtolnay/rust-toolchain@stable	2026-09-11T23:29:52.8383176Z   CARGO_HOME: /home/runner/.cargo
linux memory high-water	Run dtolnay/rust-toolchain@stable	2026-09-11T23:29:52.8383505Z ##[endgroup]
linux memory high-water	Run dtolnay/rust-toolchain@stable	2026-09-11T23:29:52.8486399Z info: using existing install for stable-x86_64-unknown-linux-gnu
linux memory high-water	Run dtolnay/rust-toolchain@stable	2026-09-11T23:29:52.8499250Z info: default toolchain set to stable-x86_64-unknown-linux-gnu
linux memory high-water	Run dtolnay/rust-toolchain@stable	2026-09-11T23:29:52.8499956Z 
linux memory high-water	Run dtolnay/rust-toolchain@stable	2026-09-11T23:29:52.8582234Z   stable-x86_64-unknown-linux-gnu unchanged - rustc 1.98.1 (48a229cea 2026-09-01)
linux memory high-water	Run dtolnay/rust-toolchain@stable	2026-09-11T23:29:52.8583322Z 
linux memory high-water	Run dtolnay/rust-toolchain@stable	2026-09-11T23:29:52.8604080Z ##[end-action id=__dtolnay_rust-toolchain.__run_5;outcome=success;conclusion=success;duration_ms=28]
linux memory high-water	Run dtolnay/rust-toolchain@stable	2026-09-11T23:29:52.8608618Z ##[start-action display=Create cachekey;id=__dtolnay_rust-toolchain.rustc-version]
linux memory high-water	Run dtolnay/rust-toolchain@stable	2026-09-11T23:29:52.8635388Z ##[group]Run DATE=$(rustc +stable --version --verbose | sed -ne 's/^commit-date: \(20[0-9][0-9]\)-\([01][0-9]\)-\([0-3][0-9]\)$/\1\2\3/p')
linux memory high-water	Run dtolnay/rust-toolchain@stable	2026-09-11T23:29:52.8636428Z ^[[36;1mDATE=$(rustc +stable --version --verbose | sed -ne 's/^commit-date: \(20[0-9][0-9]\)-\([01][0-9]\)-\([0-3][0-9]\)$/\1\2\3/p')^[[0m
linux memory high-water	Run dtolnay/rust-toolchain@stable	2026-09-11T23:29:52.8637263Z ^[[36;1mHASH=$(rustc +stable --version --verbose | sed -ne 's/^commit-hash: //p')^[[0m
linux memory high-water	Run dtolnay/rust-toolchain@stable	2026-09-11T23:29:52.8637912Z ^[[36;1mecho "cachekey=$(echo $DATE$HASH | head -c12)" >> $GITHUB_OUTPUT^[[0m
linux memory high-water	Run dtolnay/rust-toolchain@stable	2026-09-11T23:29:52.8677582Z shell: /usr/bin/bash --noprofile --norc -e -o pipefail {0}
linux memory high-water	Run dtolnay/rust-toolchain@stable	2026-09-11T23:29:52.8678021Z env:
linux memory high-water	Run dtolnay/rust-toolchain@stable	2026-09-11T23:29:52.8678281Z   CARGO_TERM_COLOR: always
linux memory high-water	Run dtolnay/rust-toolchain@stable	2026-09-11T23:29:52.8678597Z   SHELL: /bin/bash
linux memory high-water	Run dtolnay/rust-toolchain@stable	2026-09-11T23:29:52.8678878Z   CARGO_INCREMENTAL: 0
linux memory high-water	Run dtolnay/rust-toolchain@stable	2026-09-11T23:29:52.8679168Z   CARGO_HOME: /home/runner/.cargo
linux memory high-water	Run dtolnay/rust-toolchain@stable	2026-09-11T23:29:52.8679493Z ##[endgroup]
linux memory high-water	Run dtolnay/rust-toolchain@stable	2026-09-11T23:29:52.9399577Z ##[end-action id=__dtolnay_rust-toolchain.rustc-version;outcome=success;conclusion=success;duration_ms=78]
linux memory high-water	Run dtolnay/rust-toolchain@stable	2026-09-11T23:29:52.9403708Z ##[start-action display=Disable incremental compilation;id=__dtolnay_rust-toolchain.__run_6]
linux memory high-water	Run dtolnay/rust-toolchain@stable	2026-09-11T23:29:52.9429369Z ##[group]Run if [ -z "${CARGO_INCREMENTAL+set}" ]; then
linux memory high-water	Run dtolnay/rust-toolchain@stable	2026-09-11T23:29:52.9429858Z ^[[36;1mif [ -z "${CARGO_INCREMENTAL+set}" ]; then^[[0m
linux memory high-water	Run dtolnay/rust-toolchain@stable	2026-09-11T23:29:52.9430282Z ^[[36;1m  echo CARGO_INCREMENTAL=0 >> $GITHUB_ENV^[[0m
linux memory high-water	Run dtolnay/rust-toolchain@stable	2026-09-11T23:29:52.9430643Z ^[[36;1mfi^[[0m
linux memory high-water	Run dtolnay/rust-toolchain@stable	2026-09-11T23:29:52.9470305Z shell: /usr/bin/bash --noprofile --norc -e -o pipefail {0}
linux memory high-water	Run dtolnay/rust-toolchain@stable	2026-09-11T23:29:52.9470763Z env:
linux memory high-water	Run dtolnay/rust-toolchain@stable	2026-09-11T23:29:52.9471020Z   CARGO_TERM_COLOR: always
linux memory high-water	Run dtolnay/rust-toolchain@stable	2026-09-11T23:29:52.9471322Z   SHELL: /bin/bash
linux memory high-water	Run dtolnay/rust-toolchain@stable	2026-09-11T23:29:52.9471597Z   CARGO_INCREMENTAL: 0
linux memory high-water	Run dtolnay/rust-toolchain@stable	2026-09-11T23:29:52.9472176Z   CARGO_HOME: /home/runner/.cargo
linux memory high-water	Run dtolnay/rust-toolchain@stable	2026-09-11T23:29:52.9472510Z ##[endgroup]
linux memory high-water	Run dtolnay/rust-toolchain@stable	2026-09-11T23:29:52.9537659Z ##[end-action id=__dtolnay_rust-toolchain.__run_6;outcome=success;conclusion=success;duration_ms=13]
linux memory high-water	Run dtolnay/rust-toolchain@stable	2026-09-11T23:29:52.9540255Z ##[start-action display=Enable colors in Cargo output;id=__dtolnay_rust-toolchain.__run_7]
linux memory high-water	Run dtolnay/rust-toolchain@stable	2026-09-11T23:29:52.9564847Z ##[group]Run if [ -z "${CARGO_TERM_COLOR+set}" ]; then
linux memory high-water	Run dtolnay/rust-toolchain@stable	2026-09-11T23:29:52.9565319Z ^[[36;1mif [ -z "${CARGO_TERM_COLOR+set}" ]; then^[[0m
linux memory high-water	Run dtolnay/rust-toolchain@stable	2026-09-11T23:29:52.9565757Z ^[[36;1m  echo CARGO_TERM_COLOR=always >> $GITHUB_ENV^[[0m
linux memory high-water	Run dtolnay/rust-toolchain@stable	2026-09-11T23:29:52.9566143Z ^[[36;1mfi^[[0m
linux memory high-water	Run dtolnay/rust-toolchain@stable	2026-09-11T23:29:52.9602351Z shell: /usr/bin/bash --noprofile --norc -e -o pipefail {0}
linux memory high-water	Run dtolnay/rust-toolchain@stable	2026-09-11T23:29:52.9602984Z env:
linux memory high-water	Run dtolnay/rust-toolchain@stable	2026-09-11T23:29:52.9603259Z   CARGO_TERM_COLOR: always
linux memory high-water	Run dtolnay/rust-toolchain@stable	2026-09-11T23:29:52.9603578Z   SHELL: /bin/bash
linux memory high-water	Run dtolnay/rust-toolchain@stable	2026-09-11T23:29:52.9603871Z   CARGO_INCREMENTAL: 0
linux memory high-water	Run dtolnay/rust-toolchain@stable	2026-09-11T23:29:52.9604188Z   CARGO_HOME: /home/runner/.cargo
linux memory high-water	Run dtolnay/rust-toolchain@stable	2026-09-11T23:29:52.9604524Z ##[endgroup]
linux memory high-water	Run dtolnay/rust-toolchain@stable	2026-09-11T23:29:52.9667242Z ##[end-action id=__dtolnay_rust-toolchain.__run_7;outcome=success;conclusion=success;duration_ms=12]
linux memory high-water	Run dtolnay/rust-toolchain@stable	2026-09-11T23:29:52.9669787Z ##[start-action display=Enable Cargo sparse registry;id=__dtolnay_rust-toolchain.__run_8]
linux memory high-water	Run dtolnay/rust-toolchain@stable	2026-09-11T23:29:52.9698416Z ##[group]Run # implemented in 1.66, stabilized in 1.68, made default in 1.70
linux memory high-water	Run dtolnay/rust-toolchain@stable	2026-09-11T23:29:52.9699106Z ^[[36;1m# implemented in 1.66, stabilized in 1.68, made default in 1.70^[[0m
linux memory high-water	Run dtolnay/rust-toolchain@stable	2026-09-11T23:29:52.9700002Z ^[[36;1mif [ -z "${CARGO_REGISTRIES_CRATES_IO_PROTOCOL+set}" -o -f "/home/runner/work/_temp"/.implicit_cargo_registries_crates_io_protocol ]; then^[[0m
linux memory high-water	Run dtolnay/rust-toolchain@stable	2026-09-11T23:29:52.9700931Z ^[[36;1m  if rustc +stable --version --verbose | grep -q '^release: 1\.6[89]\.'; then^[[0m
linux memory high-water	Run dtolnay/rust-toolchain@stable	2026-09-11T23:29:52.9701671Z ^[[36;1m    touch "/home/runner/work/_temp"/.implicit_cargo_registries_crates_io_protocol || true^[[0m
linux memory high-water	Run dtolnay/rust-toolchain@stable	2026-09-11T23:29:52.9702986Z ^[[36;1m    echo CARGO_REGISTRIES_CRATES_IO_PROTOCOL=sparse >> $GITHUB_ENV^[[0m
linux memory high-water	Run dtolnay/rust-toolchain@stable	2026-09-11T23:29:52.9703655Z ^[[36;1m  elif rustc +stable --version --verbose | grep -q '^release: 1\.6[67]\.'; then^[[0m
linux memory high-water	Run dtolnay/rust-toolchain@stable	2026-09-11T23:29:52.9704564Z ^[[36;1m    touch "/home/runner/work/_temp"/.implicit_cargo_registries_crates_io_protocol || true^[[0m
linux memory high-water	Run dtolnay/rust-toolchain@stable	2026-09-11T23:29:52.9705242Z ^[[36;1m    echo CARGO_REGISTRIES_CRATES_IO_PROTOCOL=git >> $GITHUB_ENV^[[0m
linux memory high-water	Run dtolnay/rust-toolchain@stable	2026-09-11T23:29:52.9705703Z ^[[36;1m  fi^[[0m
linux memory high-water	Run dtolnay/rust-toolchain@stable	2026-09-11T23:29:52.9705979Z ^[[36;1mfi^[[0m
linux memory high-water	Run dtolnay/rust-toolchain@stable	2026-09-11T23:29:52.9741633Z shell: /usr/bin/bash --noprofile --norc -e -o pipefail {0}
linux memory high-water	Run dtolnay/rust-toolchain@stable	2026-09-11T23:29:52.9742245Z env:
linux memory high-water	Run dtolnay/rust-toolchain@stable	2026-09-11T23:29:52.9742524Z   CARGO_TERM_COLOR: always
linux memory high-water	Run dtolnay/rust-toolchain@stable	2026-09-11T23:29:52.9742850Z   SHELL: /bin/bash
linux memory high-water	Run dtolnay/rust-toolchain@stable	2026-09-11T23:29:52.9743139Z   CARGO_INCREMENTAL: 0
linux memory high-water	Run dtolnay/rust-toolchain@stable	2026-09-11T23:29:52.9743455Z   CARGO_HOME: /home/runner/.cargo
linux memory high-water	Run dtolnay/rust-toolchain@stable	2026-09-11T23:29:52.9743801Z ##[endgroup]
linux memory high-water	Run dtolnay/rust-toolchain@stable	2026-09-11T23:29:53.0073773Z ##[end-action id=__dtolnay_rust-toolchain.__run_8;outcome=success;conclusion=success;duration_ms=40]
linux memory high-water	Run dtolnay/rust-toolchain@stable	2026-09-11T23:29:53.0077239Z ##[start-action display=Work around spurious network errors in curl 8.0;id=__dtolnay_rust-toolchain.__run_9]
linux memory high-water	Run dtolnay/rust-toolchain@stable	2026-09-11T23:29:53.0105188Z ##[group]Run # https://rust-lang.zulipchat.com/#narrow/stream/246057-t-cargo/topic/timeout.20investigation
linux memory high-water	Run dtolnay/rust-toolchain@stable	2026-09-11T23:29:53.0106188Z ^[[36;1m# https://rust-lang.zulipchat.com/#narrow/stream/246057-t-cargo/topic/timeout.20investigation^[[0m
linux memory high-water	Run dtolnay/rust-toolchain@stable	2026-09-11T23:29:53.0106983Z ^[[36;1mif rustc +stable --version --verbose | grep -q '^release: 1\.7[01]\.'; then^[[0m
linux memory high-water	Run dtolnay/rust-toolchain@stable	2026-09-11T23:29:53.0107582Z ^[[36;1m  echo CARGO_HTTP_MULTIPLEXING=false >> $GITHUB_ENV^[[0m
linux memory high-water	Run dtolnay/rust-toolchain@stable	2026-09-11T23:29:53.0108007Z ^[[36;1mfi^[[0m
linux memory high-water	Run dtolnay/rust-toolchain@stable	2026-09-11T23:29:53.0148654Z shell: /usr/bin/bash --noprofile --norc -e -o pipefail {0}
linux memory high-water	Run dtolnay/rust-toolchain@stable	2026-09-11T23:29:53.0149137Z env:
linux memory high-water	Run dtolnay/rust-toolchain@stable	2026-09-11T23:29:53.0149429Z   CARGO_TERM_COLOR: always
linux memory high-water	Run dtolnay/rust-toolchain@stable	2026-09-11T23:29:53.0149780Z   SHELL: /bin/bash
linux memory high-water	Run dtolnay/rust-toolchain@stable	2026-09-11T23:29:53.0150089Z   CARGO_INCREMENTAL: 0
linux memory high-water	Run dtolnay/rust-toolchain@stable	2026-09-11T23:29:53.0150414Z   CARGO_HOME: /home/runner/.cargo
linux memory high-water	Run dtolnay/rust-toolchain@stable	2026-09-11T23:29:53.0150769Z ##[endgroup]
linux memory high-water	Run dtolnay/rust-toolchain@stable	2026-09-11T23:29:53.0349115Z ##[end-action id=__dtolnay_rust-toolchain.__run_9;outcome=success;conclusion=success;duration_ms=27]
linux memory high-water	Run dtolnay/rust-toolchain@stable	2026-09-11T23:29:53.0354310Z ##[start-action display=rustc +stable --version --verbose;id=__dtolnay_rust-toolchain.__run_10]
linux memory high-water	Run dtolnay/rust-toolchain@stable	2026-09-11T23:29:53.0379804Z ##[group]Run rustc +stable --version --verbose
linux memory high-water	Run dtolnay/rust-toolchain@stable	2026-09-11T23:29:53.0380253Z ^[[36;1mrustc +stable --version --verbose^[[0m
linux memory high-water	Run dtolnay/rust-toolchain@stable	2026-09-11T23:29:53.0418796Z shell: /usr/bin/bash --noprofile --norc -e -o pipefail {0}
linux memory high-water	Run dtolnay/rust-toolchain@stable	2026-09-11T23:29:53.0419276Z env:
linux memory high-water	Run dtolnay/rust-toolchain@stable	2026-09-11T23:29:53.0419556Z   CARGO_TERM_COLOR: always
linux memory high-water	Run dtolnay/rust-toolchain@stable	2026-09-11T23:29:53.0419883Z   SHELL: /bin/bash
linux memory high-water	Run dtolnay/rust-toolchain@stable	2026-09-11T23:29:53.0420176Z   CARGO_INCREMENTAL: 0
linux memory high-water	Run dtolnay/rust-toolchain@stable	2026-09-11T23:29:53.0420502Z   CARGO_HOME: /home/runner/.cargo
linux memory high-water	Run dtolnay/rust-toolchain@stable	2026-09-11T23:29:53.0420852Z ##[endgroup]
linux memory high-water	Run dtolnay/rust-toolchain@stable	2026-09-11T23:29:53.0592977Z rustc 1.98.1 (48a229cea 2026-09-01)
linux memory high-water	Run dtolnay/rust-toolchain@stable	2026-09-11T23:29:53.0594399Z binary: rustc
linux memory high-water	Run dtolnay/rust-toolchain@stable	2026-09-11T23:29:53.0602728Z commit-hash: 48a229ceaefd4985c50990b14116b6d856af0985
linux memory high-water	Run dtolnay/rust-toolchain@stable	2026-09-11T23:29:53.0603855Z commit-date: 2026-09-01
linux memory high-water	Run dtolnay/rust-toolchain@stable	2026-09-11T23:29:53.0604628Z host: x86_64-unknown-linux-gnu
linux memory high-water	Run dtolnay/rust-toolchain@stable	2026-09-11T23:29:53.0605419Z release: 1.98.1
linux memory high-water	Run dtolnay/rust-toolchain@stable	2026-09-11T23:29:53.0606238Z LLVM version: 22.1.8
linux memory high-water	Run dtolnay/rust-toolchain@stable	2026-09-11T23:29:53.0616710Z ##[end-action id=__dtolnay_rust-toolchain.__run_10;outcome=success;conclusion=success;duration_ms=26]
linux memory high-water	Run Swatinem/rust-cache@v2	﻿2026-09-11T23:29:53.0794024Z ##[group]Run Swatinem/rust-cache@v2
linux memory high-water	Run Swatinem/rust-cache@v2	2026-09-11T23:29:53.0794447Z with:
linux memory high-water	Run Swatinem/rust-cache@v2	2026-09-11T23:29:53.0794724Z   shared-key: linux-memory
linux memory high-water	Run Swatinem/rust-cache@v2	2026-09-11T23:29:53.0795063Z   cache-on-failure: true
linux memory high-water	Run Swatinem/rust-cache@v2	2026-09-11T23:29:53.0795379Z   prefix-key: v0-rust
linux memory high-water	Run Swatinem/rust-cache@v2	2026-09-11T23:29:53.0795680Z   add-job-id-key: true
linux memory high-water	Run Swatinem/rust-cache@v2	2026-09-11T23:29:53.0795996Z   add-rust-environment-hash-key: true
linux memory high-water	Run Swatinem/rust-cache@v2	2026-09-11T23:29:53.0796350Z   cache-targets: true
linux memory high-water	Run Swatinem/rust-cache@v2	2026-09-11T23:29:53.0796644Z   cache-all-crates: false
linux memory high-water	Run Swatinem/rust-cache@v2	2026-09-11T23:29:53.0796973Z   cache-workspace-crates: false
linux memory high-water	Run Swatinem/rust-cache@v2	2026-09-11T23:29:53.0797320Z   save-if: true
linux memory high-water	Run Swatinem/rust-cache@v2	2026-09-11T23:29:53.0797599Z   cache-provider: github
linux memory high-water	Run Swatinem/rust-cache@v2	2026-09-11T23:29:53.0797898Z   cache-bin: true
linux memory high-water	Run Swatinem/rust-cache@v2	2026-09-11T23:29:53.0798171Z   lookup-only: false
linux memory high-water	Run Swatinem/rust-cache@v2	2026-09-11T23:29:53.0798446Z   cmd-format: {0}
linux memory high-water	Run Swatinem/rust-cache@v2	2026-09-11T23:29:53.0798705Z env:
linux memory high-water	Run Swatinem/rust-cache@v2	2026-09-11T23:29:53.0798956Z   CARGO_TERM_COLOR: always
linux memory high-water	Run Swatinem/rust-cache@v2	2026-09-11T23:29:53.0799251Z   SHELL: /bin/bash
linux memory high-water	Run Swatinem/rust-cache@v2	2026-09-11T23:29:53.0799524Z   CARGO_INCREMENTAL: 0
linux memory high-water	Run Swatinem/rust-cache@v2	2026-09-11T23:29:53.0799827Z   CARGO_HOME: /home/runner/.cargo
linux memory high-water	Run Swatinem/rust-cache@v2	2026-09-11T23:29:53.0800183Z ##[endgroup]
linux memory high-water	Run Swatinem/rust-cache@v2	2026-09-11T23:29:54.8643740Z ##[group]Cache Configuration
linux memory high-water	Run Swatinem/rust-cache@v2	2026-09-11T23:29:54.8644856Z Cache Provider:
linux memory high-water	Run Swatinem/rust-cache@v2	2026-09-11T23:29:54.8645718Z     github
linux memory high-water	Run Swatinem/rust-cache@v2	2026-09-11T23:29:54.8646369Z Workspaces:
linux memory high-water	Run Swatinem/rust-cache@v2	2026-09-11T23:29:54.8647032Z     /home/runner/work/ovrcr/ovrcr
linux memory high-water	Run Swatinem/rust-cache@v2	2026-09-11T23:29:54.8647720Z Cache Paths:
linux memory high-water	Run Swatinem/rust-cache@v2	2026-09-11T23:29:54.8648290Z     /home/runner/.cargo/bin
linux memory high-water	Run Swatinem/rust-cache@v2	2026-09-11T23:29:54.8648996Z     /home/runner/.cargo/.crates.toml
linux memory high-water	Run Swatinem/rust-cache@v2	2026-09-11T23:29:54.8649784Z     /home/runner/.cargo/.crates2.json
linux memory high-water	Run Swatinem/rust-cache@v2	2026-09-11T23:29:54.8650591Z     /home/runner/.cargo/registry
linux memory high-water	Run Swatinem/rust-cache@v2	2026-09-11T23:29:54.8651336Z     /home/runner/.cargo/git
linux memory high-water	Run Swatinem/rust-cache@v2	2026-09-11T23:29:54.8652322Z     /home/runner/work/ovrcr/ovrcr/target
linux memory high-water	Run Swatinem/rust-cache@v2	2026-09-11T23:29:54.8653122Z Restore Key:
linux memory high-water	Run Swatinem/rust-cache@v2	2026-09-11T23:29:54.8653778Z     v0-rust-linux-memory-Linux-x64-6ff13d87
linux memory high-water	Run Swatinem/rust-cache@v2	2026-09-11T23:29:54.8654557Z Cache Key:
linux memory high-water	Run Swatinem/rust-cache@v2	2026-09-11T23:29:54.8655189Z     v0-rust-linux-memory-Linux-x64-6ff13d87-7a5a2c39
linux memory high-water	Run Swatinem/rust-cache@v2	2026-09-11T23:29:54.8655902Z .. Prefix:
linux memory high-water	Run Swatinem/rust-cache@v2	2026-09-11T23:29:54.8656470Z   - v0-rust-linux-memory-Linux-x64
linux memory high-water	Run Swatinem/rust-cache@v2	2026-09-11T23:29:54.8657268Z .. Environment considered:
linux memory high-water	Run Swatinem/rust-cache@v2	2026-09-11T23:29:54.8657983Z   - Rust Versions:
linux memory high-water	Run Swatinem/rust-cache@v2	2026-09-11T23:29:54.8658867Z     - 1.98.1 x86_64-unknown-linux-gnu 48a229ceaefd4985c50990b14116b6d856af0985
linux memory high-water	Run Swatinem/rust-cache@v2	2026-09-11T23:29:54.8659872Z   - CARGO_HOME
linux memory high-water	Run Swatinem/rust-cache@v2	2026-09-11T23:29:54.8660831Z   - CARGO_INCREMENTAL
linux memory high-water	Run Swatinem/rust-cache@v2	2026-09-11T23:29:54.8661544Z   - CARGO_TERM_COLOR
linux memory high-water	Run Swatinem/rust-cache@v2	2026-09-11T23:29:54.8662400Z .. Lockfiles considered:
linux memory high-water	Run Swatinem/rust-cache@v2	2026-09-11T23:29:54.8662991Z   - /home/runner/work/ovrcr/ovrcr/Cargo.lock
linux memory high-water	Run Swatinem/rust-cache@v2	2026-09-11T23:29:54.8663676Z   - /home/runner/work/ovrcr/ovrcr/Cargo.toml
linux memory high-water	Run Swatinem/rust-cache@v2	2026-09-11T23:29:54.8664502Z   - /home/runner/work/ovrcr/ovrcr/crates/ovrcr-protocol/Cargo.toml
linux memory high-water	Run Swatinem/rust-cache@v2	2026-09-11T23:29:54.8665513Z   - /home/runner/work/ovrcr/ovrcr/crates/ovrcr-runtime/Cargo.toml
linux memory high-water	Run Swatinem/rust-cache@v2	2026-09-11T23:29:54.8666542Z   - /home/runner/work/ovrcr/ovrcr/crates/ovrcr-terminal/Cargo.toml
linux memory high-water	Run Swatinem/rust-cache@v2	2026-09-11T23:29:54.8667569Z   - /home/runner/work/ovrcr/ovrcr/crates/ovrcr-tui/Cargo.toml
linux memory high-water	Run Swatinem/rust-cache@v2	2026-09-11T23:29:54.8668687Z ##[endgroup]
linux memory high-water	Run Swatinem/rust-cache@v2	2026-09-11T23:29:54.8669150Z 
linux memory high-water	Run Swatinem/rust-cache@v2	2026-09-11T23:29:54.8669523Z ... Restoring cache ...
linux memory high-water	Run Swatinem/rust-cache@v2	2026-09-11T23:29:54.9267903Z Cache hit for: v0-rust-linux-memory-Linux-x64-6ff13d87-7a5a2c39
linux memory high-water	Run Swatinem/rust-cache@v2	2026-09-11T23:29:55.9913719Z Received 205520896 of 228903364 (89.8%), 194.6 MBs/sec
linux memory high-water	Run Swatinem/rust-cache@v2	2026-09-11T23:29:56.0684347Z Received 228903364 of 228903364 (100.0%), 201.4 MBs/sec
linux memory high-water	Run Swatinem/rust-cache@v2	2026-09-11T23:29:56.0689406Z Cache Size: ~218 MB (228903364 B)
linux memory high-water	Run Swatinem/rust-cache@v2	2026-09-11T23:29:56.0726823Z [command]/usr/bin/tar -xf /home/runner/work/_temp/7dbc5ce7-fbc7-4dbd-808c-40a5da984a29/cache.tzst -P -C /home/runner/work/ovrcr/ovrcr --use-compress-program unzstd
linux memory high-water	Run Swatinem/rust-cache@v2	2026-09-11T23:29:57.8122876Z Cache restored successfully
linux memory high-water	Run Swatinem/rust-cache@v2	2026-09-11T23:29:57.8230667Z Restored from cache key "v0-rust-linux-memory-Linux-x64-6ff13d87-7a5a2c39" full match: true.
linux memory high-water	Compile memory fixture	﻿2026-09-11T23:29:57.8403307Z ##[group]Run cargo test --test claude_reporting_load --features acceptance-diagnostics --no-run
linux memory high-water	Compile memory fixture	2026-09-11T23:29:57.8404118Z ^[[36;1mcargo test --test claude_reporting_load --features acceptance-diagnostics --no-run^[[0m
linux memory high-water	Compile memory fixture	2026-09-11T23:29:57.8442892Z shell: /usr/bin/bash -e {0}
linux memory high-water	Compile memory fixture	2026-09-11T23:29:57.8443185Z env:
linux memory high-water	Compile memory fixture	2026-09-11T23:29:57.8443403Z   CARGO_TERM_COLOR: always
linux memory high-water	Compile memory fixture	2026-09-11T23:29:57.8443660Z   SHELL: /bin/bash
linux memory high-water	Compile memory fixture	2026-09-11T23:29:57.8443886Z   CARGO_INCREMENTAL: 0
linux memory high-water	Compile memory fixture	2026-09-11T23:29:57.8444131Z   CARGO_HOME: /home/runner/.cargo
linux memory high-water	Compile memory fixture	2026-09-11T23:29:57.8444413Z   CACHE_ON_FAILURE: true
linux memory high-water	Compile memory fixture	2026-09-11T23:29:57.8444656Z ##[endgroup]
linux memory high-water	Compile memory fixture	2026-09-11T23:29:59.5957753Z ^[[1m^[[92m    Updating^[[0m crates.io index
linux memory high-water	Compile memory fixture	2026-09-11T23:30:00.6876873Z ^[[1m^[[92m   Compiling^[[0m ovrcr-protocol v0.1.0 (/home/runner/work/ovrcr/ovrcr/crates/ovrcr-protocol)
linux memory high-water	Compile memory fixture	2026-09-11T23:30:07.1217581Z ^[[1m^[[92m   Compiling^[[0m ovrcr-terminal v0.1.0 (/home/runner/work/ovrcr/ovrcr/crates/ovrcr-terminal)
linux memory high-water	Compile memory fixture	2026-09-11T23:30:07.6433607Z ^[[1m^[[92m   Compiling^[[0m ovrcr-runtime v0.1.0 (/home/runner/work/ovrcr/ovrcr/crates/ovrcr-runtime)
linux memory high-water	Compile memory fixture	2026-09-11T23:30:08.0432339Z ^[[1m^[[92m   Compiling^[[0m ovrcr-tui v0.1.0 (/home/runner/work/ovrcr/ovrcr/crates/ovrcr-tui)
linux memory high-water	Compile memory fixture	2026-09-11T23:30:14.5148143Z ^[[1m^[[92m   Compiling^[[0m ovrcr v0.1.0 (/home/runner/work/ovrcr/ovrcr)
linux memory high-water	Compile memory fixture	2026-09-11T23:30:20.9153784Z ^[[1m^[[92m    Finished^[[0m `test` profile [unoptimized + debuginfo] target(s) in 23.05s
linux memory high-water	Compile memory fixture	2026-09-11T23:30:20.9599106Z ^[[1m^[[92m  Executable^[[0m tests/claude_reporting_load.rs (target/debug/deps/claude_reporting_load-0fc3a6db463816a8)
linux memory high-water	Record isolated host provenance	﻿2026-09-11T23:30:21.0176607Z ##[group]Run mkdir -p target/hosted-linux-memory
linux memory high-water	Record isolated host provenance	2026-09-11T23:30:21.0177378Z ^[[36;1mmkdir -p target/hosted-linux-memory^[[0m
linux memory high-water	Record isolated host provenance	2026-09-11T23:30:21.0177955Z ^[[36;1mgit rev-parse HEAD > target/hosted-linux-memory/revision.txt^[[0m
linux memory high-water	Record isolated host provenance	2026-09-11T23:30:21.0178451Z ^[[36;1muname -a > target/hosted-linux-memory/uname.txt^[[0m
linux memory high-water	Record isolated host provenance	2026-09-11T23:30:21.0178852Z ^[[36;1mrustc -Vv > target/hosted-linux-memory/rustc.txt^[[0m
linux memory high-water	Record isolated host provenance	2026-09-11T23:30:21.0179284Z ^[[36;1mcat /proc/meminfo > target/hosted-linux-memory/meminfo.txt^[[0m
linux memory high-water	Record isolated host provenance	2026-09-11T23:30:21.0179718Z ^[[36;1mdf -k . > target/hosted-linux-memory/disk.txt^[[0m
linux memory high-water	Record isolated host provenance	2026-09-11T23:30:21.0180152Z ^[[36;1mcat /proc/self/cgroup > target/hosted-linux-memory/cgroup.txt^[[0m
linux memory high-water	Record isolated host provenance	2026-09-11T23:30:21.0215892Z shell: /usr/bin/bash -e {0}
linux memory high-water	Record isolated host provenance	2026-09-11T23:30:21.0216171Z env:
linux memory high-water	Record isolated host provenance	2026-09-11T23:30:21.0216382Z   CARGO_TERM_COLOR: always
linux memory high-water	Record isolated host provenance	2026-09-11T23:30:21.0216636Z   SHELL: /bin/bash
linux memory high-water	Record isolated host provenance	2026-09-11T23:30:21.0216860Z   CARGO_INCREMENTAL: 0
linux memory high-water	Record isolated host provenance	2026-09-11T23:30:21.0217100Z   CARGO_HOME: /home/runner/.cargo
linux memory high-water	Record isolated host provenance	2026-09-11T23:30:21.0217405Z   CACHE_ON_FAILURE: true
linux memory high-water	Record isolated host provenance	2026-09-11T23:30:21.0217646Z ##[endgroup]
linux memory high-water	Run preflighted raw/index and sequential JSON acceptance	﻿2026-09-11T23:30:21.1183948Z ##[group]Run set +e
linux memory high-water	Run preflighted raw/index and sequential JSON acceptance	2026-09-11T23:30:21.1184271Z ^[[36;1mset +e^[[0m
linux memory high-water	Run preflighted raw/index and sequential JSON acceptance	2026-09-11T23:30:21.1185151Z ^[[36;1mcargo test --test claude_reporting_load --features acceptance-diagnostics fifty_collector_raw_index_and_sequential_json_high_water -- --ignored --exact --nocapture 2>&1 | tee target/hosted-linux-memory/test.log^[[0m
linux memory high-water	Run preflighted raw/index and sequential JSON acceptance	2026-09-11T23:30:21.1186085Z ^[[36;1mresult=${PIPESTATUS[0]}^[[0m
linux memory high-water	Run preflighted raw/index and sequential JSON acceptance	2026-09-11T23:30:21.1186436Z ^[[36;1mecho "$result" > target/hosted-linux-memory/test.exit^[[0m
linux memory high-water	Run preflighted raw/index and sequential JSON acceptance	2026-09-11T23:30:21.1186790Z ^[[36;1mexit "$result"^[[0m
linux memory high-water	Run preflighted raw/index and sequential JSON acceptance	2026-09-11T23:30:21.1234660Z shell: /usr/bin/bash -e {0}
linux memory high-water	Run preflighted raw/index and sequential JSON acceptance	2026-09-11T23:30:21.1234945Z env:
linux memory high-water	Run preflighted raw/index and sequential JSON acceptance	2026-09-11T23:30:21.1235161Z   CARGO_TERM_COLOR: always
linux memory high-water	Run preflighted raw/index and sequential JSON acceptance	2026-09-11T23:30:21.1235419Z   SHELL: /bin/bash
linux memory high-water	Run preflighted raw/index and sequential JSON acceptance	2026-09-11T23:30:21.1235644Z   CARGO_INCREMENTAL: 0
linux memory high-water	Run preflighted raw/index and sequential JSON acceptance	2026-09-11T23:30:21.1235919Z   CARGO_HOME: /home/runner/.cargo
linux memory high-water	Run preflighted raw/index and sequential JSON acceptance	2026-09-11T23:30:21.1236244Z   CACHE_ON_FAILURE: true
linux memory high-water	Run preflighted raw/index and sequential JSON acceptance	2026-09-11T23:30:21.1236918Z   OVRCR_MEMORY_EVIDENCE: /home/runner/work/ovrcr/ovrcr/target/hosted-linux-memory
linux memory high-water	Run preflighted raw/index and sequential JSON acceptance	2026-09-11T23:30:21.1237710Z ##[endgroup]
linux memory high-water	Run preflighted raw/index and sequential JSON acceptance	2026-09-11T23:30:21.3464020Z ^[[1m^[[92m    Finished^[[0m `test` profile [unoptimized + debuginfo] target(s) in 0.17s
linux memory high-water	Run preflighted raw/index and sequential JSON acceptance	2026-09-11T23:30:21.3593502Z ^[[1m^[[92m     Running^[[0m tests/claude_reporting_load.rs (target/debug/deps/claude_reporting_load-0fc3a6db463816a8)
linux memory high-water	Run preflighted raw/index and sequential JSON acceptance	2026-09-11T23:30:21.3610343Z 
linux memory high-water	Run preflighted raw/index and sequential JSON acceptance	2026-09-11T23:30:21.3632299Z running 1 test
linux memory high-water	Run preflighted raw/index and sequential JSON acceptance	2026-09-11T23:31:21.4143160Z test fifty_collector_raw_index_and_sequential_json_high_water has been running for over 60 seconds
linux memory high-water	Run preflighted raw/index and sequential JSON acceptance	2026-09-11T23:31:55.4927537Z test fifty_collector_raw_index_and_sequential_json_high_water ... ok
linux memory high-water	Run preflighted raw/index and sequential JSON acceptance	2026-09-11T23:31:55.4932507Z 
linux memory high-water	Run preflighted raw/index and sequential JSON acceptance	2026-09-11T23:31:55.4933229Z test result: ok. 1 passed; 0 failed; 0 ignored; 0 measured; 1 filtered out; finished in 94.13s
linux memory high-water	Run preflighted raw/index and sequential JSON acceptance	2026-09-11T23:31:55.4934035Z 
linux memory high-water	Upload memory evidence	﻿2026-09-11T23:31:55.5060012Z Node 20 is being deprecated. This workflow is running with Node 24 by default. If you need to temporarily use Node 20, you can set the ACTIONS_ALLOW_USE_UNSECURE_NODE_VERSION=true environment variable. For more information see: https://github.blog/changelog/2025-09-19-deprecation-of-node-20-on-github-actions-runners/
linux memory high-water	Upload memory evidence	2026-09-11T23:31:55.5061390Z ##[group]Run actions/upload-artifact@v4
linux memory high-water	Upload memory evidence	2026-09-11T23:31:55.5061677Z with:
linux memory high-water	Upload memory evidence	2026-09-11T23:31:55.5062247Z   name: linux-memory-34658269165-1
linux memory high-water	Upload memory evidence	2026-09-11T23:31:55.5062552Z   path: target/hosted-linux-memory/
linux memory high-water	Upload memory evidence	2026-09-11T23:31:55.5062839Z   if-no-files-found: error
linux memory high-water	Upload memory evidence	2026-09-11T23:31:55.5063084Z   retention-days: 14
linux memory high-water	Upload memory evidence	2026-09-11T23:31:55.5063316Z   compression-level: 6
linux memory high-water	Upload memory evidence	2026-09-11T23:31:55.5063536Z   overwrite: false
linux memory high-water	Upload memory evidence	2026-09-11T23:31:55.5063760Z   include-hidden-files: false
linux memory high-water	Upload memory evidence	2026-09-11T23:31:55.5064009Z env:
linux memory high-water	Upload memory evidence	2026-09-11T23:31:55.5064201Z   CARGO_TERM_COLOR: always
linux memory high-water	Upload memory evidence	2026-09-11T23:31:55.5064442Z   SHELL: /bin/bash
linux memory high-water	Upload memory evidence	2026-09-11T23:31:55.5064651Z   CARGO_INCREMENTAL: 0
linux memory high-water	Upload memory evidence	2026-09-11T23:31:55.5064912Z   CARGO_HOME: /home/runner/.cargo
linux memory high-water	Upload memory evidence	2026-09-11T23:31:55.5065170Z   CACHE_ON_FAILURE: true
linux memory high-water	Upload memory evidence	2026-09-11T23:31:55.5065396Z ##[endgroup]
linux memory high-water	Upload memory evidence	2026-09-11T23:31:55.6881186Z (node:2651) [DEP0040] DeprecationWarning: The `punycode` module is deprecated. Please use a userland alternative instead.
linux memory high-water	Upload memory evidence	2026-09-11T23:31:55.6883159Z (Use `node --trace-deprecation ...` to show where the warning was created)
linux memory high-water	Upload memory evidence	2026-09-11T23:31:55.7076891Z With the provided path, there will be 10 files uploaded
linux memory high-water	Upload memory evidence	2026-09-11T23:31:55.7078755Z Artifact name is valid!
linux memory high-water	Upload memory evidence	2026-09-11T23:31:55.7079680Z Root directory input is valid!
linux memory high-water	Upload memory evidence	2026-09-11T23:31:55.8874108Z Beginning upload of artifact content to blob storage
linux memory high-water	Upload memory evidence	2026-09-11T23:31:55.9555782Z (node:2651) [DEP0169] DeprecationWarning: `url.parse()` behavior is not standardized and prone to errors that have security implications. Use the WHATWG URL API instead. CVEs are not issued for `url.parse()` vulnerabilities.
linux memory high-water	Upload memory evidence	2026-09-11T23:31:56.0053251Z Uploaded bytes 59693
linux memory high-water	Upload memory evidence	2026-09-11T23:31:56.0198378Z Finished uploading artifact content to blob storage!
linux memory high-water	Upload memory evidence	2026-09-11T23:31:56.0200221Z SHA256 digest of uploaded artifact zip is f8de5204196159609500f26f4c8f1b5a392538668b42670c7f473405f064695b
linux memory high-water	Upload memory evidence	2026-09-11T23:31:56.0201621Z Finalizing artifact upload
linux memory high-water	Upload memory evidence	2026-09-11T23:31:56.2192805Z Artifact linux-memory-34658269165-1.zip successfully finalized. Artifact ID 10286608499
linux memory high-water	Upload memory evidence	2026-09-11T23:31:56.2194415Z Artifact linux-memory-34658269165-1 has been successfully uploaded! Final size is 59693 bytes. Artifact ID is 10286608499
linux memory high-water	Upload memory evidence	2026-09-11T23:31:56.2196024Z Artifact download URL: https://github.com/xlyk/ovrcr/actions/runs/34658269165/artifacts/10286608499
linux memory high-water	Post Run Swatinem/rust-cache@v2	﻿2026-09-11T23:31:56.2382700Z Post job cleanup.
linux memory high-water	Post Run Swatinem/rust-cache@v2	2026-09-11T23:31:56.3705012Z Cache up-to-date.
linux memory high-water	Post Run actions/checkout@v4	﻿2026-09-11T23:31:56.3963358Z Node 20 is being deprecated. This workflow is running with Node 24 by default. If you need to temporarily use Node 20, you can set the ACTIONS_ALLOW_USE_UNSECURE_NODE_VERSION=true environment variable. For more information see: https://github.blog/changelog/2025-09-19-deprecation-of-node-20-on-github-actions-runners/
linux memory high-water	Post Run actions/checkout@v4	2026-09-11T23:31:56.3965600Z Post job cleanup.
linux memory high-water	Post Run actions/checkout@v4	2026-09-11T23:31:56.5031672Z [command]/usr/bin/git version
linux memory high-water	Post Run actions/checkout@v4	2026-09-11T23:31:56.5102804Z git version 2.55.0
linux memory high-water	Post Run actions/checkout@v4	2026-09-11T23:31:56.5211260Z Temporarily overriding HOME='/home/runner/work/_temp/4c90b523-df5f-4092-86b0-d9350bae152f' before making global git config changes
linux memory high-water	Post Run actions/checkout@v4	2026-09-11T23:31:56.5252922Z Adding repository directory to the temporary git global config as a safe directory
linux memory high-water	Post Run actions/checkout@v4	2026-09-11T23:31:56.5279379Z [command]/usr/bin/git config --global --add safe.directory /home/runner/work/ovrcr/ovrcr
linux memory high-water	Post Run actions/checkout@v4	2026-09-11T23:31:56.5412903Z [command]/usr/bin/git config --local --name-only --get-regexp core\.sshCommand
linux memory high-water	Post Run actions/checkout@v4	2026-09-11T23:31:56.5510791Z [command]/usr/bin/git submodule foreach --recursive sh -c "git config --local --name-only --get-regexp 'core\.sshCommand' && git config --local --unset-all 'core.sshCommand' || :"
linux memory high-water	Post Run actions/checkout@v4	2026-09-11T23:31:56.5727652Z [command]/usr/bin/git config --local --name-only --get-regexp http\.https\:\/\/github\.com\/\.extraheader
linux memory high-water	Post Run actions/checkout@v4	2026-09-11T23:31:56.5757428Z http.https://github.com/.extraheader
linux memory high-water	Post Run actions/checkout@v4	2026-09-11T23:31:56.5760955Z [command]/usr/bin/git config --local --unset-all http.https://github.com/.extraheader
linux memory high-water	Post Run actions/checkout@v4	2026-09-11T23:31:56.5844860Z [command]/usr/bin/git submodule foreach --recursive sh -c "git config --local --name-only --get-regexp 'http\.https\:\/\/github\.com\/\.extraheader' && git config --local --unset-all 'http.https://github.com/.extraheader' || :"
linux memory high-water	Post Run actions/checkout@v4	2026-09-11T23:31:56.6232329Z [command]/usr/bin/git config --local --name-only --get-regexp ^includeIf\.gitdir:
linux memory high-water	Post Run actions/checkout@v4	2026-09-11T23:31:56.6312227Z [command]/usr/bin/git submodule foreach --recursive git config --local --show-origin --name-only --get-regexp remote.origin.url
linux memory high-water	Complete job	﻿2026-09-11T23:31:56.6966840Z Cleaning up orphan processes
linux memory high-water	Complete job	2026-09-11T23:31:56.7257574Z ##[warning]Node.js 20 is deprecated. The following actions target Node.js 20 but are being forced to run on Node.js 24: actions/checkout@v4, actions/upload-artifact@v4. For more information see: https://github.blog/changelog/2025-09-19-deprecation-of-node-20-on-github-actions-runners/
checks	Set up job	﻿2026-09-11T23:29:55.3079660Z Current runner version: '2.337.0'
checks	Set up job	2026-09-11T23:29:55.3100710Z ##[group]Runner Image Provisioner
checks	Set up job	2026-09-11T23:29:55.3101470Z Hosted Compute Agent
checks	Set up job	2026-09-11T23:29:55.3101870Z Version: 20260828.587
checks	Set up job	2026-09-11T23:29:55.3102310Z Commit: abac92662cab4cc7352de4f9f9d2e2419aad9c29
checks	Set up job	2026-09-11T23:29:55.3102810Z Build Date: 2026-08-28T16:44:25Z
checks	Set up job	2026-09-11T23:29:55.3103270Z Worker ID: {7c9c6c2d-22b1-48c0-a34d-efe57574fbe6}
checks	Set up job	2026-09-11T23:29:55.3104010Z Azure Region: westus
checks	Set up job	2026-09-11T23:29:55.3104460Z ##[endgroup]
checks	Set up job	2026-09-11T23:29:55.3105610Z ##[group]Operating System
checks	Set up job	2026-09-11T23:29:55.3106040Z macOS
checks	Set up job	2026-09-11T23:29:55.3106370Z 26.6.2
checks	Set up job	2026-09-11T23:29:55.3106720Z 25G83
checks	Set up job	2026-09-11T23:29:55.3107060Z ##[endgroup]
checks	Set up job	2026-09-11T23:29:55.3107420Z ##[group]Runner Image
checks	Set up job	2026-09-11T23:29:55.3107810Z Image: macos-26-arm64
checks	Set up job	2026-09-11T23:29:55.3108200Z Version: 20260907.0351.1
checks	Set up job	2026-09-11T23:29:55.3109050Z Included Software: https://github.com/actions/runner-images/blob/macos-26-arm64/20260907.0351/images/macos/macos-26-arm64-Readme.md
checks	Set up job	2026-09-11T23:29:55.3110370Z Image Release: https://github.com/actions/runner-images/releases/tag/macos-26-arm64%2F20260907.0351
checks	Set up job	2026-09-11T23:29:55.3111050Z ##[endgroup]
checks	Set up job	2026-09-11T23:29:55.3112060Z ##[group]GITHUB_TOKEN Permissions
checks	Set up job	2026-09-11T23:29:55.3114310Z Contents: read
checks	Set up job	2026-09-11T23:29:55.3114850Z Metadata: read
checks	Set up job	2026-09-11T23:29:55.3115240Z Packages: read
checks	Set up job	2026-09-11T23:29:55.3115710Z ##[endgroup]
checks	Set up job	2026-09-11T23:29:55.3117630Z Secret source: Actions
checks	Set up job	2026-09-11T23:29:55.3118440Z Cache mode: write
checks	Set up job	2026-09-11T23:29:55.3119010Z Prepare workflow directory
checks	Set up job	2026-09-11T23:29:55.3754060Z Prepare all required actions
checks	Set up job	2026-09-11T23:29:55.3865540Z Getting action download info
checks	Set up job	2026-09-11T23:29:55.6667870Z Download action repository 'actions/checkout@v4' (SHA:11d5960a326750d5838078e36cf38b85af677262)
checks	Set up job	2026-09-11T23:29:56.0419270Z Download action repository 'dtolnay/rust-toolchain@stable' (SHA:6bed0761d98439e5a578e2877258200ad565ba87)
checks	Set up job	2026-09-11T23:29:56.3266000Z Download action repository 'Swatinem/rust-cache@v2' (SHA:6323deb102c322ba6fcbdcafc7e3dddab59af2b6)
checks	Set up job	2026-09-11T23:29:56.8925380Z Complete job name: checks
checks	Run actions/checkout@v4	﻿2026-09-11T23:29:56.9461980Z Node 20 is being deprecated. This workflow is running with Node 24 by default. If you need to temporarily use Node 20, you can set the ACTIONS_ALLOW_USE_UNSECURE_NODE_VERSION=true environment variable. For more information see: https://github.blog/changelog/2025-09-19-deprecation-of-node-20-on-github-actions-runners/
checks	Run actions/checkout@v4	2026-09-11T23:29:56.9469130Z ##[group]Run actions/checkout@v4
checks	Run actions/checkout@v4	2026-09-11T23:29:56.9469640Z with:
checks	Run actions/checkout@v4	2026-09-11T23:29:56.9469960Z   repository: xlyk/ovrcr
checks	Run actions/checkout@v4	2026-09-11T23:29:56.9472710Z   token: ***
checks	Run actions/checkout@v4	2026-09-11T23:29:56.9473020Z   ssh-strict: true
checks	Run actions/checkout@v4	2026-09-11T23:29:56.9473340Z   ssh-user: git
checks	Run actions/checkout@v4	2026-09-11T23:29:56.9473660Z   persist-credentials: true
checks	Run actions/checkout@v4	2026-09-11T23:29:56.9474010Z   clean: true
checks	Run actions/checkout@v4	2026-09-11T23:29:56.9474330Z   sparse-checkout-cone-mode: true
checks	Run actions/checkout@v4	2026-09-11T23:29:56.9474710Z   fetch-depth: 1
checks	Run actions/checkout@v4	2026-09-11T23:29:56.9475030Z   fetch-tags: false
checks	Run actions/checkout@v4	2026-09-11T23:29:56.9475350Z   show-progress: true
checks	Run actions/checkout@v4	2026-09-11T23:29:56.9475710Z   lfs: false
checks	Run actions/checkout@v4	2026-09-11T23:29:56.9476100Z   submodules: false
checks	Run actions/checkout@v4	2026-09-11T23:29:56.9476470Z   set-safe-directory: true
checks	Run actions/checkout@v4	2026-09-11T23:29:56.9476840Z   allow-unsafe-pr-checkout: false
checks	Run actions/checkout@v4	2026-09-11T23:29:56.9477360Z env:
checks	Run actions/checkout@v4	2026-09-11T23:29:56.9477680Z   CARGO_TERM_COLOR: always
checks	Run actions/checkout@v4	2026-09-11T23:29:56.9478020Z ##[endgroup]
checks	Run actions/checkout@v4	2026-09-11T23:29:57.3477280Z Syncing repository: xlyk/ovrcr
checks	Run actions/checkout@v4	2026-09-11T23:29:57.3478900Z ##[group]Getting Git version info
checks	Run actions/checkout@v4	2026-09-11T23:29:57.3479470Z Working directory is '/Users/runner/work/ovrcr/ovrcr'
checks	Run actions/checkout@v4	2026-09-11T23:29:57.3480440Z [command]/opt/homebrew/bin/git version
checks	Run actions/checkout@v4	2026-09-11T23:29:57.4028560Z git version 2.55.0
checks	Run actions/checkout@v4	2026-09-11T23:29:57.4041930Z ##[endgroup]
checks	Run actions/checkout@v4	2026-09-11T23:29:57.4053990Z Copying '/Users/runner/.gitconfig' to '/Users/runner/work/_temp/29518c13-1efd-4027-aecc-a72fd3972561/.gitconfig'
checks	Run actions/checkout@v4	2026-09-11T23:29:57.4058630Z Temporarily overriding HOME='/Users/runner/work/_temp/29518c13-1efd-4027-aecc-a72fd3972561' before making global git config changes
checks	Run actions/checkout@v4	2026-09-11T23:29:57.4064750Z Adding repository directory to the temporary git global config as a safe directory
checks	Run actions/checkout@v4	2026-09-11T23:29:57.4066160Z [command]/opt/homebrew/bin/git config --global --add safe.directory /Users/runner/work/ovrcr/ovrcr
checks	Run actions/checkout@v4	2026-09-11T23:29:57.4315420Z Deleting the contents of '/Users/runner/work/ovrcr/ovrcr'
checks	Run actions/checkout@v4	2026-09-11T23:29:57.4319210Z ##[group]Initializing the repository
checks	Run actions/checkout@v4	2026-09-11T23:29:57.4320420Z [command]/opt/homebrew/bin/git init /Users/runner/work/ovrcr/ovrcr
checks	Run actions/checkout@v4	2026-09-11T23:29:57.4729570Z hint: Using 'master' as the name for the initial branch. This default branch name
checks	Run actions/checkout@v4	2026-09-11T23:29:57.4751280Z hint: will change to "main" in Git 3.0. To configure the initial branch name
checks	Run actions/checkout@v4	2026-09-11T23:29:57.4755330Z hint: to use in all of your new repositories, which will suppress this warning,
checks	Run actions/checkout@v4	2026-09-11T23:29:57.4774620Z hint: call:
checks	Run actions/checkout@v4	2026-09-11T23:29:57.4785220Z hint:
checks	Run actions/checkout@v4	2026-09-11T23:29:57.4787320Z hint: 	git config --global init.defaultBranch <name>
checks	Run actions/checkout@v4	2026-09-11T23:29:57.4789060Z hint:
checks	Run actions/checkout@v4	2026-09-11T23:29:57.4790980Z hint: Names commonly chosen instead of 'master' are 'main', 'trunk' and
checks	Run actions/checkout@v4	2026-09-11T23:29:57.4793450Z hint: 'development'. The just-created branch can be renamed via this command:
checks	Run actions/checkout@v4	2026-09-11T23:29:57.4796460Z hint:
checks	Run actions/checkout@v4	2026-09-11T23:29:57.4797930Z hint: 	git branch -m <name>
checks	Run actions/checkout@v4	2026-09-11T23:29:57.4799590Z hint:
checks	Run actions/checkout@v4	2026-09-11T23:29:57.4801580Z hint: Disable this message with "git config set advice.defaultBranchName false"
checks	Run actions/checkout@v4	2026-09-11T23:29:57.4804590Z Initialized empty Git repository in /Users/runner/work/ovrcr/ovrcr/.git/
checks	Run actions/checkout@v4	2026-09-11T23:29:57.4810800Z [command]/opt/homebrew/bin/git remote add origin https://github.com/xlyk/ovrcr
checks	Run actions/checkout@v4	2026-09-11T23:29:57.4818360Z ##[endgroup]
checks	Run actions/checkout@v4	2026-09-11T23:29:57.4825600Z ##[group]Disabling automatic garbage collection
checks	Run actions/checkout@v4	2026-09-11T23:29:57.4826590Z [command]/opt/homebrew/bin/git config --local gc.auto 0
checks	Run actions/checkout@v4	2026-09-11T23:29:57.4860620Z ##[endgroup]
checks	Run actions/checkout@v4	2026-09-11T23:29:57.4861560Z ##[group]Setting up auth
checks	Run actions/checkout@v4	2026-09-11T23:29:57.4862710Z [command]/opt/homebrew/bin/git config --local --name-only --get-regexp core\.sshCommand
checks	Run actions/checkout@v4	2026-09-11T23:29:57.4991910Z [command]/opt/homebrew/bin/git submodule foreach --recursive sh -c "git config --local --name-only --get-regexp 'core\.sshCommand' && git config --local --unset-all 'core.sshCommand' || :"
checks	Run actions/checkout@v4	2026-09-11T23:29:57.6544630Z [command]/opt/homebrew/bin/git config --local --name-only --get-regexp http\.https\:\/\/github\.com\/\.extraheader
checks	Run actions/checkout@v4	2026-09-11T23:29:57.6645700Z [command]/opt/homebrew/bin/git submodule foreach --recursive sh -c "git config --local --name-only --get-regexp 'http\.https\:\/\/github\.com\/\.extraheader' && git config --local --unset-all 'http.https://github.com/.extraheader' || :"
checks	Run actions/checkout@v4	2026-09-11T23:29:57.8364750Z [command]/opt/homebrew/bin/git config --local --name-only --get-regexp ^includeIf\.gitdir:
checks	Run actions/checkout@v4	2026-09-11T23:29:57.8671390Z [command]/opt/homebrew/bin/git submodule foreach --recursive git config --local --show-origin --name-only --get-regexp remote.origin.url
checks	Run actions/checkout@v4	2026-09-11T23:29:58.0203890Z [command]/opt/homebrew/bin/git config --local http.https://github.com/.extraheader AUTHORIZATION: basic ***
checks	Run actions/checkout@v4	2026-09-11T23:29:58.0306260Z ##[endgroup]
checks	Run actions/checkout@v4	2026-09-11T23:29:58.0308470Z ##[group]Fetching the repository
checks	Run actions/checkout@v4	2026-09-11T23:29:58.0320630Z [command]/opt/homebrew/bin/git -c protocol.version=2 fetch --no-tags --prune --no-recurse-submodules --depth=1 origin +6e41d673ea493447768e232b8f67065b82eb1c12:refs/remotes/pull/69/merge
checks	Run actions/checkout@v4	2026-09-11T23:29:59.2036010Z From https://github.com/xlyk/ovrcr
checks	Run actions/checkout@v4	2026-09-11T23:29:59.2039420Z  * [new ref]         6e41d673ea493447768e232b8f67065b82eb1c12 -> pull/69/merge
checks	Run actions/checkout@v4	2026-09-11T23:29:59.2045230Z ##[endgroup]
checks	Run actions/checkout@v4	2026-09-11T23:29:59.2047500Z ##[group]Determining the checkout info
checks	Run actions/checkout@v4	2026-09-11T23:29:59.2050120Z ##[endgroup]
checks	Run actions/checkout@v4	2026-09-11T23:29:59.2051840Z [command]/opt/homebrew/bin/git sparse-checkout disable
checks	Run actions/checkout@v4	2026-09-11T23:29:59.2141980Z [command]/opt/homebrew/bin/git config --local --unset-all extensions.worktreeConfig
checks	Run actions/checkout@v4	2026-09-11T23:29:59.2218430Z ##[group]Checking out the ref
checks	Run actions/checkout@v4	2026-09-11T23:29:59.2225230Z [command]/opt/homebrew/bin/git checkout --progress --force refs/remotes/pull/69/merge
checks	Run actions/checkout@v4	2026-09-11T23:29:59.5539930Z HEAD is now at 6e41d67 Merge 422bc2d8a02042dfa5462920341944113d3eb7ee into 3574e9272e6464edfb484a973b33fd4c3f05384d
checks	Run actions/checkout@v4	2026-09-11T23:29:59.5548800Z ##[endgroup]
checks	Run actions/checkout@v4	2026-09-11T23:29:59.5719680Z [command]/opt/homebrew/bin/git log -1 --format=%H
checks	Run actions/checkout@v4	2026-09-11T23:29:59.5803960Z 6e41d673ea493447768e232b8f67065b82eb1c12
checks	Run dtolnay/rust-toolchain@stable	﻿2026-09-11T23:29:59.6147600Z ##[group]Run dtolnay/rust-toolchain@stable
checks	Run dtolnay/rust-toolchain@stable	2026-09-11T23:29:59.6147960Z with:
checks	Run dtolnay/rust-toolchain@stable	2026-09-11T23:29:59.6148170Z   components: rustfmt, clippy
checks	Run dtolnay/rust-toolchain@stable	2026-09-11T23:29:59.6148380Z   toolchain: stable
checks	Run dtolnay/rust-toolchain@stable	2026-09-11T23:29:59.6148570Z env:
checks	Run dtolnay/rust-toolchain@stable	2026-09-11T23:29:59.6148710Z   CARGO_TERM_COLOR: always
checks	Run dtolnay/rust-toolchain@stable	2026-09-11T23:29:59.6148870Z ##[endgroup]
checks	Run dtolnay/rust-toolchain@stable	2026-09-11T23:29:59.6201580Z ##[start-action display=Parse toolchain version;id=__dtolnay_rust-toolchain.parse]
checks	Run dtolnay/rust-toolchain@stable	2026-09-11T23:29:59.6277100Z ##[group]Run if [[ -z $toolchain ]]; then
checks	Run dtolnay/rust-toolchain@stable	2026-09-11T23:29:59.6277470Z ^[[36;1mif [[ -z $toolchain ]]; then^[[0m
checks	Run dtolnay/rust-toolchain@stable	2026-09-11T23:29:59.6277930Z ^[[36;1m  # GitHub does not enforce `required: true` inputs itself. https://github.com/actions/runner/issues/1070^[[0m
checks	Run dtolnay/rust-toolchain@stable	2026-09-11T23:29:59.6278400Z ^[[36;1m  echo "'toolchain' is a required input" >&2^[[0m
checks	Run dtolnay/rust-toolchain@stable	2026-09-11T23:29:59.6278620Z ^[[36;1m  exit 1^[[0m
checks	Run dtolnay/rust-toolchain@stable	2026-09-11T23:29:59.6278890Z ^[[36;1melif [[ $toolchain =~ ^stable' '[0-9]+' '(year|month|week|day)s?' 'ago$ ]]; then^[[0m
checks	Run dtolnay/rust-toolchain@stable	2026-09-11T23:29:59.6279220Z ^[[36;1m  if [[ macOS == macOS ]]; then^[[0m
checks	Run dtolnay/rust-toolchain@stable	2026-09-11T23:29:59.6279710Z ^[[36;1m    echo "toolchain=1.$((($(date -v-$(sed 's/stable \([0-9]*\) \(.\).*/\1\2/' <<< $toolchain) +%s)/60/60/24-16569)/7/6))" >> $GITHUB_OUTPUT^[[0m
checks	Run dtolnay/rust-toolchain@stable	2026-09-11T23:29:59.6280140Z ^[[36;1m  else^[[0m
checks	Run dtolnay/rust-toolchain@stable	2026-09-11T23:29:59.6280490Z ^[[36;1m    echo "toolchain=1.$((($(date --date "${toolchain#stable }" +%s)/60/60/24-16569)/7/6))" >> $GITHUB_OUTPUT^[[0m
checks	Run dtolnay/rust-toolchain@stable	2026-09-11T23:29:59.6280850Z ^[[36;1m  fi^[[0m
checks	Run dtolnay/rust-toolchain@stable	2026-09-11T23:29:59.6281090Z ^[[36;1melif [[ $toolchain =~ ^stable' 'minus' '[0-9]+' 'releases?$ ]]; then^[[0m
checks	Run dtolnay/rust-toolchain@stable	2026-09-11T23:29:59.6281720Z ^[[36;1m  echo "toolchain=1.$((($(date +%s)/60/60/24-16569)/7/6-${toolchain//[^0-9]/}))" >> $GITHUB_OUTPUT^[[0m
checks	Run dtolnay/rust-toolchain@stable	2026-09-11T23:29:59.6282150Z ^[[36;1melif [[ $toolchain =~ ^1\.[0-9]+$ ]]; then^[[0m
checks	Run dtolnay/rust-toolchain@stable	2026-09-11T23:29:59.6282580Z ^[[36;1m  echo "toolchain=1.$((i=${toolchain#1.}, c=($(date +%s)/60/60/24-16569)/7/6, i+9*i*(10*i<=c)+90*i*(100*i<=c)))" >> $GITHUB_OUTPUT^[[0m
checks	Run dtolnay/rust-toolchain@stable	2026-09-11T23:29:59.6282980Z ^[[36;1melse^[[0m
checks	Run dtolnay/rust-toolchain@stable	2026-09-11T23:29:59.6283170Z ^[[36;1m  echo "toolchain=$toolchain" >> $GITHUB_OUTPUT^[[0m
checks	Run dtolnay/rust-toolchain@stable	2026-09-11T23:29:59.6283410Z ^[[36;1mfi^[[0m
checks	Run dtolnay/rust-toolchain@stable	2026-09-11T23:29:59.6339500Z shell: /bin/bash --noprofile --norc -e -o pipefail {0}
checks	Run dtolnay/rust-toolchain@stable	2026-09-11T23:29:59.6340290Z env:
checks	Run dtolnay/rust-toolchain@stable	2026-09-11T23:29:59.6340720Z   CARGO_TERM_COLOR: always
checks	Run dtolnay/rust-toolchain@stable	2026-09-11T23:29:59.6341220Z   toolchain: stable
checks	Run dtolnay/rust-toolchain@stable	2026-09-11T23:29:59.6341650Z ##[endgroup]
checks	Run dtolnay/rust-toolchain@stable	2026-09-11T23:29:59.6817520Z ##[end-action id=__dtolnay_rust-toolchain.parse;outcome=success;conclusion=success;duration_ms=61]
checks	Run dtolnay/rust-toolchain@stable	2026-09-11T23:29:59.6826570Z ##[start-action display=Construct rustup command line;id=__dtolnay_rust-toolchain.flags]
checks	Run dtolnay/rust-toolchain@stable	2026-09-11T23:29:59.6859460Z ##[group]Run echo "targets=$(for t in ${targets//,/ }; do echo -n ' --target' $t; done)" >> $GITHUB_OUTPUT
checks	Run dtolnay/rust-toolchain@stable	2026-09-11T23:29:59.6860110Z ^[[36;1mecho "targets=$(for t in ${targets//,/ }; do echo -n ' --target' $t; done)" >> $GITHUB_OUTPUT^[[0m
checks	Run dtolnay/rust-toolchain@stable	2026-09-11T23:29:59.6860640Z ^[[36;1mecho "components=$(for c in ${components//,/ }; do echo -n ' --component' $c; done)" >> $GITHUB_OUTPUT^[[0m
checks	Run dtolnay/rust-toolchain@stable	2026-09-11T23:29:59.6861100Z ^[[36;1mecho "downgrade=" >> $GITHUB_OUTPUT^[[0m
checks	Run dtolnay/rust-toolchain@stable	2026-09-11T23:29:59.6895370Z shell: /bin/bash --noprofile --norc -e -o pipefail {0}
checks	Run dtolnay/rust-toolchain@stable	2026-09-11T23:29:59.6895680Z env:
checks	Run dtolnay/rust-toolchain@stable	2026-09-11T23:29:59.6895870Z   CARGO_TERM_COLOR: always
checks	Run dtolnay/rust-toolchain@stable	2026-09-11T23:29:59.6896050Z   targets: 
checks	Run dtolnay/rust-toolchain@stable	2026-09-11T23:29:59.6896230Z   components: rustfmt, clippy
checks	Run dtolnay/rust-toolchain@stable	2026-09-11T23:29:59.6896420Z ##[endgroup]
checks	Run dtolnay/rust-toolchain@stable	2026-09-11T23:29:59.7461240Z ##[end-action id=__dtolnay_rust-toolchain.flags;outcome=success;conclusion=success;duration_ms=63]
checks	Run dtolnay/rust-toolchain@stable	2026-09-11T23:29:59.7463520Z ##[start-action display=Set $CARGO_HOME;id=__dtolnay_rust-toolchain.__run]
checks	Run dtolnay/rust-toolchain@stable	2026-09-11T23:29:59.7492530Z ##[group]Run echo CARGO_HOME=${CARGO_HOME:-"$HOME/.cargo"} >> $GITHUB_ENV
checks	Run dtolnay/rust-toolchain@stable	2026-09-11T23:29:59.7493030Z ^[[36;1mecho CARGO_HOME=${CARGO_HOME:-"$HOME/.cargo"} >> $GITHUB_ENV^[[0m
checks	Run dtolnay/rust-toolchain@stable	2026-09-11T23:29:59.7526250Z shell: /bin/bash --noprofile --norc -e -o pipefail {0}
checks	Run dtolnay/rust-toolchain@stable	2026-09-11T23:29:59.7526580Z env:
checks	Run dtolnay/rust-toolchain@stable	2026-09-11T23:29:59.7526760Z   CARGO_TERM_COLOR: always
checks	Run dtolnay/rust-toolchain@stable	2026-09-11T23:29:59.7527570Z ##[endgroup]
checks	Run dtolnay/rust-toolchain@stable	2026-09-11T23:29:59.7986350Z ##[end-action id=__dtolnay_rust-toolchain.__run;outcome=success;conclusion=success;duration_ms=52]
checks	Run dtolnay/rust-toolchain@stable	2026-09-11T23:29:59.7988800Z ##[start-action display=Install rustup if needed;id=__dtolnay_rust-toolchain.__run_2]
checks	Run dtolnay/rust-toolchain@stable	2026-09-11T23:29:59.8059560Z ##[group]Run if ! command -v rustup &>/dev/null; then
checks	Run dtolnay/rust-toolchain@stable	2026-09-11T23:29:59.8060500Z ^[[36;1mif ! command -v rustup &>/dev/null; then^[[0m
checks	Run dtolnay/rust-toolchain@stable	2026-09-11T23:29:59.8062190Z ^[[36;1m  curl --proto '=https' --tlsv1.2 --retry 10 --retry-connrefused --location --silent --show-error --fail https://sh.rustup.rs | sh -s -- --default-toolchain none -y^[[0m
checks	Run dtolnay/rust-toolchain@stable	2026-09-11T23:29:59.8063900Z ^[[36;1m  echo "$CARGO_HOME/bin" >> $GITHUB_PATH^[[0m
checks	Run dtolnay/rust-toolchain@stable	2026-09-11T23:29:59.8064510Z ^[[36;1mfi^[[0m
checks	Run dtolnay/rust-toolchain@stable	2026-09-11T23:29:59.8129600Z shell: /bin/bash --noprofile --norc -e -o pipefail {0}
checks	Run dtolnay/rust-toolchain@stable	2026-09-11T23:29:59.8129930Z env:
checks	Run dtolnay/rust-toolchain@stable	2026-09-11T23:29:59.8130090Z   CARGO_TERM_COLOR: always
checks	Run dtolnay/rust-toolchain@stable	2026-09-11T23:29:59.8130300Z   CARGO_HOME: /Users/runner/.cargo
checks	Run dtolnay/rust-toolchain@stable	2026-09-11T23:29:59.8130490Z ##[endgroup]
checks	Run dtolnay/rust-toolchain@stable	2026-09-11T23:29:59.8480250Z ##[end-action id=__dtolnay_rust-toolchain.__run_2;outcome=success;conclusion=success;duration_ms=49]
checks	Run dtolnay/rust-toolchain@stable	2026-09-11T23:29:59.8482680Z ##[start-action display=Install rustup if needed on windows;id=__dtolnay_rust-toolchain.__run_3]
checks	Run dtolnay/rust-toolchain@stable	2026-09-11T23:29:59.8490290Z ##[end-action id=__dtolnay_rust-toolchain.__run_3;outcome=skipped;conclusion=skipped;duration_ms=0]
checks	Run dtolnay/rust-toolchain@stable	2026-09-11T23:29:59.8499030Z ##[start-action display=rustup toolchain install stable;id=__dtolnay_rust-toolchain.__run_4]
checks	Run dtolnay/rust-toolchain@stable	2026-09-11T23:29:59.8526040Z ##[group]Run rustup toolchain install stable --component rustfmt --component clippy --profile minimal --no-self-update
checks	Run dtolnay/rust-toolchain@stable	2026-09-11T23:29:59.8526790Z ^[[36;1mrustup toolchain install stable --component rustfmt --component clippy --profile minimal --no-self-update^[[0m
checks	Run dtolnay/rust-toolchain@stable	2026-09-11T23:29:59.8559370Z shell: /bin/bash --noprofile --norc -e -o pipefail {0}
checks	Run dtolnay/rust-toolchain@stable	2026-09-11T23:29:59.8559660Z env:
checks	Run dtolnay/rust-toolchain@stable	2026-09-11T23:29:59.8559970Z   CARGO_TERM_COLOR: always
checks	Run dtolnay/rust-toolchain@stable	2026-09-11T23:29:59.8560220Z   CARGO_HOME: /Users/runner/.cargo
checks	Run dtolnay/rust-toolchain@stable	2026-09-11T23:29:59.8560510Z   RUSTUP_PERMIT_COPY_RENAME: 1
checks	Run dtolnay/rust-toolchain@stable	2026-09-11T23:29:59.8560700Z ##[endgroup]
checks	Run dtolnay/rust-toolchain@stable	2026-09-11T23:30:00.3694330Z info: syncing channel updates for stable-aarch64-apple-darwin
checks	Run dtolnay/rust-toolchain@stable	2026-09-11T23:30:00.6380160Z info: latest update on 2026-09-03 for version 1.98.1 (48a229cea 2026-09-01)
checks	Run dtolnay/rust-toolchain@stable	2026-09-11T23:30:00.6582570Z info: component clippy is up to date
checks	Run dtolnay/rust-toolchain@stable	2026-09-11T23:30:00.6582820Z 
checks	Run dtolnay/rust-toolchain@stable	2026-09-11T23:30:00.6684880Z info: component rustfmt is up to date
checks	Run dtolnay/rust-toolchain@stable	2026-09-11T23:30:00.6930920Z info: self-update is disabled for this build of rustup
checks	Run dtolnay/rust-toolchain@stable	2026-09-11T23:30:00.6936720Z   stable-aarch64-apple-darwin unchanged - rustc 1.98.1 (48a229cea 2026-09-01)
checks	Run dtolnay/rust-toolchain@stable	2026-09-11T23:30:00.7041730Z info: any updates to rustup will need to be fetched with your system package manager
checks	Run dtolnay/rust-toolchain@stable	2026-09-11T23:30:00.7042140Z 
checks	Run dtolnay/rust-toolchain@stable	2026-09-11T23:30:00.7062900Z ##[end-action id=__dtolnay_rust-toolchain.__run_4;outcome=success;conclusion=success;duration_ms=856]
checks	Run dtolnay/rust-toolchain@stable	2026-09-11T23:30:00.7072070Z ##[start-action display=rustup default stable;id=__dtolnay_rust-toolchain.__run_5]
checks	Run dtolnay/rust-toolchain@stable	2026-09-11T23:30:00.7106720Z ##[group]Run rustup default stable
checks	Run dtolnay/rust-toolchain@stable	2026-09-11T23:30:00.7107050Z ^[[36;1mrustup default stable^[[0m
checks	Run dtolnay/rust-toolchain@stable	2026-09-11T23:30:00.7143940Z shell: /bin/bash --noprofile --norc -e -o pipefail {0}
checks	Run dtolnay/rust-toolchain@stable	2026-09-11T23:30:00.7144280Z env:
checks	Run dtolnay/rust-toolchain@stable	2026-09-11T23:30:00.7144490Z   CARGO_TERM_COLOR: always
checks	Run dtolnay/rust-toolchain@stable	2026-09-11T23:30:00.7144690Z   CARGO_HOME: /Users/runner/.cargo
checks	Run dtolnay/rust-toolchain@stable	2026-09-11T23:30:00.7144910Z ##[endgroup]
checks	Run dtolnay/rust-toolchain@stable	2026-09-11T23:30:00.7832090Z info: using existing install for stable-aarch64-apple-darwin
checks	Run dtolnay/rust-toolchain@stable	2026-09-11T23:30:00.7871190Z info: default toolchain set to stable-aarch64-apple-darwin
checks	Run dtolnay/rust-toolchain@stable	2026-09-11T23:30:00.7873020Z 
checks	Run dtolnay/rust-toolchain@stable	2026-09-11T23:30:00.8064680Z   stable-aarch64-apple-darwin unchanged - rustc 1.98.1 (48a229cea 2026-09-01)
checks	Run dtolnay/rust-toolchain@stable	2026-09-11T23:30:00.8065420Z 
checks	Run dtolnay/rust-toolchain@stable	2026-09-11T23:30:00.8095080Z ##[end-action id=__dtolnay_rust-toolchain.__run_5;outcome=success;conclusion=success;duration_ms=102]
checks	Run dtolnay/rust-toolchain@stable	2026-09-11T23:30:00.8164570Z ##[start-action display=Create cachekey;id=__dtolnay_rust-toolchain.rustc-version]
checks	Run dtolnay/rust-toolchain@stable	2026-09-11T23:30:00.8220500Z ##[group]Run DATE=$(rustc +stable --version --verbose | sed -ne 's/^commit-date: \(20[0-9][0-9]\)-\([01][0-9]\)-\([0-3][0-9]\)$/\1\2\3/p')
checks	Run dtolnay/rust-toolchain@stable	2026-09-11T23:30:00.8221640Z ^[[36;1mDATE=$(rustc +stable --version --verbose | sed -ne 's/^commit-date: \(20[0-9][0-9]\)-\([01][0-9]\)-\([0-3][0-9]\)$/\1\2\3/p')^[[0m
checks	Run dtolnay/rust-toolchain@stable	2026-09-11T23:30:00.8222410Z ^[[36;1mHASH=$(rustc +stable --version --verbose | sed -ne 's/^commit-hash: //p')^[[0m
checks	Run dtolnay/rust-toolchain@stable	2026-09-11T23:30:00.8222940Z ^[[36;1mecho "cachekey=$(echo $DATE$HASH | head -c12)" >> $GITHUB_OUTPUT^[[0m
checks	Run dtolnay/rust-toolchain@stable	2026-09-11T23:30:00.8262350Z shell: /bin/bash --noprofile --norc -e -o pipefail {0}
checks	Run dtolnay/rust-toolchain@stable	2026-09-11T23:30:00.8262730Z env:
checks	Run dtolnay/rust-toolchain@stable	2026-09-11T23:30:00.8262920Z   CARGO_TERM_COLOR: always
checks	Run dtolnay/rust-toolchain@stable	2026-09-11T23:30:00.8263130Z   CARGO_HOME: /Users/runner/.cargo
checks	Run dtolnay/rust-toolchain@stable	2026-09-11T23:30:00.8263420Z ##[endgroup]
checks	Run dtolnay/rust-toolchain@stable	2026-09-11T23:30:00.9676730Z ##[end-action id=__dtolnay_rust-toolchain.rustc-version;outcome=success;conclusion=success;duration_ms=151]
checks	Run dtolnay/rust-toolchain@stable	2026-09-11T23:30:00.9679670Z ##[start-action display=Disable incremental compilation;id=__dtolnay_rust-toolchain.__run_6]
checks	Run dtolnay/rust-toolchain@stable	2026-09-11T23:30:00.9704270Z ##[group]Run if [ -z "${CARGO_INCREMENTAL+set}" ]; then
checks	Run dtolnay/rust-toolchain@stable	2026-09-11T23:30:00.9704690Z ^[[36;1mif [ -z "${CARGO_INCREMENTAL+set}" ]; then^[[0m
checks	Run dtolnay/rust-toolchain@stable	2026-09-11T23:30:00.9705010Z ^[[36;1m  echo CARGO_INCREMENTAL=0 >> $GITHUB_ENV^[[0m
checks	Run dtolnay/rust-toolchain@stable	2026-09-11T23:30:00.9705350Z ^[[36;1mfi^[[0m
checks	Run dtolnay/rust-toolchain@stable	2026-09-11T23:30:00.9738910Z shell: /bin/bash --noprofile --norc -e -o pipefail {0}
checks	Run dtolnay/rust-toolchain@stable	2026-09-11T23:30:00.9739270Z env:
checks	Run dtolnay/rust-toolchain@stable	2026-09-11T23:30:00.9739490Z   CARGO_TERM_COLOR: always
checks	Run dtolnay/rust-toolchain@stable	2026-09-11T23:30:00.9739740Z   CARGO_HOME: /Users/runner/.cargo
checks	Run dtolnay/rust-toolchain@stable	2026-09-11T23:30:00.9740170Z ##[endgroup]
checks	Run dtolnay/rust-toolchain@stable	2026-09-11T23:30:01.0108070Z ##[end-action id=__dtolnay_rust-toolchain.__run_6;outcome=success;conclusion=success;duration_ms=42]
checks	Run dtolnay/rust-toolchain@stable	2026-09-11T23:30:01.0110600Z ##[start-action display=Enable colors in Cargo output;id=__dtolnay_rust-toolchain.__run_7]
checks	Run dtolnay/rust-toolchain@stable	2026-09-11T23:30:01.0136650Z ##[group]Run if [ -z "${CARGO_TERM_COLOR+set}" ]; then
checks	Run dtolnay/rust-toolchain@stable	2026-09-11T23:30:01.0137000Z ^[[36;1mif [ -z "${CARGO_TERM_COLOR+set}" ]; then^[[0m
checks	Run dtolnay/rust-toolchain@stable	2026-09-11T23:30:01.0137380Z ^[[36;1m  echo CARGO_TERM_COLOR=always >> $GITHUB_ENV^[[0m
checks	Run dtolnay/rust-toolchain@stable	2026-09-11T23:30:01.0137660Z ^[[36;1mfi^[[0m
checks	Run dtolnay/rust-toolchain@stable	2026-09-11T23:30:01.0172370Z shell: /bin/bash --noprofile --norc -e -o pipefail {0}
checks	Run dtolnay/rust-toolchain@stable	2026-09-11T23:30:01.0172670Z env:
checks	Run dtolnay/rust-toolchain@stable	2026-09-11T23:30:01.0172840Z   CARGO_TERM_COLOR: always
checks	Run dtolnay/rust-toolchain@stable	2026-09-11T23:30:01.0173080Z   CARGO_HOME: /Users/runner/.cargo
checks	Run dtolnay/rust-toolchain@stable	2026-09-11T23:30:01.0173290Z   CARGO_INCREMENTAL: 0
checks	Run dtolnay/rust-toolchain@stable	2026-09-11T23:30:01.0173470Z ##[endgroup]
checks	Run dtolnay/rust-toolchain@stable	2026-09-11T23:30:01.0524480Z ##[end-action id=__dtolnay_rust-toolchain.__run_7;outcome=success;conclusion=success;duration_ms=41]
checks	Run dtolnay/rust-toolchain@stable	2026-09-11T23:30:01.0526960Z ##[start-action display=Enable Cargo sparse registry;id=__dtolnay_rust-toolchain.__run_8]
checks	Run dtolnay/rust-toolchain@stable	2026-09-11T23:30:01.0566050Z ##[group]Run # implemented in 1.66, stabilized in 1.68, made default in 1.70
checks	Run dtolnay/rust-toolchain@stable	2026-09-11T23:30:01.0566560Z ^[[36;1m# implemented in 1.66, stabilized in 1.68, made default in 1.70^[[0m
checks	Run dtolnay/rust-toolchain@stable	2026-09-11T23:30:01.0567190Z ^[[36;1mif [ -z "${CARGO_REGISTRIES_CRATES_IO_PROTOCOL+set}" -o -f "/Users/runner/work/_temp"/.implicit_cargo_registries_crates_io_protocol ]; then^[[0m
checks	Run dtolnay/rust-toolchain@stable	2026-09-11T23:30:01.0567870Z ^[[36;1m  if rustc +stable --version --verbose | grep -q '^release: 1\.6[89]\.'; then^[[0m
checks	Run dtolnay/rust-toolchain@stable	2026-09-11T23:30:01.0568360Z ^[[36;1m    touch "/Users/runner/work/_temp"/.implicit_cargo_registries_crates_io_protocol || true^[[0m
checks	Run dtolnay/rust-toolchain@stable	2026-09-11T23:30:01.0568870Z ^[[36;1m    echo CARGO_REGISTRIES_CRATES_IO_PROTOCOL=sparse >> $GITHUB_ENV^[[0m
checks	Run dtolnay/rust-toolchain@stable	2026-09-11T23:30:01.0569340Z ^[[36;1m  elif rustc +stable --version --verbose | grep -q '^release: 1\.6[67]\.'; then^[[0m
checks	Run dtolnay/rust-toolchain@stable	2026-09-11T23:30:01.0570170Z ^[[36;1m    touch "/Users/runner/work/_temp"/.implicit_cargo_registries_crates_io_protocol || true^[[0m
checks	Run dtolnay/rust-toolchain@stable	2026-09-11T23:30:01.0570630Z ^[[36;1m    echo CARGO_REGISTRIES_CRATES_IO_PROTOCOL=git >> $GITHUB_ENV^[[0m
checks	Run dtolnay/rust-toolchain@stable	2026-09-11T23:30:01.0570960Z ^[[36;1m  fi^[[0m
checks	Run dtolnay/rust-toolchain@stable	2026-09-11T23:30:01.0571160Z ^[[36;1mfi^[[0m
checks	Run dtolnay/rust-toolchain@stable	2026-09-11T23:30:01.0610300Z shell: /bin/bash --noprofile --norc -e -o pipefail {0}
checks	Run dtolnay/rust-toolchain@stable	2026-09-11T23:30:01.0610850Z env:
checks	Run dtolnay/rust-toolchain@stable	2026-09-11T23:30:01.0611060Z   CARGO_TERM_COLOR: always
checks	Run dtolnay/rust-toolchain@stable	2026-09-11T23:30:01.0611300Z   CARGO_HOME: /Users/runner/.cargo
checks	Run dtolnay/rust-toolchain@stable	2026-09-11T23:30:01.0611560Z   CARGO_INCREMENTAL: 0
checks	Run dtolnay/rust-toolchain@stable	2026-09-11T23:30:01.0611780Z ##[endgroup]
checks	Run dtolnay/rust-toolchain@stable	2026-09-11T23:30:01.1694300Z ##[end-action id=__dtolnay_rust-toolchain.__run_8;outcome=success;conclusion=success;duration_ms=116]
checks	Run dtolnay/rust-toolchain@stable	2026-09-11T23:30:01.1697320Z ##[start-action display=Work around spurious network errors in curl 8.0;id=__dtolnay_rust-toolchain.__run_9]
checks	Run dtolnay/rust-toolchain@stable	2026-09-11T23:30:01.1736340Z ##[group]Run # https://rust-lang.zulipchat.com/#narrow/stream/246057-t-cargo/topic/timeout.20investigation
checks	Run dtolnay/rust-toolchain@stable	2026-09-11T23:30:01.1738110Z ^[[36;1m# https://rust-lang.zulipchat.com/#narrow/stream/246057-t-cargo/topic/timeout.20investigation^[[0m
checks	Run dtolnay/rust-toolchain@stable	2026-09-11T23:30:01.1739450Z ^[[36;1mif rustc +stable --version --verbose | grep -q '^release: 1\.7[01]\.'; then^[[0m
checks	Run dtolnay/rust-toolchain@stable	2026-09-11T23:30:01.1740460Z ^[[36;1m  echo CARGO_HTTP_MULTIPLEXING=false >> $GITHUB_ENV^[[0m
checks	Run dtolnay/rust-toolchain@stable	2026-09-11T23:30:01.1741220Z ^[[36;1mfi^[[0m
checks	Run dtolnay/rust-toolchain@stable	2026-09-11T23:30:01.1780260Z shell: /bin/bash --noprofile --norc -e -o pipefail {0}
checks	Run dtolnay/rust-toolchain@stable	2026-09-11T23:30:01.1780560Z env:
checks	Run dtolnay/rust-toolchain@stable	2026-09-11T23:30:01.1780740Z   CARGO_TERM_COLOR: always
checks	Run dtolnay/rust-toolchain@stable	2026-09-11T23:30:01.1780950Z   CARGO_HOME: /Users/runner/.cargo
checks	Run dtolnay/rust-toolchain@stable	2026-09-11T23:30:01.1781150Z   CARGO_INCREMENTAL: 0
checks	Run dtolnay/rust-toolchain@stable	2026-09-11T23:30:01.1781330Z ##[endgroup]
checks	Run dtolnay/rust-toolchain@stable	2026-09-11T23:30:01.2450040Z ##[end-action id=__dtolnay_rust-toolchain.__run_9;outcome=success;conclusion=success;duration_ms=75]
checks	Run dtolnay/rust-toolchain@stable	2026-09-11T23:30:01.2453840Z ##[start-action display=rustc +stable --version --verbose;id=__dtolnay_rust-toolchain.__run_10]
checks	Run dtolnay/rust-toolchain@stable	2026-09-11T23:30:01.2480290Z ##[group]Run rustc +stable --version --verbose
checks	Run dtolnay/rust-toolchain@stable	2026-09-11T23:30:01.2480600Z ^[[36;1mrustc +stable --version --verbose^[[0m
checks	Run dtolnay/rust-toolchain@stable	2026-09-11T23:30:01.2517830Z shell: /bin/bash --noprofile --norc -e -o pipefail {0}
checks	Run dtolnay/rust-toolchain@stable	2026-09-11T23:30:01.2518170Z env:
checks	Run dtolnay/rust-toolchain@stable	2026-09-11T23:30:01.2518380Z   CARGO_TERM_COLOR: always
checks	Run dtolnay/rust-toolchain@stable	2026-09-11T23:30:01.2518580Z   CARGO_HOME: /Users/runner/.cargo
checks	Run dtolnay/rust-toolchain@stable	2026-09-11T23:30:01.2518790Z   CARGO_INCREMENTAL: 0
checks	Run dtolnay/rust-toolchain@stable	2026-09-11T23:30:01.2518990Z ##[endgroup]
checks	Run dtolnay/rust-toolchain@stable	2026-09-11T23:30:01.3132020Z rustc 1.98.1 (48a229cea 2026-09-01)
checks	Run dtolnay/rust-toolchain@stable	2026-09-11T23:30:01.3132650Z binary: rustc
checks	Run dtolnay/rust-toolchain@stable	2026-09-11T23:30:01.3132920Z commit-hash: 48a229ceaefd4985c50990b14116b6d856af0985
checks	Run dtolnay/rust-toolchain@stable	2026-09-11T23:30:01.3133250Z commit-date: 2026-09-01
checks	Run dtolnay/rust-toolchain@stable	2026-09-11T23:30:01.3133620Z host: aarch64-apple-darwin
checks	Run dtolnay/rust-toolchain@stable	2026-09-11T23:30:01.3133970Z release: 1.98.1
checks	Run dtolnay/rust-toolchain@stable	2026-09-11T23:30:01.3134850Z LLVM version: 22.1.8
checks	Run dtolnay/rust-toolchain@stable	2026-09-11T23:30:01.3152710Z ##[end-action id=__dtolnay_rust-toolchain.__run_10;outcome=success;conclusion=success;duration_ms=69]
checks	Run Swatinem/rust-cache@v2	﻿2026-09-11T23:30:01.3282670Z ##[group]Run Swatinem/rust-cache@v2
checks	Run Swatinem/rust-cache@v2	2026-09-11T23:30:01.3282980Z with:
checks	Run Swatinem/rust-cache@v2	2026-09-11T23:30:01.3283150Z   shared-key: checks
checks	Run Swatinem/rust-cache@v2	2026-09-11T23:30:01.3283310Z   cache-on-failure: true
checks	Run Swatinem/rust-cache@v2	2026-09-11T23:30:01.3283500Z   prefix-key: v0-rust
checks	Run Swatinem/rust-cache@v2	2026-09-11T23:30:01.3283660Z   add-job-id-key: true
checks	Run Swatinem/rust-cache@v2	2026-09-11T23:30:01.3283860Z   add-rust-environment-hash-key: true
checks	Run Swatinem/rust-cache@v2	2026-09-11T23:30:01.3284070Z   cache-targets: true
checks	Run Swatinem/rust-cache@v2	2026-09-11T23:30:01.3284280Z   cache-all-crates: false
checks	Run Swatinem/rust-cache@v2	2026-09-11T23:30:01.3284490Z   cache-workspace-crates: false
checks	Run Swatinem/rust-cache@v2	2026-09-11T23:30:01.3284710Z   save-if: true
checks	Run Swatinem/rust-cache@v2	2026-09-11T23:30:01.3284880Z   cache-provider: github
checks	Run Swatinem/rust-cache@v2	2026-09-11T23:30:01.3285030Z   cache-bin: true
checks	Run Swatinem/rust-cache@v2	2026-09-11T23:30:01.3285190Z   lookup-only: false
checks	Run Swatinem/rust-cache@v2	2026-09-11T23:30:01.3285350Z   cmd-format: {0}
checks	Run Swatinem/rust-cache@v2	2026-09-11T23:30:01.3285550Z env:
checks	Run Swatinem/rust-cache@v2	2026-09-11T23:30:01.3285720Z   CARGO_TERM_COLOR: always
checks	Run Swatinem/rust-cache@v2	2026-09-11T23:30:01.3285940Z   CARGO_HOME: /Users/runner/.cargo
checks	Run Swatinem/rust-cache@v2	2026-09-11T23:30:01.3286140Z   CARGO_INCREMENTAL: 0
checks	Run Swatinem/rust-cache@v2	2026-09-11T23:30:01.3286310Z ##[endgroup]
checks	Run Swatinem/rust-cache@v2	2026-09-11T23:30:02.0082420Z ##[group]Cache Configuration
checks	Run Swatinem/rust-cache@v2	2026-09-11T23:30:02.0101670Z Cache Provider:
checks	Run Swatinem/rust-cache@v2	2026-09-11T23:30:02.0103420Z     github
checks	Run Swatinem/rust-cache@v2	2026-09-11T23:30:02.0103800Z Workspaces:
checks	Run Swatinem/rust-cache@v2	2026-09-11T23:30:02.0104020Z     /Users/runner/work/ovrcr/ovrcr
checks	Run Swatinem/rust-cache@v2	2026-09-11T23:30:02.0104320Z Cache Paths:
checks	Run Swatinem/rust-cache@v2	2026-09-11T23:30:02.0104560Z     /Users/runner/.cargo/bin
checks	Run Swatinem/rust-cache@v2	2026-09-11T23:30:02.0104840Z     /Users/runner/.cargo/.crates.toml
checks	Run Swatinem/rust-cache@v2	2026-09-11T23:30:02.0105210Z     /Users/runner/.cargo/.crates2.json
checks	Run Swatinem/rust-cache@v2	2026-09-11T23:30:02.0105540Z     /Users/runner/.cargo/registry
checks	Run Swatinem/rust-cache@v2	2026-09-11T23:30:02.0106880Z     /Users/runner/.cargo/git
checks	Run Swatinem/rust-cache@v2	2026-09-11T23:30:02.0109420Z     /Users/runner/work/ovrcr/ovrcr/target
checks	Run Swatinem/rust-cache@v2	2026-09-11T23:30:02.0110340Z Restore Key:
checks	Run Swatinem/rust-cache@v2	2026-09-11T23:30:02.0110940Z     v0-rust-checks-Darwin-arm64-2eab217e
checks	Run Swatinem/rust-cache@v2	2026-09-11T23:30:02.0113480Z Cache Key:
checks	Run Swatinem/rust-cache@v2	2026-09-11T23:30:02.0113880Z     v0-rust-checks-Darwin-arm64-2eab217e-7a5a2c39
checks	Run Swatinem/rust-cache@v2	2026-09-11T23:30:02.0114300Z .. Prefix:
checks	Run Swatinem/rust-cache@v2	2026-09-11T23:30:02.0114570Z   - v0-rust-checks-Darwin-arm64
checks	Run Swatinem/rust-cache@v2	2026-09-11T23:30:02.0114910Z .. Environment considered:
checks	Run Swatinem/rust-cache@v2	2026-09-11T23:30:02.0115270Z   - Rust Versions:
checks	Run Swatinem/rust-cache@v2	2026-09-11T23:30:02.0115650Z     - 1.98.1 aarch64-apple-darwin 48a229ceaefd4985c50990b14116b6d856af0985
checks	Run Swatinem/rust-cache@v2	2026-09-11T23:30:02.0116100Z   - CARGO_HOME
checks	Run Swatinem/rust-cache@v2	2026-09-11T23:30:02.0116340Z   - CARGO_INCREMENTAL
checks	Run Swatinem/rust-cache@v2	2026-09-11T23:30:02.0116650Z   - CARGO_TERM_COLOR
checks	Run Swatinem/rust-cache@v2	2026-09-11T23:30:02.0116940Z .. Lockfiles considered:
checks	Run Swatinem/rust-cache@v2	2026-09-11T23:30:02.0117240Z   - /Users/runner/work/ovrcr/ovrcr/Cargo.lock
checks	Run Swatinem/rust-cache@v2	2026-09-11T23:30:02.0117600Z   - /Users/runner/work/ovrcr/ovrcr/Cargo.toml
checks	Run Swatinem/rust-cache@v2	2026-09-11T23:30:02.0118020Z   - /Users/runner/work/ovrcr/ovrcr/crates/ovrcr-protocol/Cargo.toml
checks	Run Swatinem/rust-cache@v2	2026-09-11T23:30:02.0118480Z   - /Users/runner/work/ovrcr/ovrcr/crates/ovrcr-runtime/Cargo.toml
checks	Run Swatinem/rust-cache@v2	2026-09-11T23:30:02.0118900Z   - /Users/runner/work/ovrcr/ovrcr/crates/ovrcr-terminal/Cargo.toml
checks	Run Swatinem/rust-cache@v2	2026-09-11T23:30:02.0119440Z   - /Users/runner/work/ovrcr/ovrcr/crates/ovrcr-tui/Cargo.toml
checks	Run Swatinem/rust-cache@v2	2026-09-11T23:30:02.0120090Z ##[endgroup]
checks	Run Swatinem/rust-cache@v2	2026-09-11T23:30:02.0120270Z 
checks	Run Swatinem/rust-cache@v2	2026-09-11T23:30:02.0120400Z ... Restoring cache ...
checks	Run Swatinem/rust-cache@v2	2026-09-11T23:30:02.2005630Z Cache hit for: v0-rust-checks-Darwin-arm64-2eab217e-7a5a2c39
checks	Run Swatinem/rust-cache@v2	2026-09-11T23:30:03.3659990Z Received 33554432 of 419981382 (8.0%), 31.9 MBs/sec
checks	Run Swatinem/rust-cache@v2	2026-09-11T23:30:04.3703620Z Received 130023424 of 419981382 (31.0%), 61.7 MBs/sec
checks	Run Swatinem/rust-cache@v2	2026-09-11T23:30:05.3691650Z Received 180355072 of 419981382 (42.9%), 57.1 MBs/sec
checks	Run Swatinem/rust-cache@v2	2026-09-11T23:30:06.3803740Z Received 264241152 of 419981382 (62.9%), 62.8 MBs/sec
checks	Run Swatinem/rust-cache@v2	2026-09-11T23:30:07.3796750Z Received 335544320 of 419981382 (79.9%), 63.7 MBs/sec
checks	Run Swatinem/rust-cache@v2	2026-09-11T23:30:08.3829720Z Received 415787078 of 419981382 (99.0%), 65.8 MBs/sec
checks	Run Swatinem/rust-cache@v2	2026-09-11T23:30:08.4242870Z Received 419981382 of 419981382 (100.0%), 66.0 MBs/sec
checks	Run Swatinem/rust-cache@v2	2026-09-11T23:30:08.4272720Z Cache Size: ~401 MB (419981382 B)
checks	Run Swatinem/rust-cache@v2	2026-09-11T23:30:08.4356740Z [command]/opt/homebrew/bin/gtar -xf /Users/runner/work/_temp/55266185-25db-46b5-9c6d-599d7105c74c/cache.tzst -P -C /Users/runner/work/ovrcr/ovrcr --delay-directory-restore --use-compress-program unzstd
checks	Run Swatinem/rust-cache@v2	2026-09-11T23:30:12.7192610Z Cache restored successfully
checks	Run Swatinem/rust-cache@v2	2026-09-11T23:30:12.7359980Z Restored from cache key "v0-rust-checks-Darwin-arm64-2eab217e-7a5a2c39" full match: true.
checks	Configure git identity	﻿2026-09-11T23:30:12.7686080Z ##[group]Run git config --global user.name "OVRCR CI"
checks	Configure git identity	2026-09-11T23:30:12.7686660Z ^[[36;1mgit config --global user.name "OVRCR CI"^[[0m
checks	Configure git identity	2026-09-11T23:30:12.7687050Z ^[[36;1mgit config --global user.email "ci@ovrcr.invalid"^[[0m
checks	Configure git identity	2026-09-11T23:30:12.7734340Z shell: /bin/bash -e {0}
checks	Configure git identity	2026-09-11T23:30:12.7734790Z env:
checks	Configure git identity	2026-09-11T23:30:12.7735110Z   CARGO_TERM_COLOR: always
checks	Configure git identity	2026-09-11T23:30:12.7735410Z   CARGO_HOME: /Users/runner/.cargo
checks	Configure git identity	2026-09-11T23:30:12.7735780Z   CARGO_INCREMENTAL: 0
checks	Configure git identity	2026-09-11T23:30:12.7736050Z   CACHE_ON_FAILURE: true
checks	Configure git identity	2026-09-11T23:30:12.7736290Z ##[endgroup]
checks	Format	﻿2026-09-11T23:30:12.8969270Z ##[group]Run cargo fmt --all -- --check
checks	Format	2026-09-11T23:30:12.8969620Z ^[[36;1mcargo fmt --all -- --check^[[0m
checks	Format	2026-09-11T23:30:12.9000560Z shell: /bin/bash -e {0}
checks	Format	2026-09-11T23:30:12.9000780Z env:
checks	Format	2026-09-11T23:30:12.9001020Z   CARGO_TERM_COLOR: always
checks	Format	2026-09-11T23:30:12.9001290Z   CARGO_HOME: /Users/runner/.cargo
checks	Format	2026-09-11T23:30:12.9007970Z   CARGO_INCREMENTAL: 0
checks	Format	2026-09-11T23:30:12.9008340Z   CACHE_ON_FAILURE: true
checks	Format	2026-09-11T23:30:12.9008600Z ##[endgroup]
checks	Lint	﻿2026-09-11T23:30:14.0155720Z ##[group]Run cargo clippy --workspace --all-targets --all-features -- -D warnings
checks	Lint	2026-09-11T23:30:14.0156240Z ^[[36;1mcargo clippy --workspace --all-targets --all-features -- -D warnings^[[0m
checks	Lint	2026-09-11T23:30:14.0183370Z shell: /bin/bash -e {0}
checks	Lint	2026-09-11T23:30:14.0183540Z env:
checks	Lint	2026-09-11T23:30:14.0183700Z   CARGO_TERM_COLOR: always
checks	Lint	2026-09-11T23:30:14.0183890Z   CARGO_HOME: /Users/runner/.cargo
checks	Lint	2026-09-11T23:30:14.0184100Z   CARGO_INCREMENTAL: 0
checks	Lint	2026-09-11T23:30:14.0184280Z   CACHE_ON_FAILURE: true
checks	Lint	2026-09-11T23:30:14.0184450Z ##[endgroup]
checks	Lint	2026-09-11T23:30:14.2692660Z ^[[1m^[[92m    Updating^[[0m crates.io index
checks	Lint	2026-09-11T23:30:17.0844190Z ^[[1m^[[92m    Checking^[[0m ovrcr-protocol v0.1.0 (/Users/runner/work/ovrcr/ovrcr/crates/ovrcr-protocol)
checks	Lint	2026-09-11T23:30:19.0279830Z ^[[1m^[[92m    Checking^[[0m ovrcr-terminal v0.1.0 (/Users/runner/work/ovrcr/ovrcr/crates/ovrcr-terminal)
checks	Lint	2026-09-11T23:30:19.1120200Z ^[[1m^[[92m    Checking^[[0m ovrcr-tui v0.1.0 (/Users/runner/work/ovrcr/ovrcr/crates/ovrcr-tui)
checks	Lint	2026-09-11T23:30:19.1225750Z ^[[1m^[[92m    Checking^[[0m ovrcr-runtime v0.1.0 (/Users/runner/work/ovrcr/ovrcr/crates/ovrcr-runtime)
checks	Lint	2026-09-11T23:30:20.6075680Z ^[[1m^[[92m    Checking^[[0m ovrcr v0.1.0 (/Users/runner/work/ovrcr/ovrcr)
checks	Lint	2026-09-11T23:30:25.1375420Z ^[[1m^[[92m    Finished^[[0m `dev` profile [unoptimized + debuginfo] target(s) in 11.00s
checks	Test	﻿2026-09-11T23:30:25.1748930Z ##[group]Run cargo test --workspace --all-targets --all-features
checks	Test	2026-09-11T23:30:25.1749370Z ^[[36;1mcargo test --workspace --all-targets --all-features^[[0m
checks	Test	2026-09-11T23:30:25.1783850Z shell: /bin/bash -e {0}
checks	Test	2026-09-11T23:30:25.1784090Z env:
checks	Test	2026-09-11T23:30:25.1784250Z   CARGO_TERM_COLOR: always
checks	Test	2026-09-11T23:30:25.1784460Z   CARGO_HOME: /Users/runner/.cargo
checks	Test	2026-09-11T23:30:25.1784680Z   CARGO_INCREMENTAL: 0
checks	Test	2026-09-11T23:30:25.1784860Z   CACHE_ON_FAILURE: true
checks	Test	2026-09-11T23:30:25.1785050Z ##[endgroup]
checks	Test	2026-09-11T23:30:25.6373670Z ^[[1m^[[92m   Compiling^[[0m ovrcr-protocol v0.1.0 (/Users/runner/work/ovrcr/ovrcr/crates/ovrcr-protocol)
checks	Test	2026-09-11T23:30:27.6603060Z ^[[1m^[[92m   Compiling^[[0m ovrcr-terminal v0.1.0 (/Users/runner/work/ovrcr/ovrcr/crates/ovrcr-terminal)
checks	Test	2026-09-11T23:30:27.8621880Z ^[[1m^[[92m   Compiling^[[0m ovrcr-tui v0.1.0 (/Users/runner/work/ovrcr/ovrcr/crates/ovrcr-tui)
checks	Test	2026-09-11T23:30:28.3244620Z ^[[1m^[[92m   Compiling^[[0m ovrcr-runtime v0.1.0 (/Users/runner/work/ovrcr/ovrcr/crates/ovrcr-runtime)
checks	Test	2026-09-11T23:30:36.6025820Z ^[[1m^[[92m   Compiling^[[0m ovrcr v0.1.0 (/Users/runner/work/ovrcr/ovrcr)
checks	Test	2026-09-11T23:31:11.4266560Z ^[[1m^[[92m    Finished^[[0m `test` profile [unoptimized + debuginfo] target(s) in 46.17s
checks	Test	2026-09-11T23:31:11.4948180Z ^[[1m^[[92m     Running^[[0m unittests src/lib.rs (target/debug/deps/ovrcr-9af398db59ff42eb)
checks	Test	2026-09-11T23:31:11.5148530Z 
checks	Test	2026-09-11T23:31:11.5148920Z running 39 tests
checks	Test	2026-09-11T23:31:11.5190500Z test gui::input::tests::alt_letter_encodes_meta ... ok
checks	Test	2026-09-11T23:31:11.5193270Z test gui::input::tests::drag_is_forwarded_in_button_motion_mode ... ok
checks	Test	2026-09-11T23:31:11.5194480Z test gui::input::tests::release_with_nothing_held_reports_nothing ... ok
checks	Test	2026-09-11T23:31:11.5196190Z test gui::input::tests::drag_released_outside_ends_at_the_last_reported_cell ... ok
checks	Test	2026-09-11T23:31:11.5196910Z test gui::input::tests::unmodified_letter_keeps_its_text ... ok
checks	Test	2026-09-11T23:31:11.5197590Z test gui::input::tests::press_encoding_matches_encode_mouse ... ok
checks	Test	2026-09-11T23:31:11.5202300Z test gui::input::tests::wheel_ignores_off_axis_drift ... ok
checks	Test	2026-09-11T23:31:11.5203300Z test gui::input::tests::wheel_points_accumulate_into_lines ... ok
checks	Test	2026-09-11T23:31:11.5203940Z test gui::input::tests::special_keys_carry_modifiers ... ok
checks	Test	2026-09-11T23:31:11.5222810Z test report::admission::tests::initial_admission_argv_accepts_only_certified_explicit_uuid_resume ... ok
checks	Test	2026-09-11T23:31:11.5224800Z test report::admission::tests::initial_admission_argv_grammar_is_conservative_and_value_aware ... ok
checks	Test	2026-09-11T23:31:11.5249670Z test report::admission::tests::collector_process_loss_automatically_publishes_unavailable_health ... ok
checks	Test	2026-09-11T23:31:11.5681340Z test report::admission::tests::initial_admission_lost_bind_reply_uses_original_operation_status ... ok
checks	Test	2026-09-11T23:31:11.6046950Z test report::admission::tests::initial_resume_failed_bind_status_closes_without_rebinding ... ok
checks	Test	2026-09-11T23:31:11.6413750Z test report::admission::tests::initial_resume_lost_bind_reply_uses_original_operation_status ... ok
checks	Test	2026-09-11T23:31:11.6419750Z test report::admission::tests::initial_resume_rejects_wrong_child_missing_source_and_end_without_binding ... ok
checks	Test	2026-09-11T23:31:11.6830370Z test report::admission::tests::initial_admission_probe_cleans_descendants_after_leader_exit ... ok
checks	Test	2026-09-11T23:31:11.6833480Z test report::claude::tests::claude_identity_is_typed_and_never_inferred_from_agent_type ... ok
checks	Test	2026-09-11T23:31:11.6837160Z test report::claude::tests::claude_native_permission_notification_correlates_to_prompt ... ok
checks	Test	2026-09-11T23:31:11.6838590Z test report::claude::tests::claude_protocol_ids_validate_before_receiver_mutation ... ok
checks	Test	2026-09-11T23:31:11.6839720Z test report::claude::tests::claude_unknown_and_uncertified_waits_do_not_map ... ok
checks	Test	2026-09-11T23:31:11.6845710Z test report::claude_metrics::tests::byte_cap_charges_keys_and_values_before_insertion ... ok
checks	Test	2026-09-11T23:31:11.6846890Z test report::claude_metrics::tests::capacity_freezes_prefix_including_later_oldest_replacements ... ok
checks	Test	2026-09-11T23:31:11.6849920Z test report::claude_metrics::tests::cost_rounds_original_decimal_ties_even_and_checks_overflow ... ok
checks	Test	2026-09-11T23:31:11.6850800Z test report::claude_metrics::tests::invalid_replacement_and_total_overflow_leave_snapshot_intact ... ok
checks	Test	2026-09-11T23:31:11.6851650Z test report::claude_metrics::tests::missing_usage_components_are_unknown_until_replaced ... ok
checks	Test	2026-09-11T23:31:11.6865800Z POST_EXIT_DRAIN_NATIVE_OUTPUT
checks	Test	2026-09-11T23:31:11.9126680Z test report::admission::tests::native_completion_drains_past_pending_pre_exit_eof ... ok
checks	Test	2026-09-11T23:31:11.9167980Z test report::claude_metrics::tests::replacement_replay_and_distinct_requests_do_not_double_count ... ok
checks	Test	2026-09-11T23:31:11.9215150Z test report::claude_metrics::tests::statusline_context_and_exact_cost_preserve_unknowns ... ok
checks	Test	2026-09-11T23:31:11.9216900Z test report::claude_metrics::tests::statusline_rejects_child_malformed_identity_and_invalid_context ... ok
checks	Test	2026-09-11T23:31:11.9217930Z test report::claude_metrics::tests::unique_subset_compares_counted_unknowns_and_ignores_excluded_metadata ... ok
checks	Test	2026-09-11T23:31:11.9218660Z test report::codex::tests::codex_closed_turn_duplicate_is_checked_before_capacity ... ok
checks	Test	2026-09-11T23:31:12.1400410Z test report::codex::tests::codex_identity_byte_exhaustion_disables_instead_of_evicting ... ok
checks	Test	2026-09-11T23:31:12.2520710Z test report::codex::tests::codex_identity_count_exhaustion_disables_instead_of_evicting ... ok
checks	Test	2026-09-11T23:31:12.2622730Z test report::tests::agent_hook_claude_ignores_nested_and_unknown_events ... ok
checks	Test	2026-09-11T23:31:12.2723180Z test report::tests::agent_hook_claude_maps_supported_events ... ok
checks	Test	2026-09-11T23:31:12.2824750Z test report::tests::agent_hook_claude_rejects_malformed_or_oversized_input ... ok
checks	Test	2026-09-11T23:31:12.2925310Z test report::claude_metrics::tests::production_identity_cap_preserves_oldest_and_freezes_at_cap_plus_one ... ok
checks	Test	2026-09-11T23:31:12.5348280Z test report::admission::tests::blocked_version_probe_reaps_the_exact_group_within_budget ... ok
checks	Test	2026-09-11T23:31:12.5356760Z 
checks	Test	2026-09-11T23:31:12.5357590Z test result: ok. 39 passed; 0 failed; 0 ignored; 0 measured; 0 filtered out; finished in 1.02s
checks	Test	2026-09-11T23:31:12.5358300Z 
checks	Test	2026-09-11T23:31:12.5359140Z ^[[1m^[[92m     Running^[[0m unittests src/main.rs (target/debug/deps/ovrcr-6f55870b48f4e066)
checks	Test	2026-09-11T23:31:12.5570020Z 
checks	Test	2026-09-11T23:31:12.5571200Z running 1 test
checks	Test	2026-09-11T23:31:12.5607010Z test cli::codex_setup::tests::configuration_presence_requires_unfiltered_synchronous_exact_command ... ok
checks	Test	2026-09-11T23:31:12.5613610Z ^[[1m^[[92m     Running^[[0m unittests src/bin/ovrcr-gui.rs (target/debug/deps/ovrcr_gui-a47b4d77f27afaca)
checks	Test	2026-09-11T23:31:12.5614110Z 
checks	Test	2026-09-11T23:31:12.5619300Z test result: ok. 1 passed; 0 failed; 0 ignored; 0 measured; 0 filtered out; finished in 0.00s
checks	Test	2026-09-11T23:31:12.5619770Z 
checks	Test	2026-09-11T23:31:12.5796130Z 
checks	Test	2026-09-11T23:31:12.5797100Z running 7 tests
checks	Test	2026-09-11T23:31:12.8834530Z test native_glyph::native_raster_retains_style_scale_and_opacity ... ok
checks	Test	2026-09-11T23:31:12.8910270Z test native_glyph_cache_evicts_entries_unused_last_frame ... ok
checks	Test	2026-09-11T23:31:12.9012050Z test terminal_fonts_render_mockup_glyphs_or_default_symbols ... ok
checks	Test	2026-09-11T23:31:12.9502100Z test terminal_paints_missing_unicode_as_native_images ... ok
checks	Test	2026-09-11T23:31:13.1088350Z test terminal_paints_reserved_icon_cell_before_foreground_glyph ... ok
checks	Test	2026-09-11T23:31:13.3779740Z test native_glyph_cache_keeps_a_screen_of_distinct_glyphs ... ok
checks	Test	2026-09-11T23:31:18.7112930Z test command_palette_opens_when_another_control_has_focus ... ok
checks	Test	2026-09-11T23:31:18.7115650Z 
checks	Test	2026-09-11T23:31:18.7118070Z test result: ok. 7 passed; 0 failed; 0 ignored; 0 measured; 0 filtered out; finished in 6.13s
checks	Test	2026-09-11T23:31:18.7118690Z 
checks	Test	2026-09-11T23:31:18.7167850Z ^[[1m^[[92m     Running^[[0m tests/agent_setup.rs (target/debug/deps/agent_setup-9ca9941c10892bf2)
checks	Test	2026-09-11T23:31:18.7312600Z 
checks	Test	2026-09-11T23:31:18.7313240Z running 10 tests
checks	Test	2026-09-11T23:31:18.7939890Z test codex_doctor_checks_supplied_hooks_without_certifying_trust ... ok
checks	Test	2026-09-11T23:31:19.0191410Z test codex_doctor_defaults_dispatch_and_rejects_versions_without_server_or_secrets ... ok
checks	Test	2026-09-11T23:31:19.1399620Z test codex_setup_preserves_handlers_trust_and_quotes_noop_helper ... ok
checks	Test	2026-09-11T23:31:19.2059900Z test doctor_does_not_certify_filtered_hooks_wrong_types_or_statusline_suffixes ... ok
checks	Test	2026-09-11T23:31:19.2303700Z test doctor_inspects_unbound_and_unavailable_sessions_without_private_values ... ok
checks	Test	2026-09-11T23:31:23.4041080Z test doctor_interrupt_cleans_its_owned_version_probe_before_exit ... ok
checks	Test	2026-09-11T23:31:23.6479170Z test doctor_reports_partial_config_proof_missing_and_unsupported_versions_without_secrets ... ok
checks	Test	2026-09-11T23:31:23.6898740Z test setup_migrates_only_exact_legacy_statusline_and_marks_hooks ... ok
checks	Test	2026-09-11T23:31:23.7674280Z test setup_preserves_settings_and_external_renderer_bytes_once ... ok
checks	Test	2026-09-11T23:31:23.9113680Z test setup_quotes_actual_executable_path ... ok
checks	Test	2026-09-11T23:31:23.9121050Z 
checks	Test	2026-09-11T23:31:23.9174120Z test result: ok. 10 passed; 0 failed; 0 ignored; 0 measured; 0 filtered out; finished in 5.18s
checks	Test	2026-09-11T23:31:23.9235730Z ^[[1m^[[92m     Running^[[0m tests/claude_reporting.rs (target/debug/deps/claude_reporting-5f4f85ce6bb2267c)
checks	Test	2026-09-11T23:31:23.9236220Z 
checks	Test	2026-09-11T23:31:23.9568670Z 
checks	Test	2026-09-11T23:31:23.9569500Z running 17 tests
checks	Test	2026-09-11T23:31:23.9780100Z test collector_diagnostics_track_one_bounded_exchange_and_drain ... ok
checks	Test	2026-09-11T23:31:23.9873000Z test collector_cancel_reaps_an_exited_group_before_confirming_absence ... ok
checks	Test	2026-09-11T23:31:23.9994520Z test collector_actual_helper_appends_partial_record_and_equal_replay ... ok
checks	Test	2026-09-11T23:31:24.0016090Z test collector_differing_duplicate_freezes_before_replacement ... ok
checks	Test	2026-09-11T23:31:24.0080070Z test collector_expired_deadline_transfers_reaping_ownership ... ok
checks	Test	2026-09-11T23:31:24.0154940Z test collector_drop_is_bounded_for_a_stalled_helper ... ok
checks	Test	2026-09-11T23:31:24.0360950Z test collector_launch_clears_inherited_environment ... ok
checks	Test	2026-09-11T23:31:24.0389170Z test collector_foreign_usage_and_nonregular_source_fail_without_content_leaks ... ok
checks	Test	2026-09-11T23:31:24.0522230Z test collector_missing_file_retries_same_path_and_truncation_preserves_watermark ... ok
checks	Test	2026-09-11T23:31:25.0137000Z test collector_raw_record_limit_preserves_prefix ... ok
checks	Test	2026-09-11T23:31:25.0523460Z test collector_reads_only_one_chunk_and_excludes_sidechains ... ok
checks	Test	2026-09-11T23:31:25.1768570Z test collector_rejects_actual_oversized_and_trailing_helper_responses_within_bound ... ok
checks	Test	2026-09-11T23:31:25.1872100Z test collector_rejects_oversized_configuration_before_spawn ... ok
checks	Test	2026-09-11T23:31:25.2447100Z test collector_replacement_does_not_publish_a_smaller_prefix ... ok
checks	Test	2026-09-11T23:31:25.2726570Z test collector_stalled_helper_is_nonblocking_and_owned_group_cleanup_is_bounded ... ok
checks	Test	2026-09-11T23:31:26.0365670Z test collector_production_byte_cap_freezes_before_identity_cap ... ok
checks	Test	2026-09-11T23:31:26.3777710Z test collector_production_identity_cap_freezes_later_unique_usage ... ok
checks	Test	2026-09-11T23:31:26.3779250Z 
checks	Test	2026-09-11T23:31:26.3779570Z test result: ok. 17 passed; 0 failed; 0 ignored; 0 measured; 0 filtered out; finished in 2.42s
checks	Test	2026-09-11T23:31:26.3780130Z 
checks	Test	2026-09-11T23:31:26.3790390Z ^[[1m^[[92m     Running^[[0m tests/claude_reporting_load.rs (target/debug/deps/claude_reporting_load-d52c1a147e13ed4b)
checks	Test	2026-09-11T23:31:26.8271430Z 
checks	Test	2026-09-11T23:31:26.8271990Z running 2 tests
checks	Test	2026-09-11T23:31:26.8394290Z test fifty_collector_raw_index_and_sequential_json_high_water ... ignored, isolated Linux runner only: 50 collectors at raw/index limits
checks	Test	2026-09-11T23:31:26.8400900Z test fifty_session_reporting_capacity ... ignored, 50 real PTYs/helpers, production indices, 60 seconds; run explicitly alone
checks	Test	2026-09-11T23:31:26.8401420Z 
checks	Test	2026-09-11T23:31:26.8401940Z test result: ok. 0 passed; 0 failed; 2 ignored; 0 measured; 0 filtered out; finished in 0.03s
checks	Test	2026-09-11T23:31:26.8402300Z 
checks	Test	2026-09-11T23:31:26.8614220Z ^[[1m^[[92m     Running^[[0m tests/cli.rs (target/debug/deps/cli-eb87258f0b23bdcd)
checks	Test	2026-09-11T23:31:27.2150880Z 
checks	Test	2026-09-11T23:31:27.2152320Z running 32 tests
checks	Test	2026-09-11T23:31:27.2354040Z test agent_hook_cli_requires_identity_without_starting_server ... ok
checks	Test	2026-09-11T23:31:28.2461730Z test agent_hook_cli_deadline_spans_stdin_and_dripped_response ... ok
checks	Test	2026-09-11T23:31:28.4025230Z test agent_run_preserves_native_argv_stdio_and_exit_without_server ... ok
checks	Test	2026-09-11T23:31:28.4825000Z test agent_run_private_channel_failure_runs_native_without_inherited_reporting ... ok
checks	Test	2026-09-11T23:31:28.5297610Z test agent_hook_cli_reaches_managed_session ... ok
checks	Test	2026-09-11T23:31:28.6132650Z test claude_doctor_reports_exact_version_and_version_specific_resume_forms ... ok
checks	Test	2026-09-11T23:31:28.9829640Z test agent_run_unavailable_server_passes_native_help_version_and_signal_exit ... ok
checks	Test	2026-09-11T23:31:29.0930990Z test claude_statusline_renderer_receives_original_input_once_even_if_invalid ... ok
checks	Test	2026-09-11T23:31:29.1112400Z test claude_statusline_renders_default_without_reporting_server ... ok
checks	Test	2026-09-11T23:31:29.1256210Z test codex_setup_and_doctor_help_expose_provider_dispatch ... ok
checks	Test	2026-09-11T23:31:30.3789160Z test agent_hook_cli_timeout_is_bounded ... ok
checks	Test	2026-09-11T23:31:30.5983880Z test context_helper_invalid_input_has_no_effect ... ok
checks	Test	2026-09-11T23:31:30.7553080Z test claude_statusline_preserves_decimal_and_renders_after_reporting_timeout ... ok
checks	Test	2026-09-11T23:31:30.7668030Z test context_inspect_missing_session_fails ... ok
checks	Test	2026-09-11T23:31:31.6849590Z test context_helper_missing_server_does_not_start_one ... ok
checks	Test	2026-09-11T23:31:31.6921400Z test malformed_offline_registry_is_reported_without_replacing_it ... ok
checks	Test	2026-09-11T23:31:31.7278080Z test max_lines_must_be_positive_and_legacy_offline_json_is_valid ... ok
checks	Test	2026-09-11T23:31:31.8951070Z test mutations_do_not_start_a_server ... ok
checks	Test	2026-09-11T23:31:31.9079190Z test new_and_existing_branch_flags_are_exclusive ... ok
checks	Test	2026-09-11T23:31:31.9803980Z test offline_json_commands_keep_errors_structured_and_do_not_start_server ... ok
checks	Test	2026-09-11T23:31:31.9881610Z test offline_project_inspection_reads_and_sorts_the_registry_without_starting_server ... ok
checks	Test	2026-09-11T23:31:32.0194770Z test pause_resume_cli_requires_id ... ok
checks	Test	2026-09-11T23:31:32.1398110Z test context_helper_reports_from_managed_pty ... ok
checks	Test	2026-09-11T23:31:32.2274770Z test resource_aliases_are_visible_and_parse_as_commands ... ok
checks	Test	2026-09-11T23:31:32.2478800Z test response_ready_cli_parses_before_requiring_hook_identity ... ok
checks	Test	2026-09-11T23:31:32.6114700Z test context_inspect_reports_unknown_and_sample ... ok
checks	Test	2026-09-11T23:31:32.6333840Z test runtime_errors_include_the_cause_chain ... ok
checks	Test	2026-09-11T23:31:32.6567600Z Initialized empty Git repository in /private/var/folders/36/tjdph2t965j8snz9_vkdnw0r0000gn/T/.tmptDlFdn/repo/.git/
checks	Test	2026-09-11T23:31:32.7116290Z [main (root-commit) 18c4b30] initial
checks	Test	2026-09-11T23:31:32.7157880Z  1 file changed, 1 insertion(+)
checks	Test	2026-09-11T23:31:32.7169030Z  create mode 100644 README
checks	Test	2026-09-11T23:31:33.6147580Z test response_ready_cli_reaches_managed_session ... ok
checks	Test	2026-09-11T23:31:33.6233520Z test terminal_workspace_filter_requires_project ... ok
checks	Test	2026-09-11T23:31:33.6537390Z test version_flag_prints_package_version ... ok
checks	Test	2026-09-11T23:31:33.8229200Z test session_command_keeps_arguments_after_separator ... ok
checks	Test	2026-09-11T23:31:35.0817600Z test requests_time_out_against_a_wedged_server ... ok
checks	Test	2026-09-11T23:31:35.0818040Z 
checks	Test	2026-09-11T23:31:35.0824690Z test result: ok. 32 passed; 0 failed; 0 ignored; 0 measured; 0 filtered out; finished in 7.87s
checks	Test	2026-09-11T23:31:35.0826330Z 
checks	Test	2026-09-11T23:31:35.0860560Z ^[[1m^[[92m     Running^[[0m tests/codex_reporting.rs (target/debug/deps/codex_reporting-ae7e21267cc1d4be)
checks	Test	2026-09-11T23:31:35.1031680Z 
checks	Test	2026-09-11T23:31:35.1034780Z running 4 tests
checks	Test	2026-09-11T23:31:35.1035280Z test codex_fresh_grammar_rejects_resume_remote_and_unknown_forms ... ok
checks	Test	2026-09-11T23:31:35.1132420Z test codex_hook_outside_managed_invocation_is_silent_without_reading_stdin ... ok
checks	Test	2026-09-11T23:31:35.1697140Z test codex_version_probe_accepts_only_exact_successful_pinned_output ... ok
checks	Test	2026-09-11T23:31:35.2066280Z test codex_native_argv_stdout_and_exit_survive_missing_reporting ... ok
checks	Test	2026-09-11T23:31:35.2066830Z 
checks	Test	2026-09-11T23:31:35.2067290Z test result: ok. 4 passed; 0 failed; 0 ignored; 0 measured; 0 filtered out; finished in 0.10s
checks	Test	2026-09-11T23:31:35.2068240Z 
checks	Test	2026-09-11T23:31:35.2069220Z ^[[1m^[[92m     Running^[[0m tests/git_lifecycle.rs (target/debug/deps/git_lifecycle-e55f18cd2c217535)
checks	Test	2026-09-11T23:31:35.2253760Z 
checks	Test	2026-09-11T23:31:35.2254430Z running 17 tests
checks	Test	2026-09-11T23:31:35.2558930Z Initialized empty Git repository in /private/var/folders/36/tjdph2t965j8snz9_vkdnw0r0000gn/T/.tmpcu3rSh/repo/.git/
checks	Test	2026-09-11T23:31:35.2589310Z Initialized empty Git repository in /private/var/folders/36/tjdph2t965j8snz9_vkdnw0r0000gn/T/.tmpVV0d3k/repo/.git/
checks	Test	2026-09-11T23:31:35.2736990Z Initialized empty Git repository in /private/var/folders/36/tjdph2t965j8snz9_vkdnw0r0000gn/T/.tmpr1RjN2/repo/.git/
checks	Test	2026-09-11T23:31:35.3389230Z [main (root-commit) 5a8a0e5] initial
checks	Test	2026-09-11T23:31:35.3392080Z  1 file changed, 1 insertion(+)
checks	Test	2026-09-11T23:31:35.3395980Z  create mode 100644 README
checks	Test	2026-09-11T23:31:35.3410400Z [main (root-commit) 5a8a0e5] initial
checks	Test	2026-09-11T23:31:35.3410910Z  1 file changed, 1 insertion(+)
checks	Test	2026-09-11T23:31:35.3411380Z  create mode 100644 README
checks	Test	2026-09-11T23:31:35.3411710Z [main (root-commit) 5a8a0e5] initial
checks	Test	2026-09-11T23:31:35.3411990Z  1 file changed, 1 insertion(+)
checks	Test	2026-09-11T23:31:35.3412300Z  create mode 100644 README
checks	Test	2026-09-11T23:31:35.6460230Z test add_project_refuses_relative_paths_without_creating_anything ... ok
checks	Test	2026-09-11T23:31:35.6588660Z test add_project_creates_a_missing_workspace_root ... ok
checks	Test	2026-09-11T23:31:35.6734600Z test add_project_leaves_no_workspace_root_when_the_repository_is_invalid ... ok
checks	Test	2026-09-11T23:31:35.6841830Z Initialized empty Git repository in /private/var/folders/36/tjdph2t965j8snz9_vkdnw0r0000gn/T/.tmpPXAQVf/repo/.git/
checks	Test	2026-09-11T23:31:35.6943390Z Initialized empty Git repository in /private/var/folders/36/tjdph2t965j8snz9_vkdnw0r0000gn/T/.tmpkW6sTJ/repo/.git/
checks	Test	2026-09-11T23:31:35.7044860Z Initialized empty Git repository in /private/var/folders/36/tjdph2t965j8snz9_vkdnw0r0000gn/T/.tmpbLI6U4/repo/.git/
checks	Test	2026-09-11T23:31:35.7560820Z [main (root-commit) 5a8a0e5] initial
checks	Test	2026-09-11T23:31:35.7574930Z  1 file changed, 1 insertion(+)
checks	Test	2026-09-11T23:31:35.7577890Z  create mode 100644 README
checks	Test	2026-09-11T23:31:35.7579790Z [main (root-commit) 5a8a0e5] initial
checks	Test	2026-09-11T23:31:35.7581120Z  1 file changed, 1 insertion(+)
checks	Test	2026-09-11T23:31:35.7584030Z  create mode 100644 README
checks	Test	2026-09-11T23:31:35.7585150Z [main (root-commit) 5a8a0e5] initial
checks	Test	2026-09-11T23:31:35.7626170Z  1 file changed, 1 insertion(+)
checks	Test	2026-09-11T23:31:35.7626660Z  create mode 100644 README
checks	Test	2026-09-11T23:31:35.8445870Z test refuses_registry_and_git_path_disagreement ... ok
checks	Test	2026-09-11T23:31:35.8594960Z Initialized empty Git repository in /private/var/folders/36/tjdph2t965j8snz9_vkdnw0r0000gn/T/.tmpM20S60/repo/.git/
checks	Test	2026-09-11T23:31:35.8816360Z test inspects_clean_and_dirty_worktrees ... ok
checks	Test	2026-09-11T23:31:35.8874860Z test creates_new_and_existing_branch_worktrees ... ok
checks	Test	2026-09-11T23:31:35.8971560Z Initialized empty Git repository in /private/var/folders/36/tjdph2t965j8snz9_vkdnw0r0000gn/T/.tmphkGxkT/repo/.git/
checks	Test	2026-09-11T23:31:35.9000350Z Initialized empty Git repository in /private/var/folders/36/tjdph2t965j8snz9_vkdnw0r0000gn/T/.tmpxrnNJ3/repo/.git/
checks	Test	2026-09-11T23:31:35.9089230Z [main (root-commit) 5a8a0e5] initial
checks	Test	2026-09-11T23:31:35.9091900Z  1 file changed, 1 insertion(+)
checks	Test	2026-09-11T23:31:35.9094450Z  create mode 100644 README
checks	Test	2026-09-11T23:31:35.9386110Z [main (root-commit) 5a8a0e5] initial
checks	Test	2026-09-11T23:31:35.9391280Z  1 file changed, 1 insertion(+)
checks	Test	2026-09-11T23:31:35.9397490Z  create mode 100644 README
checks	Test	2026-09-11T23:31:35.9397890Z [main (root-commit) 5a8a0e5] initial
checks	Test	2026-09-11T23:31:35.9399500Z  1 file changed, 1 insertion(+)
checks	Test	2026-09-11T23:31:35.9400600Z  create mode 100644 README
checks	Test	2026-09-11T23:31:35.9467270Z Preparing worktree (new branch 'feature/shared')
checks	Test	2026-09-11T23:31:35.9695400Z HEAD is now at 5a8a0e5 initial
checks	Test	2026-09-11T23:31:36.0079620Z test refuses_to_remove_unregistered_matching_worktree ... ok
checks	Test	2026-09-11T23:31:36.0204810Z Initialized empty Git repository in /private/var/folders/36/tjdph2t965j8snz9_vkdnw0r0000gn/T/.tmp0kw3Es/repo/.git/
checks	Test	2026-09-11T23:31:36.0376060Z test refuses_symlink_substitution_without_touching_either_worktree ... ok
checks	Test	2026-09-11T23:31:36.0435800Z test refuses_to_remove_branch_checked_out_elsewhere ... ok
checks	Test	2026-09-11T23:31:36.0511250Z Initialized empty Git repository in /private/var/folders/36/tjdph2t965j8snz9_vkdnw0r0000gn/T/.tmpaDqGFk/repo/.git/
checks	Test	2026-09-11T23:31:36.0556140Z Initialized empty Git repository in /private/var/folders/36/tjdph2t965j8snz9_vkdnw0r0000gn/T/.tmpGVzgna/repo/.git/
checks	Test	2026-09-11T23:31:36.0606110Z [main (root-commit) 7f0bd70] initial
checks	Test	2026-09-11T23:31:36.0607930Z  1 file changed, 1 insertion(+)
checks	Test	2026-09-11T23:31:36.0608920Z  create mode 100644 README
checks	Test	2026-09-11T23:31:36.0671410Z Preparing worktree (new branch 'feature/outside')
checks	Test	2026-09-11T23:31:36.0865140Z HEAD is now at 7f0bd70 initial
checks	Test	2026-09-11T23:31:36.0923730Z [main (root-commit) 7f0bd70] initial
checks	Test	2026-09-11T23:31:36.0925340Z  1 file changed, 1 insertion(+)
checks	Test	2026-09-11T23:31:36.0926860Z  create mode 100644 README
checks	Test	2026-09-11T23:31:36.0960210Z [main (root-commit) 7f0bd70] initial
checks	Test	2026-09-11T23:31:36.0961440Z  1 file changed, 1 insertion(+)
checks	Test	2026-09-11T23:31:36.0962580Z  create mode 100644 README
checks	Test	2026-09-11T23:31:36.1026680Z test refuses_to_remove_worktree_outside_registered_root ... ok
checks	Test	2026-09-11T23:31:36.1154160Z Initialized empty Git repository in /private/var/folders/36/tjdph2t965j8snz9_vkdnw0r0000gn/T/.tmpz1irYW/repo/.git/
checks	Test	2026-09-11T23:31:36.1572050Z [main (root-commit) 7f0bd70] initial
checks	Test	2026-09-11T23:31:36.1574170Z  1 file changed, 1 insertion(+)
checks	Test	2026-09-11T23:31:36.1576000Z  create mode 100644 README
checks	Test	2026-09-11T23:31:36.1788430Z test rejects_existing_worktree_destination ... ok
checks	Test	2026-09-11T23:31:36.1790310Z test refuses_to_remove_worktree_with_tracked_changes ... ok
checks	Test	2026-09-11T23:31:36.1940310Z test refuses_to_remove_worktree_with_untracked_files ... ok
checks	Test	2026-09-11T23:31:36.1942570Z Initialized empty Git repository in /private/var/folders/36/tjdph2t965j8snz9_vkdnw0r0000gn/T/.tmpNQQqpz/repo/.git/
checks	Test	2026-09-11T23:31:36.1975880Z Initialized empty Git repository in /private/var/folders/36/tjdph2t965j8snz9_vkdnw0r0000gn/T/.tmpwMT6gC/repo/.git/
checks	Test	2026-09-11T23:31:36.2071430Z Initialized empty Git repository in /private/var/folders/36/tjdph2t965j8snz9_vkdnw0r0000gn/T/.tmp2C3QjX/repo/.git/
checks	Test	2026-09-11T23:31:36.2391000Z [main (root-commit) 7f0bd70] initial
checks	Test	2026-09-11T23:31:36.2402390Z  1 file changed, 1 insertion(+)
checks	Test	2026-09-11T23:31:36.2404160Z  create mode 100644 README
checks	Test	2026-09-11T23:31:36.2411160Z [main (root-commit) 7f0bd70] initial
checks	Test	2026-09-11T23:31:36.2412800Z  1 file changed, 1 insertion(+)
checks	Test	2026-09-11T23:31:36.2429510Z  create mode 100644 README
checks	Test	2026-09-11T23:31:36.2502700Z test rejects_workspace_path_traversal_before_git ... ok
checks	Test	2026-09-11T23:31:36.2517790Z [main (root-commit) 7f0bd70] initial
checks	Test	2026-09-11T23:31:36.2541260Z  1 file changed, 1 insertion(+)
checks	Test	2026-09-11T23:31:36.2542530Z  create mode 100644 README
checks	Test	2026-09-11T23:31:36.2633010Z Initialized empty Git repository in /private/var/folders/36/tjdph2t965j8snz9_vkdnw0r0000gn/T/.tmpJCU6Is/repo/.git/
checks	Test	2026-09-11T23:31:36.2955330Z test rejects_invalid_base_and_nonlocal_existing_ref_before_worktree_creation ... ok
checks	Test	2026-09-11T23:31:36.3034480Z [main (root-commit) 7f0bd70] initial
checks	Test	2026-09-11T23:31:36.3038530Z  1 file changed, 1 insertion(+)
checks	Test	2026-09-11T23:31:36.3039820Z  create mode 100644 README
checks	Test	2026-09-11T23:31:36.3514570Z test removes_clean_registered_worktree_and_preserves_branch ... ok
checks	Test	2026-09-11T23:31:36.4090520Z test removes_workspace_whose_directory_is_gone ... ok
checks	Test	2026-09-11T23:31:36.4091140Z 
checks	Test	2026-09-11T23:31:36.4092860Z test result: ok. 17 passed; 0 failed; 0 ignored; 0 measured; 0 filtered out; finished in 1.18s
checks	Test	2026-09-11T23:31:36.4093340Z 
checks	Test	2026-09-11T23:31:36.4095550Z ^[[1m^[[92m     Running^[[0m tests/gui.rs (target/debug/deps/gui-ea016dc286ed693d)
checks	Test	2026-09-11T23:31:36.4236880Z 
checks	Test	2026-09-11T23:31:36.4239480Z running 6 tests
checks	Test	2026-09-11T23:31:36.4287480Z test command_k_is_not_forwarded_to_terminal ... ok
checks	Test	2026-09-11T23:31:36.4320900Z test input_preserves_control_keys_terminal_modes_and_mouse_cells ... ok
checks	Test	2026-09-11T23:31:38.7451800Z test outer_pty_parses_attributes_and_resize_reaches_the_tty ... ok
checks	Test	2026-09-11T23:31:39.6803720Z test palette_creates_switches_and_closes_a_real_terminal ... ok
checks	Test	2026-09-11T23:31:39.6821100Z test demo_shells_inherit_paths_and_cli_reaches_fixture ... ok
checks	Test	2026-09-11T23:31:41.7301670Z test real_dashboard_accepts_input_reattaches_and_cleans_up_demo ... ok
checks	Test	2026-09-11T23:31:41.7302050Z 
checks	Test	2026-09-11T23:31:41.7302320Z test result: ok. 6 passed; 0 failed; 0 ignored; 0 measured; 0 filtered out; finished in 5.31s
checks	Test	2026-09-11T23:31:41.7302710Z 
checks	Test	2026-09-11T23:31:41.7305290Z ^[[1m^[[92m     Running^[[0m tests/resource_cli.rs (target/debug/deps/resource_cli-ae0a1c7201cab030)
checks	Test	2026-09-11T23:31:41.7437410Z 
checks	Test	2026-09-11T23:31:41.7437960Z running 6 tests
checks	Test	2026-09-11T23:31:41.9542360Z test managed_usage_inspection_preserves_scope_unknowns_and_component_ages ... ok
checks	Test	2026-09-11T23:31:42.6644160Z test agent_hook_resource_inventory_reports_activity ... ok
checks	Test	2026-09-11T23:31:42.9321620Z test pause_resume_resource_cli_preserves_input_and_close_contract ... ok
checks	Test	2026-09-11T23:31:42.9338340Z test context_resource_inventory_matches_inspection ... ok
checks	Test	2026-09-11T23:31:43.5056570Z test remove_project_reports_workspaces_remain ... ok
checks	Test	2026-09-11T23:31:44.1960550Z test terminal_cli_drives_real_session_and_preserves_workspace_removal_guards ... ok
checks	Test	2026-09-11T23:31:44.1972960Z ^[[1m^[[92m     Running^[[0m tests/server_lifecycle.rs (target/debug/deps/server_lifecycle-b1a51093be5596ca)
checks	Test	2026-09-11T23:31:44.1973940Z 
checks	Test	2026-09-11T23:31:44.1977500Z test result: ok. 6 passed; 0 failed; 0 ignored; 0 measured; 0 filtered out; finished in 2.45s
checks	Test	2026-09-11T23:31:44.1979000Z 
checks	Test	2026-09-11T23:31:44.2375770Z 
checks	Test	2026-09-11T23:31:44.2376220Z running 89 tests
checks	Test	2026-09-11T23:31:44.2620920Z Initialized empty Git repository in /private/var/folders/36/tjdph2t965j8snz9_vkdnw0r0000gn/T/.tmpxFUiJk/repo/.git/
checks	Test	2026-09-11T23:31:44.2626040Z Initialized empty Git repository in /private/var/folders/36/tjdph2t965j8snz9_vkdnw0r0000gn/T/.tmpccMeQQ/repo/.git/
checks	Test	2026-09-11T23:31:44.3164280Z [main (root-commit) 979581a] initial
checks	Test	2026-09-11T23:31:44.3172540Z  1 file changed, 1 insertion(+)
checks	Test	2026-09-11T23:31:44.3174340Z  create mode 100644 README
checks	Test	2026-09-11T23:31:44.3174630Z [main (root-commit) 979581a] initial
checks	Test	2026-09-11T23:31:44.3175430Z  1 file changed, 1 insertion(+)
checks	Test	2026-09-11T23:31:44.3175730Z  create mode 100644 README
checks	Test	2026-09-11T23:31:46.7531700Z test agent_admission_branch_freezes_without_replacement_or_reopening ... ok
checks	Test	2026-09-11T23:31:46.7701500Z Initialized empty Git repository in /private/var/folders/36/tjdph2t965j8snz9_vkdnw0r0000gn/T/.tmpoJvjiJ/repo/.git/
checks	Test	2026-09-11T23:31:46.8077920Z [main (root-commit) 57f4b55] initial
checks	Test	2026-09-11T23:31:46.8080170Z  1 file changed, 1 insertion(+)
checks	Test	2026-09-11T23:31:46.8080560Z  create mode 100644 README
checks	Test	2026-09-11T23:31:46.9675630Z test agent_admission_explicit_resume_preserves_argv_and_collects_conversation_usage ... ok
checks	Test	2026-09-11T23:31:46.9774010Z Initialized empty Git repository in /private/var/folders/36/tjdph2t965j8snz9_vkdnw0r0000gn/T/.tmp0YEPDX/repo/.git/
checks	Test	2026-09-11T23:31:47.0111470Z [main (root-commit) 29f1c32] initial
checks	Test	2026-09-11T23:31:47.0112280Z  1 file changed, 1 insertion(+)
checks	Test	2026-09-11T23:31:47.0113070Z  create mode 100644 README
checks	Test	2026-09-11T23:31:49.7878970Z test agent_admission_failed_bind_status_disconnects_watch ... ok
checks	Test	2026-09-11T23:31:49.8088310Z Initialized empty Git repository in /private/var/folders/36/tjdph2t965j8snz9_vkdnw0r0000gn/T/.tmppyJcyR/repo/.git/
checks	Test	2026-09-11T23:31:49.8587000Z [main (root-commit) 52c978f] initial
checks	Test	2026-09-11T23:31:49.8588990Z  1 file changed, 1 insertion(+)
checks	Test	2026-09-11T23:31:49.8590180Z  create mode 100644 README
checks	Test	2026-09-11T23:31:50.4420600Z test agent_admission_ineligible_argv_and_probe_failures_preserve_native_arguments ... ok
checks	Test	2026-09-11T23:31:50.4522070Z test agent_admission_native_helper ... ignored, native admission fixture launched through agent run
checks	Test	2026-09-11T23:31:52.9910110Z test agent_admission_failed_unavailable_publication_disconnects_watch ... ok
checks	Test	2026-09-11T23:31:53.0023230Z Initialized empty Git repository in /private/var/folders/36/tjdph2t965j8snz9_vkdnw0r0000gn/T/.tmpAQLx33/repo/.git/
checks	Test	2026-09-11T23:31:53.0024230Z Initialized empty Git repository in /private/var/folders/36/tjdph2t965j8snz9_vkdnw0r0000gn/T/.tmp9t428k/repo/.git/
checks	Test	2026-09-11T23:31:53.0459610Z [main (root-commit) 72de965] initial
checks	Test	2026-09-11T23:31:53.0461210Z  1 file changed, 1 insertion(+)
checks	Test	2026-09-11T23:31:53.0467390Z  create mode 100644 README
checks	Test	2026-09-11T23:31:53.0495620Z [main (root-commit) 72de965] initial
checks	Test	2026-09-11T23:31:53.0498540Z  1 file changed, 1 insertion(+)
checks	Test	2026-09-11T23:31:53.0499520Z  create mode 100644 README
checks	Test	2026-09-11T23:31:55.4684000Z test agent_admission_short_resume_on_2_1_268_preserves_argv_and_lifecycle ... ok
checks	Test	2026-09-11T23:31:55.6951070Z test agent_admission_lost_bind_then_clear_resolves_without_another_startup ... ok
checks	Test	2026-09-11T23:31:55.7087880Z Initialized empty Git repository in /private/var/folders/36/tjdph2t965j8snz9_vkdnw0r0000gn/T/.tmpbISMfz/repo/.git/
checks	Test	2026-09-11T23:31:55.7435960Z [main (root-commit) 552adac] initial
checks	Test	2026-09-11T23:31:55.7436580Z  1 file changed, 1 insertion(+)
checks	Test	2026-09-11T23:31:55.7436970Z  create mode 100644 README
checks	Test	2026-09-11T23:31:58.2728270Z test agent_admission_private_claude_route_binds_once_and_clear_retains_lease ... ok
checks	Test	2026-09-11T23:31:58.2872560Z Initialized empty Git repository in /private/var/folders/36/tjdph2t965j8snz9_vkdnw0r0000gn/T/.tmpmQ0Jic/repo/.git/
checks	Test	2026-09-11T23:31:58.3295710Z [main (root-commit) 0ca19b1] initial
checks	Test	2026-09-11T23:31:58.3296560Z  1 file changed, 1 insertion(+)
checks	Test	2026-09-11T23:31:58.3297030Z  create mode 100644 README
checks	Test	2026-09-11T23:31:58.9669890Z test agent_hook_capability_and_exit_are_enforced ... ok
checks	Test	2026-09-11T23:31:58.9839630Z Initialized empty Git repository in /private/var/folders/36/tjdph2t965j8snz9_vkdnw0r0000gn/T/.tmpmAFQup/repo/.git/
checks	Test	2026-09-11T23:31:59.0261300Z [main (root-commit) be91253] initial
checks	Test	2026-09-11T23:31:59.0263480Z  1 file changed, 1 insertion(+)
checks	Test	2026-09-11T23:31:59.0264440Z  create mode 100644 README
checks	Test	2026-09-11T23:31:59.4151990Z test agent_hook_round_trip_survives_dashboard_reconnect ... ok
checks	Test	2026-09-11T23:31:59.4365380Z Initialized empty Git repository in /private/var/folders/36/tjdph2t965j8snz9_vkdnw0r0000gn/T/.tmppAcHyN/repo/.git/
checks	Test	2026-09-11T23:31:59.4369440Z Initialized empty Git repository in /private/var/folders/36/tjdph2t965j8snz9_vkdnw0r0000gn/T/.tmpc6xAbI/repo/.git/
checks	Test	2026-09-11T23:31:59.4824180Z [main (root-commit) be91253] initial
checks	Test	2026-09-11T23:31:59.4831570Z  1 file changed, 1 insertion(+)
checks	Test	2026-09-11T23:31:59.4832410Z  create mode 100644 README
checks	Test	2026-09-11T23:31:59.4833480Z [main (root-commit) be91253] initial
checks	Test	2026-09-11T23:31:59.4834650Z  1 file changed, 1 insertion(+)
checks	Test	2026-09-11T23:31:59.4835040Z  create mode 100644 README
checks	Test	2026-09-11T23:31:59.9905560Z test agent_hook_sequence_does_not_regress_state ... ok
checks	Test	2026-09-11T23:32:00.0137300Z Initialized empty Git repository in /private/var/folders/36/tjdph2t965j8snz9_vkdnw0r0000gn/T/.tmpBat42H/repo/.git/
checks	Test	2026-09-11T23:32:00.0139850Z Initialized empty Git repository in /private/var/folders/36/tjdph2t965j8snz9_vkdnw0r0000gn/T/.tmpnwATRh/repo/.git/
checks	Test	2026-09-11T23:32:00.0795280Z [main (root-commit) cef829e] initial
checks	Test	2026-09-11T23:32:00.0799250Z  1 file changed, 1 insertion(+)
checks	Test	2026-09-11T23:32:00.0799820Z  create mode 100644 README
checks	Test	2026-09-11T23:32:00.0819690Z [main (root-commit) cef829e] initial
checks	Test	2026-09-11T23:32:00.0825620Z  1 file changed, 1 insertion(+)
checks	Test	2026-09-11T23:32:00.0828500Z  create mode 100644 README
checks	Test	2026-09-11T23:32:00.4095710Z test agent_hook_startup_registration_is_visible ... ok
checks	Test	2026-09-11T23:32:00.4096580Z test agent_run_native_exec_helper ... ignored, native exec descriptor fixture launched through agent run
checks	Test	2026-09-11T23:32:00.4097900Z test agent_run_native_helper ... ignored, native child fixture launched through agent run
checks	Test	2026-09-11T23:32:00.4244030Z Initialized empty Git repository in /private/var/folders/36/tjdph2t965j8snz9_vkdnw0r0000gn/T/.tmpYbzddJ/repo/.git/
checks	Test	2026-09-11T23:32:00.4600240Z [main (root-commit) cef829e] initial
checks	Test	2026-09-11T23:32:00.4600940Z  1 file changed, 1 insertion(+)
checks	Test	2026-09-11T23:32:00.4601500Z  create mode 100644 README
checks	Test	2026-09-11T23:32:00.5235020Z test agent_run_channel_failure_releases_reservation_before_native_fallback ... ok
checks	Test	2026-09-11T23:32:00.5453890Z Initialized empty Git repository in /private/var/folders/36/tjdph2t965j8snz9_vkdnw0r0000gn/T/.tmpphRs71/repo/.git/
checks	Test	2026-09-11T23:32:00.5853440Z [main (root-commit) cef829e] initial
checks	Test	2026-09-11T23:32:00.5859830Z  1 file changed, 1 insertion(+)
checks	Test	2026-09-11T23:32:00.5861980Z  create mode 100644 README
checks	Test	2026-09-11T23:32:01.3756430Z test agent_run_native_exec_does_not_inherit_supervisor_lease ... ok
checks	Test	2026-09-11T23:32:01.4247460Z Initialized empty Git repository in /private/var/folders/36/tjdph2t965j8snz9_vkdnw0r0000gn/T/.tmp0abRcn/repo/.git/
checks	Test	2026-09-11T23:32:01.4757810Z [main (root-commit) b691752] initial
checks	Test	2026-09-11T23:32:01.4760070Z  1 file changed, 1 insertion(+)
checks	Test	2026-09-11T23:32:01.4760570Z  create mode 100644 README
checks	Test	2026-09-11T23:32:02.0721950Z test agent_run_runtime_kill_reaches_owned_native_group ... ok
checks	Test	2026-09-11T23:32:02.0920330Z Initialized empty Git repository in /private/var/folders/36/tjdph2t965j8snz9_vkdnw0r0000gn/T/.tmpTT37QY/repo/.git/
checks	Test	2026-09-11T23:32:02.1818120Z [main (root-commit) 89a0d68] initial
checks	Test	2026-09-11T23:32:02.1821980Z  1 file changed, 1 insertion(+)
checks	Test	2026-09-11T23:32:02.1823900Z  create mode 100644 README
checks	Test	2026-09-11T23:32:02.2690300Z test agent_run_owns_native_group_and_restores_terminal_after_forwarded_term ... ok
checks	Test	2026-09-11T23:32:02.2958490Z Initialized empty Git repository in /private/var/folders/36/tjdph2t965j8snz9_vkdnw0r0000gn/T/.tmpATFZNJ/repo/.git/
checks	Test	2026-09-11T23:32:02.4055600Z [main (root-commit) 89a0d68] initial
checks	Test	2026-09-11T23:32:02.4056180Z  1 file changed, 1 insertion(+)
checks	Test	2026-09-11T23:32:02.4060380Z  create mode 100644 README
checks	Test	2026-09-11T23:32:02.8216670Z test agent_run_supervisor_sigkill_releases_reporting_watch ... ok
checks	Test	2026-09-11T23:32:02.8328430Z Initialized empty Git repository in /private/var/folders/36/tjdph2t965j8snz9_vkdnw0r0000gn/T/.tmpSgoUag/repo/.git/
checks	Test	2026-09-11T23:32:02.8857640Z [main (root-commit) 89a0d68] initial
checks	Test	2026-09-11T23:32:02.8862380Z  1 file changed, 1 insertion(+)
checks	Test	2026-09-11T23:32:02.8862920Z  create mode 100644 README
checks	Test	2026-09-11T23:32:03.7672030Z test backpressured_input_and_send_do_not_block_inspect_or_kill ... ok
checks	Test	2026-09-11T23:32:03.7821120Z Initialized empty Git repository in /private/var/folders/36/tjdph2t965j8snz9_vkdnw0r0000gn/T/.tmppNqyu0/repo/.git/
checks	Test	2026-09-11T23:32:03.8544540Z [main (root-commit) 8b1f6bd] initial
checks	Test	2026-09-11T23:32:03.8545280Z  1 file changed, 1 insertion(+)
checks	Test	2026-09-11T23:32:03.8546240Z  create mode 100644 README
checks	Test	2026-09-11T23:32:04.0949720Z test claude_metrics_clear_freezes_components_and_prevents_reader_reopening ... ok
checks	Test	2026-09-11T23:32:04.1097310Z Initialized empty Git repository in /private/var/folders/36/tjdph2t965j8snz9_vkdnw0r0000gn/T/.tmpyVFwcW/repo/.git/
checks	Test	2026-09-11T23:32:04.1534380Z [main (root-commit) a33f1ae] initial
checks	Test	2026-09-11T23:32:04.1535600Z  1 file changed, 1 insertion(+)
checks	Test	2026-09-11T23:32:04.1536230Z  create mode 100644 README
checks	Test	2026-09-11T23:32:04.5200580Z test claude_metrics_collector_loss_propagates_while_native_stays_usable ... ok
checks	Test	2026-09-11T23:32:04.5383830Z Initialized empty Git repository in /private/var/folders/36/tjdph2t965j8snz9_vkdnw0r0000gn/T/.tmp9O2X1j/repo/.git/
checks	Test	2026-09-11T23:32:04.5896990Z [main (root-commit) a33f1ae] initial
checks	Test	2026-09-11T23:32:04.5900370Z  1 file changed, 1 insertion(+)
checks	Test	2026-09-11T23:32:04.5905100Z  create mode 100644 README
checks	Test	2026-09-11T23:32:05.7319200Z test claude_metrics_missing_initial_file_preserves_activity_and_recovers_same_path ... ok
checks	Test	2026-09-11T23:32:05.7425740Z Initialized empty Git repository in /private/var/folders/36/tjdph2t965j8snz9_vkdnw0r0000gn/T/.tmpTfs9s7/repo/.git/
checks	Test	2026-09-11T23:32:05.7757770Z [main (root-commit) 3d7e5fa] initial
checks	Test	2026-09-11T23:32:05.7759920Z  1 file changed, 1 insertion(+)
checks	Test	2026-09-11T23:32:05.7764360Z  create mode 100644 README
checks	Test	2026-09-11T23:32:05.8307220Z test claude_metrics_finalization_recovers_original_receipt_after_lost_ack ... ok
checks	Test	2026-09-11T23:32:05.8420830Z Initialized empty Git repository in /private/var/folders/36/tjdph2t965j8snz9_vkdnw0r0000gn/T/.tmpjsD3YQ/repo/.git/
checks	Test	2026-09-11T23:32:05.8905490Z [main (root-commit) 3d7e5fa] initial
checks	Test	2026-09-11T23:32:05.8909420Z  1 file changed, 1 insertion(+)
checks	Test	2026-09-11T23:32:05.8921130Z  create mode 100644 README
checks	Test	2026-09-11T23:32:06.0730460Z test cli_resolves_relative_project_paths_against_invocation_cwd_with_existing_server ... ok
checks	Test	2026-09-11T23:32:06.3220990Z test client_with_wrong_protocol_version_is_refused ... ok
checks	Test	2026-09-11T23:32:06.3222270Z test codex_hook_native_helper ... ignored, Codex synchronous native child fixture
checks	Test	2026-09-11T23:32:06.3444310Z test claude_metrics_route_collects_partial_usage_and_finalizes_native_exit ... ok
checks	Test	2026-09-11T23:32:06.3471360Z Initialized empty Git repository in /private/var/folders/36/tjdph2t965j8snz9_vkdnw0r0000gn/T/.tmpL0M2Fy/repo/.git/
checks	Test	2026-09-11T23:32:06.3884940Z [main (root-commit) 174b2a1] initial
checks	Test	2026-09-11T23:32:06.3886790Z  1 file changed, 1 insertion(+)
checks	Test	2026-09-11T23:32:06.3887730Z  create mode 100644 README
checks	Test	2026-09-11T23:32:06.6930790Z test cli_exit_preserves_session_and_shutdown_kill_cleans_up ... ok
checks	Test	2026-09-11T23:32:09.5951920Z test codex_managed_hooks_ready_interrupt_duplicates_and_rebind ... ok
checks	Test	2026-09-11T23:32:09.6132620Z Initialized empty Git repository in /private/var/folders/36/tjdph2t965j8snz9_vkdnw0r0000gn/T/.tmpnaWYho/repo/.git/
checks	Test	2026-09-11T23:32:09.6597210Z [main (root-commit) 9729ea9] initial
checks	Test	2026-09-11T23:32:09.6598960Z  1 file changed, 1 insertion(+)
checks	Test	2026-09-11T23:32:09.6599470Z  create mode 100644 README
checks	Test	2026-09-11T23:32:11.6650650Z test codex_managed_lost_bind_receipt_recovers_before_busy ... ok
checks	Test	2026-09-11T23:32:11.6795250Z Initialized empty Git repository in /private/var/folders/36/tjdph2t965j8snz9_vkdnw0r0000gn/T/.tmp7x4gbM/repo/.git/
checks	Test	2026-09-11T23:32:11.7265900Z [main (root-commit) ba167ff] initial
checks	Test	2026-09-11T23:32:11.7268140Z  1 file changed, 1 insertion(+)
checks	Test	2026-09-11T23:32:11.7269190Z  create mode 100644 README
checks	Test	2026-09-11T23:32:12.9987470Z test codex_managed_missing_end_disables_overlap_without_native_failure ... ok
checks	Test	2026-09-11T23:32:13.0092710Z Initialized empty Git repository in /private/var/folders/36/tjdph2t965j8snz9_vkdnw0r0000gn/T/.tmpuAubXX/repo/.git/
checks	Test	2026-09-11T23:32:13.0407870Z [main (root-commit) 604e58b] initial
checks	Test	2026-09-11T23:32:13.0411580Z  1 file changed, 1 insertion(+)
checks	Test	2026-09-11T23:32:13.0412820Z  create mode 100644 README
checks	Test	2026-09-11T23:32:14.2078650Z test codex_managed_native_death_never_synthesizes_ready_and_removes_socket ... ok
checks	Test	2026-09-11T23:32:14.2203860Z Initialized empty Git repository in /private/var/folders/36/tjdph2t965j8snz9_vkdnw0r0000gn/T/.tmpD11zqf/repo/.git/
checks	Test	2026-09-11T23:32:14.2606490Z [main (root-commit) 8640174] initial
checks	Test	2026-09-11T23:32:14.2608100Z  1 file changed, 1 insertion(+)
checks	Test	2026-09-11T23:32:14.2608610Z  create mode 100644 README
checks	Test	2026-09-11T23:32:15.3372750Z test concurrent_terminal_sends_are_serialized_as_complete_pastes ... ok
checks	Test	2026-09-11T23:32:15.3586370Z Initialized empty Git repository in /private/var/folders/36/tjdph2t965j8snz9_vkdnw0r0000gn/T/.tmpIiybhb/repo/.git/
checks	Test	2026-09-11T23:32:15.4129840Z [main (root-commit) 1a75f08] initial
checks	Test	2026-09-11T23:32:15.4131720Z  1 file changed, 1 insertion(+)
checks	Test	2026-09-11T23:32:15.4132390Z  create mode 100644 README
checks	Test	2026-09-11T23:32:15.6893780Z test context_report_rejects_old_and_invalid_samples ... ok
checks	Test	2026-09-11T23:32:15.7011980Z Initialized empty Git repository in /private/var/folders/36/tjdph2t965j8snz9_vkdnw0r0000gn/T/.tmp6NehxW/repo/.git/
checks	Test	2026-09-11T23:32:15.7419200Z [main (root-commit) 1a75f08] initial
checks	Test	2026-09-11T23:32:15.7421050Z  1 file changed, 1 insertion(+)
checks	Test	2026-09-11T23:32:15.7421550Z  create mode 100644 README
checks	Test	2026-09-11T23:32:16.1285930Z test context_report_replaces_snapshot_and_preserves_activity ... ok
checks	Test	2026-09-11T23:32:16.1432430Z Initialized empty Git repository in /private/var/folders/36/tjdph2t965j8snz9_vkdnw0r0000gn/T/.tmpMrAmbi/repo/.git/
checks	Test	2026-09-11T23:32:16.1925910Z [main (root-commit) c92d885] initial
checks	Test	2026-09-11T23:32:16.1929100Z  1 file changed, 1 insertion(+)
checks	Test	2026-09-11T23:32:16.1929660Z  create mode 100644 README
checks	Test	2026-09-11T23:32:16.7063350Z test context_snapshot_survives_dashboard_reattach ... ok
checks	Test	2026-09-11T23:32:16.7219320Z Initialized empty Git repository in /private/var/folders/36/tjdph2t965j8snz9_vkdnw0r0000gn/T/.tmpoTPXAy/repo/.git/
checks	Test	2026-09-11T23:32:16.7701730Z [main (root-commit) c92d885] initial
checks	Test	2026-09-11T23:32:16.7710140Z  1 file changed, 1 insertion(+)
checks	Test	2026-09-11T23:32:16.7711380Z  create mode 100644 README
checks	Test	2026-09-11T23:32:16.8186790Z test dashboard_duplicate_hello_does_not_write_from_reader_thread ... ok
checks	Test	2026-09-11T23:32:17.7436520Z test control_fixture_failure_cleanup_reaps_owned_child_and_server ... ok
checks	Test	2026-09-11T23:32:17.7656860Z Initialized empty Git repository in /private/var/folders/36/tjdph2t965j8snz9_vkdnw0r0000gn/T/.tmp4VuRVn/repo/.git/
checks	Test	2026-09-11T23:32:17.8073930Z [main (root-commit) 8080205] initial
checks	Test	2026-09-11T23:32:17.8075720Z  1 file changed, 1 insertion(+)
checks	Test	2026-09-11T23:32:17.8076200Z  create mode 100644 README
checks	Test	2026-09-11T23:32:17.9495650Z test dashboard_receives_concrete_ordinary_request_errors ... ok
checks	Test	2026-09-11T23:32:18.2018070Z test dashboard_request_id_zero_does_not_block_followup_response ... ok
checks	Test	2026-09-11T23:32:18.4764160Z test dashboard_shutdown_acknowledges_through_writer_before_teardown ... ok
checks	Test	2026-09-11T23:32:18.6872610Z test control_lifecycle_enforces_every_removal_gate ... ok
checks	Test	2026-09-11T23:32:18.7006640Z Initialized empty Git repository in /private/var/folders/36/tjdph2t965j8snz9_vkdnw0r0000gn/T/.tmpNidUuX/repo/.git/
checks	Test	2026-09-11T23:32:18.7419340Z [main (root-commit) c01bc0d] initial
checks	Test	2026-09-11T23:32:18.7420260Z  1 file changed, 1 insertion(+)
checks	Test	2026-09-11T23:32:18.7421140Z  create mode 100644 README
checks	Test	2026-09-11T23:32:19.5190830Z test dashboard_geometry_sizes_connected_empty_and_detached_sessions ... ok
checks	Test	2026-09-11T23:32:19.5380640Z Initialized empty Git repository in /private/var/folders/36/tjdph2t965j8snz9_vkdnw0r0000gn/T/.tmpHKVdZH/repo/.git/
checks	Test	2026-09-11T23:32:19.5806720Z [main (root-commit) 80ee063] initial
checks	Test	2026-09-11T23:32:19.5808440Z  1 file changed, 1 insertion(+)
checks	Test	2026-09-11T23:32:19.5808910Z  create mode 100644 README
checks	Test	2026-09-11T23:32:21.4545190Z test desktop_notifications_default_off_and_disabled_events_do_not_replay_on_enable ... ok
checks	Test	2026-09-11T23:32:21.4701930Z Initialized empty Git repository in /private/var/folders/36/tjdph2t965j8snz9_vkdnw0r0000gn/T/.tmpK7q8aw/repo/.git/
checks	Test	2026-09-11T23:32:21.5370190Z [main (root-commit) ca1b818] initial
checks	Test	2026-09-11T23:32:21.5372510Z  1 file changed, 1 insertion(+)
checks	Test	2026-09-11T23:32:21.5373520Z  create mode 100644 README
checks	Test	2026-09-11T23:32:25.3563280Z test desktop_notifications_host_failure_and_blocking_never_block_input_or_detach ... ok
checks	Test	2026-09-11T23:32:25.3808280Z Initialized empty Git repository in /private/var/folders/36/tjdph2t965j8snz9_vkdnw0r0000gn/T/.tmpaW4BXR/repo/.git/
checks	Test	2026-09-11T23:32:25.4274690Z [main (root-commit) 5703d0b] initial
checks	Test	2026-09-11T23:32:25.4275630Z  1 file changed, 1 insertion(+)
checks	Test	2026-09-11T23:32:25.4276150Z  create mode 100644 README
checks	Test	2026-09-11T23:32:28.3302240Z test desktop_notifications_managed_completion_reaches_host_once_and_respects_visibility ... ok
checks	Test	2026-09-11T23:32:28.3518570Z Initialized empty Git repository in /private/var/folders/36/tjdph2t965j8snz9_vkdnw0r0000gn/T/.tmpTDzxI7/repo/.git/
checks	Test	2026-09-11T23:32:28.3884350Z [main (root-commit) 72f8ca2] initial
checks	Test	2026-09-11T23:32:28.3885060Z  1 file changed, 1 insertion(+)
checks	Test	2026-09-11T23:32:28.3886150Z  create mode 100644 README
checks	Test	2026-09-11T23:32:28.4904130Z test duplicate_dashboard_hello_uses_the_sole_writer ... ok
checks	Test	2026-09-11T23:32:29.5684380Z test desktop_notifications_missing_host_tool_preserves_response_and_dashboard_controls ... ok
checks	Test	2026-09-11T23:32:29.5884370Z Initialized empty Git repository in /private/var/folders/36/tjdph2t965j8snz9_vkdnw0r0000gn/T/.tmpdU5PjC/repo/.git/
checks	Test	2026-09-11T23:32:29.6327170Z [main (root-commit) 81d7dcd] initial
checks	Test	2026-09-11T23:32:29.6329740Z  1 file changed, 1 insertion(+)
checks	Test	2026-09-11T23:32:29.6330760Z  create mode 100644 README
checks	Test	2026-09-11T23:32:31.6657590Z test desktop_notifications_queued_completion_is_cancelled_when_its_pane_becomes_visible ... ok
checks	Test	2026-09-11T23:32:31.6852080Z Initialized empty Git repository in /private/var/folders/36/tjdph2t965j8snz9_vkdnw0r0000gn/T/.tmpe0Ed3G/repo/.git/
checks	Test	2026-09-11T23:32:31.7327050Z [main (root-commit) 1011f68] initial
checks	Test	2026-09-11T23:32:31.7332400Z  1 file changed, 1 insertion(+)
checks	Test	2026-09-11T23:32:31.7337370Z  create mode 100644 README
checks	Test	2026-09-11T23:32:32.6004410Z test fresh_pty_does_not_inherit_outer_managed_reporting_channel ... ok
checks	Test	2026-09-11T23:32:32.6005340Z test fresh_pty_outer_channel_helper ... ignored, isolated inherited environment fixture subprocess
checks	Test	2026-09-11T23:32:32.7737360Z test fast_exit_session_is_retained_as_exited ... ok
checks	Test	2026-09-11T23:32:32.7739570Z test history_memory_measurements ... ignored, bounded historical scrollback RSS measurement
checks	Test	2026-09-11T23:32:32.7975600Z Initialized empty Git repository in /private/var/folders/36/tjdph2t965j8snz9_vkdnw0r0000gn/T/.tmpQyUPMI/repo/.git/
checks	Test	2026-09-11T23:32:32.8386430Z [main (root-commit) b1e7665] initial
checks	Test	2026-09-11T23:32:32.8387130Z  1 file changed, 1 insertion(+)
checks	Test	2026-09-11T23:32:32.8387620Z  create mode 100644 README
checks	Test	2026-09-11T23:32:36.0709860Z test fifty_sessions_survive_detach_and_leave_no_process_groups ... ok
checks	Test	2026-09-11T23:32:36.0815700Z Initialized empty Git repository in /private/var/folders/36/tjdph2t965j8snz9_vkdnw0r0000gn/T/.tmpinPHNi/repo/.git/
checks	Test	2026-09-11T23:32:36.1111040Z [main (root-commit) e48101c] initial
checks	Test	2026-09-11T23:32:36.1111780Z  1 file changed, 1 insertion(+)
checks	Test	2026-09-11T23:32:36.1112680Z  create mode 100644 README
checks	Test	2026-09-11T23:32:36.5856320Z test history_frozen_page_survives_eviction_and_exit ... ok
checks	Test	2026-09-11T23:32:36.5858880Z test hook_child_report_helper ... ignored
checks	Test	2026-09-11T23:32:36.5985880Z Initialized empty Git repository in /private/var/folders/36/tjdph2t965j8snz9_vkdnw0r0000gn/T/.tmp8s0y5i/repo/.git/
checks	Test	2026-09-11T23:32:36.6342910Z [main (root-commit) e48101c] initial
checks	Test	2026-09-11T23:32:36.6344690Z  1 file changed, 1 insertion(+)
checks	Test	2026-09-11T23:32:36.6345240Z  create mode 100644 README
checks	Test	2026-09-11T23:32:36.9482740Z test history_reattach_reads_retained_output ... ok
checks	Test	2026-09-11T23:32:36.9603210Z Initialized empty Git repository in /private/var/folders/36/tjdph2t965j8snz9_vkdnw0r0000gn/T/.tmpLDH4R6/repo/.git/
checks	Test	2026-09-11T23:32:36.9909620Z [main (root-commit) e48101c] initial
checks	Test	2026-09-11T23:32:36.9911280Z  1 file changed, 1 insertion(+)
checks	Test	2026-09-11T23:32:36.9913450Z  create mode 100644 README
checks	Test	2026-09-11T23:32:38.3230700Z test history_slow_dashboard_recovers_after_finite_burst ... ok
checks	Test	2026-09-11T23:32:38.3231670Z test native_exit_stalled_reporting_helper ... ignored, isolated signal handler and native supervision fixture
checks	Test	2026-09-11T23:32:38.3366000Z Initialized empty Git repository in /private/var/folders/36/tjdph2t965j8snz9_vkdnw0r0000gn/T/.tmpNglGmq/repo/.git/
checks	Test	2026-09-11T23:32:38.3851930Z [main (root-commit) d43f964] initial
checks	Test	2026-09-11T23:32:38.3853270Z  1 file changed, 1 insertion(+)
checks	Test	2026-09-11T23:32:38.3853900Z  create mode 100644 README
checks	Test	2026-09-11T23:32:39.0566530Z test native_exit_is_bounded_when_reporting_callback_stalls ... ok
checks	Test	2026-09-11T23:32:39.0568570Z test pause_resume_child_fixture ... ignored
checks	Test	2026-09-11T23:32:41.3173360Z test kill_does_not_block_dashboard_geometry ... ok
checks	Test	2026-09-11T23:32:41.3372910Z Initialized empty Git repository in /private/var/folders/36/tjdph2t965j8snz9_vkdnw0r0000gn/T/.tmpjEpMOv/repo/.git/
checks	Test	2026-09-11T23:32:41.3818350Z [main (root-commit) 83c0f4a] initial
checks	Test	2026-09-11T23:32:41.3819860Z  1 file changed, 1 insertion(+)
checks	Test	2026-09-11T23:32:41.3820970Z  create mode 100644 README
checks	Test	2026-09-11T23:32:42.9844320Z test pause_resume_backpressured_input_keeps_controls_available ... ok
checks	Test	2026-09-11T23:32:43.0037540Z Initialized empty Git repository in /private/var/folders/36/tjdph2t965j8snz9_vkdnw0r0000gn/T/.tmp3w1YCk/repo/.git/
checks	Test	2026-09-11T23:32:43.0480490Z [main (root-commit) 469a282] initial
checks	Test	2026-09-11T23:32:43.0483050Z  1 file changed, 1 insertion(+)
checks	Test	2026-09-11T23:32:43.0483610Z  create mode 100644 README
checks	Test	2026-09-11T23:32:43.9726980Z test pause_resume_control_races_converge ... ok
checks	Test	2026-09-11T23:32:43.9864760Z Initialized empty Git repository in /private/var/folders/36/tjdph2t965j8snz9_vkdnw0r0000gn/T/.tmp3ifLZU/repo/.git/
checks	Test	2026-09-11T23:32:44.0339220Z [main (root-commit) c5b4209] initial
checks	Test	2026-09-11T23:32:44.0343840Z  1 file changed, 1 insertion(+)
checks	Test	2026-09-11T23:32:44.0344260Z  create mode 100644 README
checks	Test	2026-09-11T23:32:45.0252660Z test pause_resume_kill_runs_group_handlers ... ok
checks	Test	2026-09-11T23:32:45.0509450Z Initialized empty Git repository in /private/var/folders/36/tjdph2t965j8snz9_vkdnw0r0000gn/T/.tmpngYT0q/repo/.git/
checks	Test	2026-09-11T23:32:45.1064050Z [main (root-commit) 5b36449] initial
checks	Test	2026-09-11T23:32:45.1065250Z  1 file changed, 1 insertion(+)
checks	Test	2026-09-11T23:32:45.1065680Z  create mode 100644 README
checks	Test	2026-09-11T23:32:46.6233380Z test pause_resume_server_refuses_removal_and_late_mutation ... ok
checks	Test	2026-09-11T23:32:46.6426370Z Initialized empty Git repository in /private/var/folders/36/tjdph2t965j8snz9_vkdnw0r0000gn/T/.tmpEw4E3y/repo/.git/
checks	Test	2026-09-11T23:32:46.6437550Z Initialized empty Git repository in /private/var/folders/36/tjdph2t965j8snz9_vkdnw0r0000gn/T/.tmpz9DiWd/repo/.git/
checks	Test	2026-09-11T23:32:46.6928600Z [main (root-commit) 5d25e83] initial
checks	Test	2026-09-11T23:32:46.6931300Z  1 file changed, 1 insertion(+)
checks	Test	2026-09-11T23:32:46.6932240Z  create mode 100644 README
checks	Test	2026-09-11T23:32:46.7035010Z [main (root-commit) 5d25e83] initial
checks	Test	2026-09-11T23:32:46.7035890Z  1 file changed, 1 insertion(+)
checks	Test	2026-09-11T23:32:46.7038600Z  create mode 100644 README
checks	Test	2026-09-11T23:32:47.7444140Z test pause_resume_shutdown_cleans_stopped_groups ... ok
checks	Test	2026-09-11T23:32:47.7645080Z Initialized empty Git repository in /private/var/folders/36/tjdph2t965j8snz9_vkdnw0r0000gn/T/.tmpLHU2jm/repo/.git/
checks	Test	2026-09-11T23:32:47.7646390Z Initialized empty Git repository in /private/var/folders/36/tjdph2t965j8snz9_vkdnw0r0000gn/T/.tmpGGOG4f/repo/.git/
checks	Test	2026-09-11T23:32:47.8125200Z [main (root-commit) d86a813] initial
checks	Test	2026-09-11T23:32:47.8132110Z  1 file changed, 1 insertion(+)
checks	Test	2026-09-11T23:32:47.8133110Z  create mode 100644 README
checks	Test	2026-09-11T23:32:47.8133610Z [main (root-commit) d86a813] initial
checks	Test	2026-09-11T23:32:47.8134350Z  1 file changed, 1 insertion(+)
checks	Test	2026-09-11T23:32:47.8134800Z  create mode 100644 README
checks	Test	2026-09-11T23:32:48.2272970Z test private_claude_activity_delivery_failure_disconnects_without_stopping_native ... ok
checks	Test	2026-09-11T23:32:48.7233600Z test pause_resume_stops_group_and_rejects_input ... ok
checks	Test	2026-09-11T23:32:48.7432950Z Initialized empty Git repository in /private/var/folders/36/tjdph2t965j8snz9_vkdnw0r0000gn/T/.tmp23V7eG/repo/.git/
checks	Test	2026-09-11T23:32:48.7893980Z [main (root-commit) 82241f7] initial
checks	Test	2026-09-11T23:32:48.7896050Z  1 file changed, 1 insertion(+)
checks	Test	2026-09-11T23:32:48.7896550Z  create mode 100644 README
checks	Test	2026-09-11T23:32:49.7523350Z test resource_terminal_requests_preserve_background_state_and_close_cleanly ... ok
checks	Test	2026-09-11T23:32:49.7664510Z Initialized empty Git repository in /private/var/folders/36/tjdph2t965j8snz9_vkdnw0r0000gn/T/.tmpUjwDXl/repo/.git/
checks	Test	2026-09-11T23:32:49.8100270Z [main (root-commit) 17275cc] initial
checks	Test	2026-09-11T23:32:49.8100850Z  1 file changed, 1 insertion(+)
checks	Test	2026-09-11T23:32:49.8104270Z  create mode 100644 README
checks	Test	2026-09-11T23:32:49.9602060Z test shutdown_disconnected_requester_still_wakes_accept ... ok
checks	Test	2026-09-11T23:32:50.3496340Z test private_claude_activity_tracks_only_current_root_prompt_observations ... ok
checks	Test	2026-09-11T23:32:50.6182460Z test selection_snapshot_precedes_later_quiet_tail_output ... ok
checks	Test	2026-09-11T23:32:50.6380620Z Initialized empty Git repository in /private/var/folders/36/tjdph2t965j8snz9_vkdnw0r0000gn/T/.tmp3a8ly8/repo/.git/
checks	Test	2026-09-11T23:32:50.6790630Z [main (root-commit) b3236ad] initial
checks	Test	2026-09-11T23:32:50.6792340Z  1 file changed, 1 insertion(+)
checks	Test	2026-09-11T23:32:50.6793240Z  create mode 100644 README
checks	Test	2026-09-11T23:32:51.6264570Z test shutdown_kill_terminates_sessions_concurrently ... ok
checks	Test	2026-09-11T23:32:51.6435420Z Initialized empty Git repository in /private/var/folders/36/tjdph2t965j8snz9_vkdnw0r0000gn/T/.tmpwze1m9/repo/.git/
checks	Test	2026-09-11T23:32:51.6853100Z [main (root-commit) bf7f514] initial
checks	Test	2026-09-11T23:32:51.6854840Z  1 file changed, 1 insertion(+)
checks	Test	2026-09-11T23:32:51.6855370Z  create mode 100644 README
checks	Test	2026-09-11T23:32:52.5507510Z test shutdown_without_kill_rejects_exited_record ... ok
checks	Test	2026-09-11T23:32:52.5681680Z Initialized empty Git repository in /private/var/folders/36/tjdph2t965j8snz9_vkdnw0r0000gn/T/.tmpFo8chf/repo/.git/
checks	Test	2026-09-11T23:32:52.6102010Z [main (root-commit) 3f43359] initial
checks	Test	2026-09-11T23:32:52.6103940Z  1 file changed, 1 insertion(+)
checks	Test	2026-09-11T23:32:52.6104900Z  create mode 100644 README
checks	Test	2026-09-11T23:32:54.4559650Z test slow_dashboard_recovers_after_output_burst ... ok
checks	Test	2026-09-11T23:32:54.4815780Z Initialized empty Git repository in /private/var/folders/36/tjdph2t965j8snz9_vkdnw0r0000gn/T/.tmpht2eDn/repo/.git/
checks	Test	2026-09-11T23:32:54.5359170Z [main (root-commit) 0999caf] initial
checks	Test	2026-09-11T23:32:54.5360580Z  1 file changed, 1 insertion(+)
checks	Test	2026-09-11T23:32:54.5361630Z  create mode 100644 README
checks	Test	2026-09-11T23:32:56.2188630Z test split_server_two_streams_resize_resync_and_detach ... ok
checks	Test	2026-09-11T23:32:56.4483390Z test startup_keeps_shared_existing_socket_directory_and_secures_the_socket ... ok
checks	Test	2026-09-11T23:32:56.4748970Z test startup_read_only_commands_do_not_start_a_missing_server ... ok
checks	Test	2026-09-11T23:32:56.4828490Z test startup_refuses_symlinked_socket_directory ... ok
checks	Test	2026-09-11T23:32:56.4972420Z test startup_failure_reports_server_log ... ok
checks	Test	2026-09-11T23:32:56.4977400Z test startup_concurrent_attempts_leave_one_server ... ok
checks	Test	2026-09-11T23:32:56.6928060Z test startup_socket_directory_is_private ... ok
checks	Test	2026-09-11T23:32:56.7079970Z test startup_stale_concurrent_attempts_leave_one_surviving_server ... ok
checks	Test	2026-09-11T23:32:56.7091170Z test startup_stale_socket_is_recovered ... ok
checks	Test	2026-09-11T23:32:56.7171800Z Initialized empty Git repository in /private/var/folders/36/tjdph2t965j8snz9_vkdnw0r0000gn/T/.tmpdHTGJN/repo/.git/
checks	Test	2026-09-11T23:32:56.7525400Z [main (root-commit) 0609083] initial
checks	Test	2026-09-11T23:32:56.7526100Z  1 file changed, 1 insertion(+)
checks	Test	2026-09-11T23:32:56.7526610Z  create mode 100644 README
checks	Test	2026-09-11T23:32:57.4455450Z test workspace_remove_succeeds_after_directory_deleted ... ok
checks	Test	2026-09-11T23:32:57.4559330Z Initialized empty Git repository in /private/var/folders/36/tjdph2t965j8snz9_vkdnw0r0000gn/T/.tmp1pjVQ3/repo/.git/
checks	Test	2026-09-11T23:32:57.4901910Z [main (root-commit) 077b87d] initial
checks	Test	2026-09-11T23:32:57.4902550Z  1 file changed, 1 insertion(+)
checks	Test	2026-09-11T23:32:57.4903030Z  create mode 100644 README
checks	Test	2026-09-11T23:32:57.7116630Z test workspace_shell_failure_retains_worktree_and_registry ... ok
checks	Test	2026-09-11T23:32:57.7117000Z 
checks	Test	2026-09-11T23:32:57.7118050Z test result: ok. 80 passed; 0 failed; 9 ignored; 0 measured; 0 filtered out; finished in 73.47s
checks	Test	2026-09-11T23:32:57.7118480Z 
checks	Test	2026-09-11T23:32:57.7138250Z ^[[1m^[[92m     Running^[[0m tests/service.rs (target/debug/deps/service-73c77fa571ae19a8)
checks	Test	2026-09-11T23:32:57.7242920Z 
checks	Test	2026-09-11T23:32:57.7243600Z running 14 tests
checks	Test	2026-09-11T23:32:57.7309270Z test environment_file_is_parsed_literally_in_the_application ... ok
checks	Test	2026-09-11T23:32:57.7370390Z test install_refuses_to_take_over_an_unmanaged_server ... ok
checks	Test	2026-09-11T23:32:57.7559650Z /var/folders/36/tjdph2t965j8snz9_vkdnw0r0000gn/T/.tmp9c6thE/LaunchAgents/com.ovrcr.server.plist: OK
checks	Test	2026-09-11T23:32:57.7574170Z test launchd_install_writes_login_job_that_restarts_only_after_failure ... ok
checks	Test	2026-09-11T23:32:57.7592000Z test changed_socket_cannot_control_the_installed_job_even_without_a_listener ... ok
checks	Test	2026-09-11T23:32:57.7605600Z test service_args_parse_install_environment_file ... ok
checks	Test	2026-09-11T23:32:57.7613920Z test failed_graceful_shutdown_does_not_stop_the_manager ... ok
checks	Test	2026-09-11T23:32:57.7621830Z test service_definitions_reject_relative_runtime_paths ... ok
checks	Test	2026-09-11T23:32:57.7793310Z test start_if_installed_only_uses_an_existing_service_definition ... ok
checks	Test	2026-09-11T23:32:57.7903600Z test service_install_refuses_when_sessions_exist ... ok
checks	Test	2026-09-11T23:32:57.8017240Z test status_queries_but_never_starts_the_service ... ok
checks	Test	2026-09-11T23:32:57.8218550Z test systemd_install_writes_user_unit_and_enables_login_startup ... ok
checks	Test	2026-09-11T23:32:57.8578620Z test uninstall_removes_only_service_files_and_preserves_task_data ... ok
checks	Test	2026-09-11T23:32:57.8602250Z test stop_requests_graceful_server_shutdown_before_stopping_the_manager ... ok
checks	Test	2026-09-11T23:32:57.9455000Z test loaded_service_does_not_send_shutdown_to_a_foreign_listener ... ok
checks	Test	2026-09-11T23:32:57.9455580Z 
checks	Test	2026-09-11T23:32:57.9456100Z test result: ok. 14 passed; 0 failed; 0 ignored; 0 measured; 0 filtered out; finished in 0.22s
checks	Test	2026-09-11T23:32:57.9456530Z 
checks	Test	2026-09-11T23:32:57.9458070Z ^[[1m^[[92m     Running^[[0m tests/task_cli.rs (target/debug/deps/task_cli-30c082c73769445d)
checks	Test	2026-09-11T23:32:57.9501620Z 
checks	Test	2026-09-11T23:32:57.9502830Z running 3 tests
checks	Test	2026-09-11T23:32:57.9628010Z test unicode_duration_returns_validation_error_without_starting_server ... ok
checks	Test	2026-09-11T23:32:57.9684080Z test offline_task_and_run_reads_do_not_start_a_server ... ok
checks	Test	2026-09-11T23:32:58.3497870Z test task_crud_persists_and_manual_failure_retains_a_run_record ... ok
checks	Test	2026-09-11T23:32:58.3498330Z 
checks	Test	2026-09-11T23:32:58.3498740Z test result: ok. 3 passed; 0 failed; 0 ignored; 0 measured; 0 filtered out; finished in 0.40s
checks	Test	2026-09-11T23:32:58.3499500Z 
checks	Test	2026-09-11T23:32:58.3501040Z ^[[1m^[[92m     Running^[[0m tests/task_execution.rs (target/debug/deps/task_execution-8b935d81ce9abfc3)
checks	Test	2026-09-11T23:32:58.3622520Z 
checks	Test	2026-09-11T23:32:58.3624260Z running 12 tests
checks	Test	2026-09-11T23:32:59.3198040Z test cancel_marks_run_cancelling_immediately ... ok
checks	Test	2026-09-11T23:33:02.0896300Z test git_run_cleanup_rejects_a_workspace_that_preexisted_preparation ... ok
checks	Test	2026-09-11T23:33:03.5384770Z test git_runs_fetch_remote_head_keep_files_and_preserve_branches_on_cleanup ... ok
checks	Test	2026-09-11T23:33:04.5835320Z test git_run_cleanup_rejects_a_replacement_workspace_after_cleanup ... ok
checks	Test	2026-09-11T23:33:04.7651180Z test git_workspace_removal_refuses_a_running_task_in_a_clean_worktree ... ok
checks	Test	2026-09-11T23:33:05.1569150Z test scratch_output_survives_completion_and_requires_confirmed_cleanup ... ok
checks	Test	2026-09-11T23:33:05.3943970Z test server_crash_interrupts_pi_and_recovery_does_not_replay_the_run ... ok
checks	Test	2026-09-11T23:33:06.3064870Z test shutdown_finishes_even_when_final_state_persistence_fails ... ok
checks	Test	2026-09-11T23:33:06.4643500Z test signal_shutdown_cleans_up_despite_final_state_write_failure ... ok
checks	Test	2026-09-11T23:33:07.8567040Z test three_runs_stream_independently_and_cancel_admits_the_fourth ... ok
checks	Test	2026-09-11T23:33:08.8080400Z test timeout_is_distinct_from_failure_and_same_task_pending_is_coalesced ... ok
checks	Test	2026-09-11T23:33:24.8625650Z test forced_cancel_kills_pi_process_group ... ok
checks	Test	2026-09-11T23:33:24.8628650Z 
checks	Test	2026-09-11T23:33:24.8632300Z test result: ok. 12 passed; 0 failed; 0 ignored; 0 measured; 0 filtered out; finished in 26.50s
checks	Test	2026-09-11T23:33:24.8634070Z 
checks	Test	2026-09-11T23:33:24.8668380Z ^[[1m^[[92m     Running^[[0m tests/task_paging.rs (target/debug/deps/task_paging-d8d6d8e12de7dc30)
checks	Test	2026-09-11T23:33:24.9094920Z 
checks	Test	2026-09-11T23:33:24.9096260Z running 5 tests
checks	Test	2026-09-11T23:33:24.9168390Z test deleting_an_earlier_task_between_pages_keeps_original_tasks_once ... ok
checks	Test	2026-09-11T23:33:24.9169800Z test new_runs_between_pages_do_not_duplicate_or_omit_original_runs ... ok
checks	Test	2026-09-11T23:33:24.9172710Z test oversized_legacy_row_returns_an_error_instead_of_a_stuck_empty_page ... ok
checks	Test	2026-09-11T23:33:24.9174770Z test serialized_pages_are_bounded_and_keep_task_order_and_filtered_run_order ... ok
checks	Test	2026-09-11T23:33:27.7604500Z test cli_lists_all_large_tasks_and_runs_online_and_offline ... ok
checks	Test	2026-09-11T23:33:27.7605010Z 
checks	Test	2026-09-11T23:33:27.7605260Z test result: ok. 5 passed; 0 failed; 0 ignored; 0 measured; 0 filtered out; finished in 2.85s
checks	Test	2026-09-11T23:33:27.7605640Z 
checks	Test	2026-09-11T23:33:27.7609250Z ^[[1m^[[92m     Running^[[0m tests/task_runner.rs (target/debug/deps/task_runner-d1f418c35094936c)
checks	Test	2026-09-11T23:33:27.7688470Z 
checks	Test	2026-09-11T23:33:27.7690160Z running 9 tests
checks	Test	2026-09-11T23:33:28.0449710Z test completion_retains_stream_logs_and_explicit_configuration ... ok
checks	Test	2026-09-11T23:33:28.0678540Z test acknowledgement_and_agent_end_are_not_success ... ok
checks	Test	2026-09-11T23:33:28.0679710Z test installed_pi_background_work_survives_between_tools_but_not_the_run ... ignored, requires OVRCR_TEST_PI_PACKAGE pointing at the installed Pi package and node on PATH
checks	Test	2026-09-11T23:33:28.0680760Z test installed_pi_task_shell_preserves_output_and_cleans_abort_timeout_and_parent_loss ... ignored, requires OVRCR_TEST_PI_PACKAGE pointing at the installed Pi package and node on PATH
checks	Test	2026-09-11T23:33:28.0685710Z test logs_are_bounded_and_cursor_is_in_bytes ... ok
checks	Test	2026-09-11T23:33:28.9594830Z test error_length_abort_and_preflight_rejection_fail ... ok
checks	Test	2026-09-11T23:33:29.2157600Z test transient_ps_failure_does_not_fail_run ... ok
checks	Test	2026-09-11T23:33:29.4616150Z test blocked_prompt_write_still_obeys_timeout ... ok
checks	Test	2026-09-11T23:33:30.7146410Z test timeout_cancel_and_parent_loss_remove_detached_descendants ... ok
checks	Test	2026-09-11T23:33:30.7147050Z 
checks	Test	2026-09-11T23:33:30.7147530Z test result: ok. 7 passed; 0 failed; 2 ignored; 0 measured; 0 filtered out; finished in 2.95s
checks	Test	2026-09-11T23:33:30.7148220Z 
checks	Test	2026-09-11T23:33:30.7151760Z ^[[1m^[[92m     Running^[[0m tests/task_schedule.rs (target/debug/deps/task_schedule-1cfb483b0f8b7d86)
checks	Test	2026-09-11T23:33:30.7323690Z 
checks	Test	2026-09-11T23:33:30.7324590Z running 12 tests
checks	Test	2026-09-11T23:33:30.7368830Z test create_and_update_reject_past_one_time_schedules_but_resume_expires_them ... ok
checks	Test	2026-09-11T23:33:30.7369610Z test create_update_pause_and_resume_use_the_injected_clock ... ok
checks	Test	2026-09-11T23:33:30.7371910Z test advancing_a_late_interval_enqueues_once_and_preserves_its_anchor ... ok
checks	Test	2026-09-11T23:33:30.7373390Z test delete_refuses_active_then_cancels_pending_and_preserves_history ... ok
checks	Test	2026-09-11T23:33:30.7374090Z test admission_respects_capacity_fifo_and_one_active_run_per_task ... ok
checks	Test	2026-09-11T23:33:30.7374710Z test manual_enqueue_coalesces_without_changing_the_schedule ... ok
checks	Test	2026-09-11T23:33:30.7375280Z test pause_cancels_only_scheduled_pending_work ... ok
checks	Test	2026-09-11T23:33:30.7376530Z test run_status_classification_matches_queue_and_capacity_semantics ... ok
checks	Test	2026-09-11T23:33:30.7387830Z test helper_paths_have_the_documented_shape ... ok
checks	Test	2026-09-11T23:33:30.7388690Z test task_specs_reject_missing_execution_inputs ... ok
checks	Test	2026-09-11T23:33:30.7393300Z test schedules_validate_and_find_the_next_zoned_occurrence ... ok
checks	Test	2026-09-11T23:33:30.7432630Z test store_and_run_metadata_round_trip_through_real_files ... ok
checks	Test	2026-09-11T23:33:30.7432960Z 
checks	Test	2026-09-11T23:33:30.7455130Z test result: ok. 12 passed; 0 failed; 0 ignored; 0 measured; 0 filtered out; finished in 0.01s
checks	Test	2026-09-11T23:33:30.7455610Z 
checks	Test	2026-09-11T23:33:30.7456190Z ^[[1m^[[92m     Running^[[0m tests/task_tui.rs (target/debug/deps/task_tui-ebb2cdf387bf9cf1)
checks	Test	2026-09-11T23:33:30.7570720Z 
checks	Test	2026-09-11T23:33:30.7571030Z running 28 tests
checks	Test	2026-09-11T23:33:30.7621060Z test browse_opens_tasks_and_terminal_ctrl_t_is_literal ... ok
checks	Test	2026-09-11T23:33:30.7622600Z test dashboard_keeps_consuming_output_and_screen_dirty_while_tasks_open ... ok
checks	Test	2026-09-11T23:33:30.7633520Z test create_and_edit_every_field_and_multiline_prompt_in_terminal ... ok
checks	Test	2026-09-11T23:33:30.7634210Z test destructive_actions_require_confirmation_and_escape_cancels ... ok
checks	Test	2026-09-11T23:33:30.7662470Z test dense_task_list_and_editor_render_with_square_borders ... ok
checks	Test	2026-09-11T23:33:30.7775160Z test history_status_live_transcript_cancel_and_confirmed_cleanup ... ok
checks	Test	2026-09-11T23:33:30.7893360Z test confirmations_show_only_answer_controls_at_narrow_widths ... ok
checks	Test	2026-09-11T23:33:30.7994080Z test long_editor_fields_keep_the_cursor_text_visible ... ok
checks	Test	2026-09-11T23:33:30.8094690Z test multiline_cursor_edits_unicode_without_corruption ... ok
checks	Test	2026-09-11T23:33:30.8195410Z test new_task_defaults_match_cli_off_thinking_and_one_hour_timeout ... ok
checks	Test	2026-09-11T23:33:30.8295600Z test pause_resume_manual_run_and_concurrency ... ok
checks	Test	2026-09-11T23:33:30.8396200Z test rejected_save_retains_every_field_and_prompt_for_correction ... ok
checks	Test	2026-09-11T23:33:30.8397130Z test invalid_concurrency_shows_error_with_edit_controls_and_recovers ... ok
checks	Test	2026-09-11T23:33:30.8497770Z test empty_task_views_only_hint_actions_with_available_targets ... ok
checks	Test	2026-09-11T23:33:30.8602920Z test task_mouse_narrow_offset_editor_maps_scrolled_prompt_and_ignores_hidden_rows ... ok
checks	Test	2026-09-11T23:33:30.8703630Z test task_confirmations_honor_default_no_and_case_insensitive_answers ... ok
checks	Test	2026-09-11T23:33:30.8763620Z test task_mouse_run_rows_cancel_and_cleanup_use_selected_run ... ok
checks	Test	2026-09-11T23:33:30.8764290Z test task_mouse_edits_unicode_fields_and_multiline_prompt_and_submits_once ... ok
checks	Test	2026-09-11T23:33:30.8764870Z test task_mouse_project_picker_and_transcript_wheel_use_visible_rows ... ok
checks	Test	2026-09-11T23:33:30.8765520Z test task_project_picker_uses_dashboard_projects_and_filters_before_save ... ok
checks	Test	2026-09-11T23:33:30.8766180Z test task_project_picker_preserves_edit_target_and_rejects_unmatched_save ... ok
checks	Test	2026-09-11T23:33:30.8766720Z test transcript_wrap_is_cached_between_frames ... ok
checks	Test	2026-09-11T23:33:30.8767260Z test unicode_duration_keeps_editor_fields_available_for_correction ... ok
checks	Test	2026-09-11T23:33:30.8767790Z test unicode_prompt_render_is_safe_while_another_field_has_focus ... ok
checks	Test	2026-09-11T23:33:30.8768330Z test ux_empty_history_preserves_status_without_stale_working ... ok
checks	Test	2026-09-11T23:33:30.8768870Z test ux_narrow_task_footer_keeps_escape_and_save_complete ... ok
checks	Test	2026-09-11T23:33:30.8859380Z test transcript_preserves_split_unicode_json_and_bounds_memory ... ok
checks	Test	2026-09-11T23:33:30.8900580Z test task_mouse_selects_scrolled_rows_and_dispatches_controls_with_confirmation ... ok
checks	Test	2026-09-11T23:33:30.8900980Z 
checks	Test	2026-09-11T23:33:30.8901240Z test result: ok. 28 passed; 0 failed; 0 ignored; 0 measured; 0 filtered out; finished in 0.13s
checks	Test	2026-09-11T23:33:30.8901600Z 
checks	Test	2026-09-11T23:33:30.8904410Z ^[[1m^[[92m     Running^[[0m tests/terminal_acceptance.rs (target/debug/deps/terminal_acceptance-47406814e444b37d)
checks	Test	2026-09-11T23:33:30.9009710Z 
checks	Test	2026-09-11T23:33:30.9009980Z running 10 tests
checks	Test	2026-09-11T23:33:31.0537960Z 2
checks	Test	2026-09-11T23:33:31.0642050Z 2
checks	Test	2026-09-11T23:33:31.0746930Z 2
checks	Test	2026-09-11T23:33:31.0849620Z 3
checks	Test	2026-09-11T23:33:31.0911950Z 3
checks	Test	2026-09-11T23:33:31.0950680Z 3
checks	Test	2026-09-11T23:33:31.0982090Z 4
checks	Test	2026-09-11T23:33:32.1934920Z test copy_mode_acceptance_emits_selected_text_and_reattaches ... ok
checks	Test	2026-09-11T23:33:32.4462130Z test empty_dashboard_start_screen_reports_isolated_paths ... ok
checks	Test	2026-09-11T23:33:32.5896650Z 2
checks	Test	2026-09-11T23:33:32.5979270Z 3
checks	Test	2026-09-11T23:33:32.6063420Z 4
checks	Test	2026-09-11T23:33:33.2029400Z test default_dashboard_acceptance_wrapper_exercises_pty_controls ... ok
checks	Test	2026-09-11T23:33:33.2035100Z test mouse_fixture_child ... ignored
checks	Test	2026-09-11T23:33:33.3371260Z 2
checks	Test	2026-09-11T23:33:33.3453750Z 3
checks	Test	2026-09-11T23:33:33.3536050Z 4
checks	Test	2026-09-11T23:33:34.0719350Z test history_keyboard_reads_old_output_during_live_session ... ok
checks	Test	2026-09-11T23:33:34.2296230Z 2
checks	Test	2026-09-11T23:33:34.2379050Z 3
checks	Test	2026-09-11T23:33:34.4824480Z test mouse_forwarding_outer_pty_round_trip ... ok
checks	Test	2026-09-11T23:33:34.6304530Z 2
checks	Test	2026-09-11T23:33:34.6403010Z 3
checks	Test	2026-09-11T23:33:35.2544870Z test pause_resume_dashboard_round_trip ... ok
checks	Test	2026-09-11T23:33:35.3811700Z 2
checks	Test	2026-09-11T23:33:35.3895220Z 3
checks	Test	2026-09-11T23:33:35.9791220Z test split_terminal_acceptance_preserves_input_and_geometry ... ok
checks	Test	2026-09-11T23:33:36.5676670Z test workspace_shortcut_creates_and_attaches_through_real_dashboard ... ok
checks	Test	2026-09-11T23:33:36.7550620Z test copy_history_acceptance_emits_across_page_and_tile_boundaries ... ok
checks	Test	2026-09-11T23:33:36.7552470Z 
checks	Test	2026-09-11T23:33:36.7553500Z test result: ok. 9 passed; 0 failed; 1 ignored; 0 measured; 0 filtered out; finished in 5.85s
checks	Test	2026-09-11T23:33:36.7554600Z 
checks	Test	2026-09-11T23:33:36.7566840Z ^[[1m^[[92m     Running^[[0m tests/tui/main.rs (target/debug/deps/tui-4ff61a427da0d6a4)
checks	Test	2026-09-11T23:33:36.7835130Z 
checks	Test	2026-09-11T23:33:36.7835910Z running 180 tests
checks	Test	2026-09-11T23:33:36.7896190Z test control_punctuation_and_modified_keys_encode ... ok
checks	Test	2026-09-11T23:33:36.7971130Z test copy_history::browse_and_terminal_modes_keep_input_ownership_clear ... ok
checks	Test	2026-09-11T23:33:36.8267640Z test copy_history::copy_history_extraction_joins_wrap_and_skips_continuations ... ok
checks	Test	2026-09-11T23:33:36.8385890Z test copy_history::copy_history_invalid_snapshot_never_emits_partial_text ... ok
checks	Test	2026-09-11T23:33:36.8487410Z test copy_history::copy_mode_keeps_alternate_and_resync_snapshots ... ok
checks	Test	2026-09-11T23:33:36.8588080Z test copy_history::copy_mode_cancels_at_identity_boundaries ... ok
checks	Test	2026-09-11T23:33:36.8691310Z test copy_history::copy_mode_waits_for_matching_screen ... ok
checks	Test	2026-09-11T23:33:36.8727150Z test copy_history::copy_mode_routes_keys_and_freezes_output ... ok
checks	Test	2026-09-11T23:33:36.8728980Z test copy_history::copy_mouse_drag_normalizes_wide_cells_and_visible_copy_close_capture_input ... ok
checks	Test	2026-09-11T23:33:36.8729880Z test copy_history::copy_render_highlights_unicode_and_preserves_layout ... ok
checks	Test	2026-09-11T23:33:36.8730580Z test copy_history::copy_mouse_release_position_and_focus_loss_bound_the_gesture ... ok
checks	Test	2026-09-11T23:33:36.8731350Z test copy_history::history_begin_is_cancelled_and_captured_by_active_overlays ... ok
checks	Test	2026-09-11T23:33:36.8760070Z test copy_history::history_cancelled_begin_releases_late_snapshot ... ok
checks	Test	2026-09-11T23:33:36.8760830Z test copy_history::history_cursor_async_continuation_resolution_reveals_predecessor_tile ... ok
checks	Test	2026-09-11T23:33:36.8761510Z test copy_history::history_cursor_resolution_reveals_anchored_viewport ... ok
checks	Test	2026-09-11T23:33:36.8773890Z test copy_history::history_cursor_stays_visible_while_predecessor_tile_loads ... ok
checks	Test	2026-09-11T23:33:36.8824840Z test copy_history::history_empty_rows_only_anchor_after_explicit_anchor ... ok
checks	Test	2026-09-11T23:33:36.8835060Z test copy_history::history_key_kinds_gate_actions ... ok
checks	Test	2026-09-11T23:33:36.8836910Z test copy_history::history_live_output_preserves_anchor ... ok
checks	Test	2026-09-11T23:33:36.8840080Z test copy_history::history_mouse_bounds_match_offset_painted_cells_and_resize_keeps_capture ... ok
checks	Test	2026-09-11T23:33:36.8841330Z test copy_history::copy_history_range_survives_live_eviction ... ok
checks	Test	2026-09-11T23:33:36.8842620Z test copy_history::history_navigation_never_writes_to_pty ... ok
checks	Test	2026-09-11T23:33:36.8843900Z test copy_history::copy_render_tiny_pane_and_footer ... ok
checks	Test	2026-09-11T23:33:36.8950010Z test copy_history::history_release_precedes_hierarchy_fallback_selection ... ok
checks	Test	2026-09-11T23:33:36.8954450Z test copy_history::history_pending_keys_coalesce ... ok
checks	Test	2026-09-11T23:33:36.8956500Z test copy_history::history_resize_preserves_capture ... ok
checks	Test	2026-09-11T23:33:36.8957860Z test copy_history::history_stale_response_is_ignored ... ok
checks	Test	2026-09-11T23:33:36.8959280Z test copy_history::history_unanchored_retry_keys_reissue_failed_cursor_request ... ok
checks	Test	2026-09-11T23:33:36.8994520Z test copy_history::history_waits_for_coalesced_focus_view_before_capture ... ok
checks	Test	2026-09-11T23:33:36.9020440Z test copy_history::matching_history_open_clears_resize_notice_but_stale_response_does_not ... ok
checks	Test	2026-09-11T23:33:36.9041350Z test copy_history::pause_resume_browse_keys_send_explicit_requests ... ok
checks	Test	2026-09-11T23:33:36.9043210Z test copy_history::history_mouse_drag_uses_frozen_offsets_and_cancels_stale_completion ... ok
checks	Test	2026-09-11T23:33:36.9044590Z test copy_history::pause_resume_input_and_paste_stay_guarded ... ok
checks	Test	2026-09-11T23:33:36.9048080Z test copy_history::resize_matching_screen_restores_snapshot_and_ignores_stale_screen ... ok
checks	Test	2026-09-11T23:33:36.9051250Z test copy_history::pause_resume_dense_status_has_priority ... ok
checks	Test	2026-09-11T23:33:36.9083910Z test copy_history::history_render_preserves_cells_and_clips ... ok
checks	Test	2026-09-11T23:33:36.9107220Z test ctrl_g_is_reserved_and_other_control_keys_reach_the_pty ... ok
checks	Test	2026-09-11T23:33:36.9116530Z test dashboard_reader_channel_applies_bounded_backpressure ... ok
checks	Test	2026-09-11T23:33:36.9120680Z test inverse_colors_keep_explicit_colors_and_set_reverse_modifier ... ok
checks	Test	2026-09-11T23:33:36.9121940Z test copy_history::ux_history_footer_names_the_actual_escape_action ... ok
checks	Test	2026-09-11T23:33:36.9123220Z test mouse::browse_click_focuses_other_running_pane_and_types_after_view_ack ... ok
checks	Test	2026-09-11T23:33:36.9199250Z test mouse::browse_click_in_pane_focuses_without_bytes ... ok
checks	Test	2026-09-11T23:33:36.9230200Z test mouse::ctrl_g_releases_held_buttons_before_switching ... ok
checks	Test	2026-09-11T23:33:36.9291510Z test copy_history::whichkey_acquisition_cancels_copy_and_history_drags ... ok
checks	Test	2026-09-11T23:33:36.9298260Z test mouse::dragging_tracked_mouse_into_sidebar_releases_application_button ... ok
checks	Test	2026-09-11T23:33:36.9322460Z test mouse::mouse_encode_legacy_boundaries ... ok
checks	Test	2026-09-11T23:33:36.9358610Z test mouse::mouse_encode_sgr_events ... ok
checks	Test	2026-09-11T23:33:36.9388460Z test mouse::mouse_encode_tracking_filters ... ok
checks	Test	2026-09-11T23:33:36.9405420Z test mouse::focus_lost_finishes_gestures_and_focus_gained_resumes ... ok
checks	Test	2026-09-11T23:33:36.9418290Z test mouse::leaving_the_rectangle_releases_at_last_valid_cell ... ok
checks	Test	2026-09-11T23:33:36.9447310Z test mouse::pause_cancels_a_held_mouse_gesture ... ok
checks	Test	2026-09-11T23:33:36.9448590Z test mouse::press_outside_rectangle_is_not_clamped ... ok
checks	Test	2026-09-11T23:33:36.9477460Z test mouse::terminal_mode_keeps_dashboard_mouse_capture_without_a_ready_session ... ok
checks	Test	2026-09-11T23:33:36.9478290Z test mouse::protocol_change_clears_held_state ... ok
checks	Test	2026-09-11T23:33:36.9507160Z test mouse::terminal_click_focuses_other_pane_without_forwarding ... ok
checks	Test	2026-09-11T23:33:36.9507870Z test mouse::wheel_down_at_newest_row_returns_to_live ... ok
checks	Test	2026-09-11T23:33:36.9536750Z test mouse::wheel_is_forwarded_when_tracking_is_enabled ... ok
checks	Test	2026-09-11T23:33:36.9537340Z test ordinary_response_errors_remain_visible_to_dashboard ... ok
checks	Test	2026-09-11T23:33:36.9566570Z test mouse::wheel_over_a_pane_without_tracking_opens_history_at_the_tail ... ok
checks	Test	2026-09-11T23:33:36.9596190Z test output_for_newly_selected_session_waits_for_screen ... ok
checks	Test	2026-09-11T23:33:36.9596700Z test mouse::wheel_up_over_the_unfocused_pane_opens_its_history ... ok
checks	Test	2026-09-11T23:33:36.9625480Z test palette::created_session_enters_terminal_mode ... ok
checks	Test	2026-09-11T23:33:36.9626930Z test palette::double_enter_refreshes_the_derived_workspace_root_listing ... ok
checks	Test	2026-09-11T23:33:36.9655340Z test palette::a_opens_project_form_with_roots_and_derives_name_and_root ... ok
checks	Test	2026-09-11T23:33:36.9656710Z test palette::empty_hierarchy_shows_start_screen ... ok
checks	Test	2026-09-11T23:33:36.9685100Z test palette::keyboard_overlays_cancel_divider_gesture_before_consuming_release ... ok
checks	Test	2026-09-11T23:33:36.9686290Z test palette::leader_workspace_uses_inspection_and_name_first_picker_defaults ... ok
checks	Test	2026-09-11T23:33:36.9714830Z test palette::n_is_listed_in_the_browse_footer ... ok
checks	Test	2026-09-11T23:33:36.9716330Z test palette::n_is_listed_in_the_hint_table ... ok
checks	Test	2026-09-11T23:33:36.9744330Z test palette::n_opens_terminal_form_prefilled_for_selected_workspace ... ok
checks	Test	2026-09-11T23:33:36.9745930Z test palette::narrow_popup_moves_description_to_detail_line ... ok
checks	Test	2026-09-11T23:33:36.9774050Z test palette::nested_whichkey_container_selection_limits_groups_and_removal_target ... ok
checks	Test	2026-09-11T23:33:36.9775480Z test palette::nested_whichkey_empty_hierarchy_can_register_and_open_global_view ... ok
checks	Test	2026-09-11T23:33:36.9803670Z test palette::nested_whichkey_live_phase_updates_pause_resume_and_ignores_invalid_keys ... ok
checks	Test	2026-09-11T23:33:36.9862880Z test palette::nested_whichkey_mouse_and_enter_open_groups_before_running_actions ... ok
checks	Test	2026-09-11T23:33:37.0259450Z test palette::nested_whichkey_removal_confirms_the_selected_target_and_can_cancel ... ok
checks	Test	2026-09-11T23:33:37.0320470Z test palette::nested_whichkey_terminal_group_waits_for_action_and_backspace_returns ... ok
checks	Test	2026-09-11T23:33:37.0326300Z test palette::palette_active_field_remains_visible_in_a_small_window ... ok
checks	Test	2026-09-11T23:33:37.0336900Z test palette::palette_close_updates_selection_and_clears_removed_screen ... ok
checks	Test	2026-09-11T23:33:37.0369840Z test palette::palette_entries_show_keys_and_descriptions ... ok
checks	Test	2026-09-11T23:33:37.0501440Z test palette::palette_escape_cancels_pending_request ... ok
checks	Test	2026-09-11T23:33:37.0688180Z test palette::palette_filters_and_captures_input_without_sending_it_to_terminal ... ok
checks	Test	2026-09-11T23:33:37.1240230Z test palette::fuzzy_matched_branch_is_not_submitted_without_confirmation ... ok
checks	Test	2026-09-11T23:33:37.1342620Z test palette::palette_hint_action_ignores_late_inspection_error ... ok
checks	Test	2026-09-11T23:33:37.1444080Z test palette::case_only_branch_mismatch_is_refused_not_submitted ... ok
checks	Test	2026-09-11T23:33:37.1552120Z test palette::palette_switch_drops_late_inventory_without_clearing_current_error ... ok
checks	Test	2026-09-11T23:33:37.1590160Z test palette::palette_requires_fields_and_keeps_terminal_keys_outside_palette ... ok
checks	Test	2026-09-11T23:33:37.1591970Z test palette::palette_switches_by_search_and_confirms_exact_close_target ... ok
checks	Test	2026-09-11T23:33:37.1593600Z test palette::paste_into_repository_field_refreshes_the_listing ... ok
checks	Test	2026-09-11T23:33:37.1594750Z test palette::palette_forms_build_workspace_and_project_requests_and_draw_at_small_sizes ... ok
checks	Test	2026-09-11T23:33:37.1596360Z test palette::question_mark_popup_is_browsable ... ok
checks	Test	2026-09-11T23:33:37.1598640Z test palette::removal_picker_rejects_no_match_and_excludes_root ... ok
checks	Test	2026-09-11T23:33:37.1599630Z test palette::removal_pickers_with_empty_hierarchy_never_confirm ... ok
checks	Test	2026-09-11T23:33:37.1600850Z test palette::search_selection_clamps_when_entries_shrink ... ok
checks	Test	2026-09-11T23:33:37.1633420Z test palette::removal_pickers_filter_and_confirm_a_different_target ... ok
checks	Test	2026-09-11T23:33:37.1705590Z test palette::space_w_n_opens_the_terminal_form ... ok
checks	Test	2026-09-11T23:33:37.1707260Z test palette::tasks_hotkey_cancels_pending_history_like_control_t ... ok
checks	Test	2026-09-11T23:33:37.1708480Z test palette::tab_on_a_leaf_path_advances_to_the_next_field ... ok
checks	Test	2026-09-11T23:33:37.1709440Z test palette::picker_validation_keeps_recovery_hints_and_cancels_without_removal ... ok
checks	Test	2026-09-11T23:33:37.1754260Z test palette::uppercase_x_confirms_session_close_without_closing_pane ... ok
checks	Test	2026-09-11T23:33:37.1953730Z test palette::ux_browse_footer_names_actions_and_respects_availability ... ok
checks	Test	2026-09-11T23:33:37.2045360Z test palette::ux_forms_put_task_name_in_border_and_keep_active_field_visible ... ok
checks	Test	2026-09-11T23:33:37.2163140Z test palette::ux_search_keeps_session_identity_and_filters_complete_context ... ok
checks	Test	2026-09-11T23:33:37.2221870Z test palette::w_opens_workspace_form_with_project_and_derived_branch ... ok
checks	Test	2026-09-11T23:33:37.2367010Z test palette::whichkey_compact_corner_preserves_the_surrounding_dashboard ... ok
checks	Test	2026-09-11T23:33:37.2397580Z test palette::whichkey_copy_cursor_moves_into_popup_instead_of_underlying_capture ... ok
checks	Test	2026-09-11T23:33:37.2514150Z test palette::whichkey_copy_leader_preserves_capture_and_v_anchors ... ok
checks	Test	2026-09-11T23:33:37.2605840Z test palette::whichkey_empty_workspace_click_sets_terminal_form_target ... ok
checks	Test	2026-09-11T23:33:37.2867730Z test palette::whichkey_mouse_uses_rendered_rows_and_blocks_background_clicks ... ok
checks	Test	2026-09-11T23:33:37.2976640Z test palette::whichkey_preserves_readiness_and_never_forwards_overlay_input ... ok
checks	Test	2026-09-11T23:33:37.3251300Z test palette::whichkey_scrolled_last_row_remains_clickable_after_resize ... ok
checks	Test	2026-09-11T23:33:37.3441500Z test palette::whichkey_tiny_layouts_and_last_disabled_detail_remain_browsable ... ok
checks	Test	2026-09-11T23:33:37.4059810Z test palette::typed_existing_branch_survives_hint_arrival ... ok
checks	Test	2026-09-11T23:33:37.4184420Z test palette::workspace_created_with_exited_local_shell_closes_palette ... ok
checks	Test	2026-09-11T23:33:37.4195470Z test palette::workspace_creation_attaches_to_its_local_shell ... ok
checks	Test	2026-09-11T23:33:37.4364170Z test palette::workspace_creation_cancel_and_failure_do_not_attach_late ... ok
checks	Test	2026-09-11T23:33:37.4394560Z test paste_honors_bracketed_paste_mode ... ok
checks	Test	2026-09-11T23:33:37.4487220Z test render_terminal_copies_text_style_wide_cells_and_cursor ... ok
checks	Test	2026-09-11T23:33:37.4516460Z test render_terminal_crossterm_roundtrip_clears_replaced_text ... ok
checks	Test	2026-09-11T23:33:37.4545450Z test runtime_paste_event_becomes_selected_session_input ... ok
checks	Test	2026-09-11T23:33:37.4574540Z test palette::typed_branch_missing_from_hints_is_refused_not_replaced ... ok
checks	Test	2026-09-11T23:33:37.4603840Z test sidebar::agent_hook_sidebar_states_are_literal ... ok
checks	Test	2026-09-11T23:33:37.4633200Z test sidebar::agent_hook_summary_updates_drive_animation ... ok
checks	Test	2026-09-11T23:33:37.4662330Z test sidebar::agent_hook_selected_metadata_reports_activity_and_lifecycle ... ok
checks	Test	2026-09-11T23:33:37.4691590Z test sidebar::compact_sidebar_clicks_use_both_session_lines_and_adjacent_containers ... ok
checks	Test	2026-09-11T23:33:37.4720700Z test sidebar::collapse_and_mouse_hits_use_current_visible_tree ... ok
checks	Test	2026-09-11T23:33:37.4750000Z test sidebar::context_updates_leave_the_compact_sidebar_unchanged ... ok
checks	Test	2026-09-11T23:33:37.4779190Z test sidebar::dashboard_inner_rect_keeps_last_pty_row_and_cursor_visible ... ok
checks	Test	2026-09-11T23:33:37.4808260Z test sidebar::dashboard_geometry_remains_drawable_at_target_and_tiny_sizes ... ok
checks	Test	2026-09-11T23:33:37.4838800Z test sidebar::empty_pane_click_preserves_the_assigned_wire_focus ... ok
checks	Test	2026-09-11T23:33:37.4903520Z test sidebar::dashboard_layout ... ok
checks	Test	2026-09-11T23:33:37.4933240Z test sidebar::empty_workspace_selection_does_not_cover_a_retained_terminal ... ok
checks	Test	2026-09-11T23:33:37.4959030Z test sidebar::long_sidebar_names_clip_to_one_screen_line ... ok
checks	Test	2026-09-11T23:33:37.4959490Z test sidebar::selected_session_uses_two_full_width_sidebar_lines ... ok
checks	Test	2026-09-11T23:33:37.4959980Z test sidebar::fifty_session_selection_scrolls_tree_and_mouse_hits_viewport ... ok
checks	Test	2026-09-11T23:33:37.4960480Z test sidebar::shrinking_dashboard_keeps_selected_tree_row_visible ... ok
checks	Test	2026-09-11T23:33:37.4961020Z test sidebar::sidebar_container_click_keeps_focus_on_another_assigned_pane ... ok
checks	Test	2026-09-11T23:33:37.4961490Z test sidebar::sidebar_animates_only_explicitly_busy_sessions ... ok
checks	Test	2026-09-11T23:33:37.4961940Z test sidebar::sidebar_glyphs_and_columns_match_the_reference_tree ... ok
checks	Test	2026-09-11T23:33:37.4962440Z test sidebar::sidebar_labels_select_without_toggling_and_work_in_terminal_mode ... ok
checks	Test	2026-09-11T23:33:37.4962970Z test sidebar::sidebar_uses_agent_label_prefixes_and_emphasizes_tree_names ... ok
checks	Test	2026-09-11T23:33:37.4963390Z test sidebar::ux_live_metadata_is_readable_and_preserves_selection ... ok
checks	Test	2026-09-11T23:33:37.4963890Z test split::divider_gesture_releases_all_application_buttons_without_resizing ... ok
checks	Test	2026-09-11T23:33:37.4964440Z test split::divider_drag_resizes_both_panes_and_revokes_input_until_acknowledged ... ok
checks	Test	2026-09-11T23:33:37.4964950Z test split::incomplete_final_ok_marks_panes_failed_and_refreshes ... ok
checks	Test	2026-09-11T23:33:37.4965430Z test split::pane_rects_keep_split_geometry_and_hide_unfocused_tiny_pane ... ok
checks	Test	2026-09-11T23:33:37.4966120Z test split::settings_error_survives_the_geometry_ack ... ok
checks	Test	2026-09-11T23:33:37.4966570Z test split::split_error_is_cleared_by_the_view_the_next_selection_requests ... ok
checks	Test	2026-09-11T23:33:37.4979480Z test split::divider_preference_survives_resize_hiding_and_focus_loss_with_nonzero_origins ... ok
checks	Test	2026-09-11T23:33:37.4992690Z test split::split_error_survives_mouse_cleanup_ack ... ok
checks	Test	2026-09-11T23:33:37.4993190Z test split::split_layout_geometry_and_narrow_fallback ... ok
checks	Test	2026-09-11T23:33:37.5599770Z test split::split_layout_renders_independent_cells_and_cursor ... ok
checks	Test	2026-09-11T23:33:37.5601740Z test split::split_preserves_history_copy_and_paused_input ... ok
checks	Test	2026-09-11T23:33:37.5609650Z test split::split_review_absent_a_screen_cannot_authorize_reassigned_parser ... ok
checks	Test	2026-09-11T23:33:37.5610230Z test split::split_review_cancels_inflight_history_copy_before_focus_change ... ok
checks	Test	2026-09-11T23:33:37.5610950Z test split::split_review_close_reopen_does_not_authorize_recreated_parser ... ok
checks	Test	2026-09-11T23:33:37.5613520Z test split::split_review_discarded_pending_view_refreshes_before_late_receipts ... ok
checks	Test	2026-09-11T23:33:37.5617180Z test split::split_review_focus_select_and_close_revoke_public_input_until_setview_ok ... ok
checks	Test	2026-09-11T23:33:37.5620510Z test split::split_review_keeps_history_a_while_b_changes_and_cancels_late_work ... ok
checks	Test	2026-09-11T23:33:37.6742690Z test palette::workspace_branch_mode_uses_local_branches_and_preserves_edits ... ok
checks	Test	2026-09-11T23:33:37.6745880Z test split::split_review_pending_a_b_a_preserves_received_parser_before_ok ... ok
checks	Test	2026-09-11T23:33:37.6751110Z test split::split_review_pending_view_completes_after_focus_and_geometry_return ... ok
checks	Test	2026-09-11T23:33:37.6754270Z test split::split_review_preserves_nonfirst_survivor_on_hierarchy_removal ... ok
checks	Test	2026-09-11T23:33:37.6761660Z test split::split_review_readiness_requires_matching_targets_and_cancels_resize_copy ... ok
checks	Test	2026-09-11T23:33:37.6765340Z test split::split_review_replaces_a_b_a_and_rejects_old_completions ... ok
checks	Test	2026-09-11T23:33:37.6772510Z test split::split_review_requires_all_screens_before_ok_and_ignores_stale_view_completion ... ok
checks	Test	2026-09-11T23:33:37.6775270Z test split::split_review_terminal_modes_use_each_panes_parser ... ok
checks	Test	2026-09-11T23:33:37.6778870Z test split::split_review_unfocused_removal_preserves_focused_history_capture ... ok
checks	Test	2026-09-11T23:33:37.6781370Z test split::split_state_focus_and_close_preserve_sessions ... ok
checks	Test	2026-09-11T23:33:37.6783880Z test split::split_state_ignores_stale_revisions_and_removed_sessions ... ok
checks	Test	2026-09-11T23:33:37.6786410Z test split::split_state_modes_and_input_are_local ... ok
checks	Test	2026-09-11T23:33:37.6902000Z test split::ux_narrow_layout_keeps_help_focus_and_nonzero_view_sizes ... ok
checks	Test	2026-09-11T23:33:37.8647940Z test split::split_error_survives_a_screen_dirty_refresh ... ok
checks	Test	2026-09-11T23:33:37.8838710Z test split::split_review_matching_view_error_disables_input_until_a_new_view_is_ready ... ok
checks	Test	2026-09-11T23:33:37.8860470Z test split::view_request_ids_are_released_on_final_response ... ok
checks	Test	2026-09-11T23:33:37.8863410Z test terminal_guard_restores_before_prior_hook_callback ... ok
checks	Test	2026-09-11T23:33:37.8914780Z test terminal_guard_restores_each_enabled_mode_once_on_normal_return_and_unwind ... ok
checks	Test	2026-09-11T23:33:37.8916980Z test terminal_guard_rolls_back_modes_when_a_later_enter_write_fails ... ok
checks	Test	2026-09-11T23:33:38.0695430Z test split::view_error_on_changed_view_does_not_spin ... ok
checks	Test	2026-09-11T23:33:38.1944200Z test split::view_error_on_unchanged_view_retries_once_after_backoff ... ok
checks	Test	2026-09-11T23:33:38.1946920Z 
checks	Test	2026-09-11T23:33:38.1948580Z test result: ok. 180 passed; 0 failed; 0 ignored; 0 measured; 0 filtered out; finished in 1.41s
checks	Test	2026-09-11T23:33:38.1950560Z 
checks	Test	2026-09-11T23:33:38.1987820Z ^[[1m^[[92m     Running^[[0m unittests src/lib.rs (target/debug/deps/ovrcr_protocol-eb9c147f31fa9c3b)
checks	Test	2026-09-11T23:33:38.2278170Z 
checks	Test	2026-09-11T23:33:38.2278850Z running 23 tests
checks	Test	2026-09-11T23:33:38.2341600Z test codec::agent_foundation_red::agent_report_reservation_wire_contract ... ok
checks	Test	2026-09-11T23:33:38.2352550Z test agent::tests::agent_report_all_variants_roundtrip_and_secret_redaction ... ok
checks	Test	2026-09-11T23:33:38.2358050Z test codec::tests::agent_report_round_trip_and_redaction ... ok
checks	Test	2026-09-11T23:33:38.2359050Z test agent::tests::agent_report_validation_and_integer_boundaries ... ok
checks	Test	2026-09-11T23:33:38.2360000Z test codec::tests::appended_resource_requests_round_trip ... ok
checks	Test	2026-09-11T23:33:38.2361020Z test codec::tests::oversized_frame_is_rejected_before_allocation ... ok
checks	Test	2026-09-11T23:33:38.2362060Z test codec::tests::pause_resume_requests_round_trip ... ok
checks	Test	2026-09-11T23:33:38.2363170Z test codec::tests::preamble_rejects_wrong_magic_and_version ... ok
checks	Test	2026-09-11T23:33:38.2364050Z test codec::tests::request_round_trip_preserves_raw_bytes ... ok
checks	Test	2026-09-11T23:33:38.2364650Z test codec::tests::preamble_round_trip ... ok
checks	Test	2026-09-11T23:33:38.2365180Z test codec::tests::split_view_frames_round_trip ... ok
checks	Test	2026-09-11T23:33:38.2366010Z test codec::tests::split_view_validation_rejects_ambiguous_targets ... ok
checks	Test	2026-09-11T23:33:38.2366730Z test context::tests::context_claude_projection ... ok
checks	Test	2026-09-11T23:33:38.2367540Z test context::tests::context_claude_projection_rejects_checked_add_overflow ... ok
checks	Test	2026-09-11T23:33:38.2368430Z test context::tests::context_claude_projection_missing_components_are_unknown ... ok
checks	Test	2026-09-11T23:33:38.2369470Z test context::tests::context_semantics ... ok
checks	Test	2026-09-11T23:33:38.2370020Z test context::tests::context_json_validation ... ok
checks	Test	2026-09-11T23:33:38.2371190Z test registry::tests::project_removal_rejects_recorded_workspaces ... ok
checks	Test	2026-09-11T23:33:38.2372100Z test registry::tests::registry_rejects_duplicate_projects_and_invalid_names ... ok
checks	Test	2026-09-11T23:33:38.2372940Z test wire::tests::validate_rejects_oversized_panes ... ok
checks	Test	2026-09-11T23:33:38.2373900Z test session::tests::response_ready_and_existing_activity_wire_spellings_round_trip ... ok
checks	Test	2026-09-11T23:33:38.2374930Z test wire::wire_snapshot::wire_encoding_matches_snapshot_for_protocol_version ... ok
checks	Test	2026-09-11T23:33:38.2405590Z test codec::tests::history_page_round_trip_and_size_bound ... ok
checks	Test	2026-09-11T23:33:38.2406170Z 
checks	Test	2026-09-11T23:33:38.2406600Z test result: ok. 23 passed; 0 failed; 0 ignored; 0 measured; 0 filtered out; finished in 0.01s
checks	Test	2026-09-11T23:33:38.2407180Z 
checks	Test	2026-09-11T23:33:38.2410920Z ^[[1m^[[92m     Running^[[0m unittests src/lib.rs (target/debug/deps/ovrcr_runtime-88f795331a274858)
checks	Test	2026-09-11T23:33:38.2610720Z 
checks	Test	2026-09-11T23:33:38.2611340Z running 100 tests
checks	Test	2026-09-11T23:33:38.2714450Z test config::tests::corrupt_registry_is_reported_and_not_replaced ... ok
checks	Test	2026-09-11T23:33:38.2735620Z test config::tests::present_empty_registry_is_reported_and_not_replaced ... ok
checks	Test	2026-09-11T23:33:38.2809280Z test config::tests::registry_round_trip_preserves_projects_and_workspaces ... ok
checks	Test	2026-09-11T23:33:38.2823390Z test server::reporting_queue::tests::accounting_is_atomic_with_channel_refill ... ok
checks	Test	2026-09-11T23:33:38.2824070Z test server::reporting_queue::tests::blocked_send_wakes_when_receiver_drops ... ok
checks	Test	2026-09-11T23:33:38.2824730Z test server::reporting_queue::tests::receiver_drop_drains_accounting ... ok
checks	Test	2026-09-11T23:33:38.2825500Z test server::reporting_queue::tests::receiver_wakes_on_send_and_sender_drop ... ok
checks	Test	2026-09-11T23:33:38.2826800Z test server::reporting_queue::tests::sender_drop_cannot_be_lost_between_empty_and_wait ... ok
checks	Test	2026-09-11T23:33:38.2919320Z test server::reporting_queue::tests::timeout_uses_channel_state_as_authority ... ok
checks	Test	2026-09-11T23:33:38.2920170Z test agent_runner::tests::invocation_channel_rejects_payload_above_limit_without_allocating_or_dispatching ... ok
checks	Test	2026-09-11T23:33:38.3660040Z test agent_runner::tests::invocation_channel_accepts_exact_payload_limit ... ok
checks	Test	2026-09-11T23:33:38.3667080Z test server::tests::agent_report_queue_full_is_a_structured_conflict ... ok
checks	Test	2026-09-11T23:33:38.5577680Z test server::tests::agent_reporting::agent_report_component_order_survives_uncertain_clear ... ok
checks	Test	2026-09-11T23:33:38.6977660Z test server::tests::agent_reporting::agent_report_finalize_atomic_retry_and_exit_rejection ... ok
checks	Test	2026-09-11T23:33:38.6992610Z test server::tests::accept_loop_survives_thread_spawn_failure ... ok
checks	Test	2026-09-11T23:33:38.8345070Z test server::tests::agent_reporting::agent_report_independent_streams_atomic_components_and_authentication ... ok
checks	Test	2026-09-11T23:33:38.8801130Z test server::tests::agent_reporting::agent_report_lost_reservation_delivery_and_delayed_reservation_do_not_allocate ... ok
checks	Test	2026-09-11T23:33:38.8802300Z test server::tests::agent_reporting::agent_report_legacy_remains_available_until_binding ... ok
checks	Test	2026-09-11T23:33:39.0042280Z test server::tests::agent_reporting::agent_report_rejects_decreases_after_unknown_and_collector_loss ... ok
checks	Test	2026-09-11T23:33:39.0464900Z test server::tests::agent_reporting::agent_report_reservation_connection_loss_releases_unbound_slot ... ok
checks	Test	2026-09-11T23:33:39.1577520Z test server::tests::agent_reporting::agent_report_reservation_retry_and_stale_compare_exchange ... ok
checks	Test	2026-09-11T23:33:39.1916860Z test server::tests::agent_reporting::agent_report_supervisor_connection_loss_and_late_cleanup ... ok
checks	Test	2026-09-11T23:33:39.3145840Z test server::tests::agent_reporting::response_ready_socket_snapshot_reconnect_and_revision_order ... ok
checks	Test	2026-09-11T23:33:39.3209010Z test server::tests::control_and_refresh_failures_preserve_both_causes ... ok
checks	Test	2026-09-11T23:33:41.1531250Z test server::tests::accepted_shutdown_rejects_late_mutation_while_ack_writer_is_blocked ... ok
checks	Test	2026-09-11T23:33:41.1537510Z test server::tests::dashboard_overflow_closes_affected_connection ... ok
checks	Test	2026-09-11T23:33:41.1538370Z test server::tests::dashboard_overflow_does_not_clear_replacement_slot ... ok
checks	Test	2026-09-11T23:33:41.1540770Z test server::tests::dashboard_shutdown_completes_when_response_sink_is_closed ... ok
checks	Test	2026-09-11T23:33:41.3214440Z test server::tests::close_failure_retains_record_until_cleanup_can_finish ... ok
checks	Test	2026-09-11T23:33:41.3378190Z test server::tests::dashboard_slot_is_released_when_registration_panics ... ok
checks	Test	2026-09-11T23:33:41.3474180Z test server::tests::dashboard_snapshot_counts_messages_terminal_and_dirty_separately ... ok
checks	Test	2026-09-11T23:33:43.3959820Z test server::tests::current_owner_rejects_hidden_input_and_unknown_view_session ... ok
checks	Test	2026-09-11T23:33:43.4021420Z test server::tests::history_capture_orders_with_output ... ok
checks	Test	2026-09-11T23:33:43.7853480Z test server::tests::dashboard_shutdown_waits_for_stalled_writer_completion ... ok
checks	Test	2026-09-11T23:33:43.7859040Z test server::tests::hook_socket_resolution_canonicalizes_parent_and_rejects_leaf_symlink ... ok
checks	Test	2026-09-11T23:33:47.5649280Z test server::tests::history_page_overflow_disconnects_without_parser_wait ... ok
checks	Test	2026-09-11T23:33:47.5675150Z test server::tests::history_owner_and_token_isolation ... ok
checks	Test	2026-09-11T23:33:47.6468010Z test server::tests::kill_and_close_refresh_failures_keep_exited_records ... ok
checks	Test	2026-09-11T23:33:47.6957950Z test server::tests::kill_failure_cleanup_retains_original_group_after_leader_exit ... ok
checks	Test	2026-09-11T23:33:47.7312430Z test server::tests::late_response_does_not_reach_a_replacement_dashboard ... ok
checks	Test	2026-09-11T23:33:47.7314420Z test server::tests::lifecycle_response_preserves_error_chain_and_code ... ok
checks	Test	2026-09-11T23:33:47.8986430Z test server::tests::invalid_view_preserves_populated_geometry_and_pty_sizes ... ok
checks	Test	2026-09-11T23:33:49.8142730Z test server::tests::oversized_set_view_returns_invalid_request_without_resizing ... ok
checks	Test	2026-09-11T23:33:49.8357710Z test server::tests::partial_resize_connection_delivers_error_before_owner_close ... FAILED
checks	Test	2026-09-11T23:33:49.8732490Z test server::tests::kill_session_termination_failure_revokes_and_retains_session ... ok
checks	Test	2026-09-11T23:33:49.8761770Z test server::tests::pending_output_does_not_evict_dashboard_on_lifecycle_event ... ok
checks	Test	2026-09-11T23:33:49.8764150Z test server::tests::raw_event_and_dispatch_queues_reject_the_65th_item ... ok
checks	Test	2026-09-11T23:33:49.9798500Z test server::tests::registration_publishes_the_session_before_its_events_can_arrive ... ok
checks	Test	2026-09-11T23:33:50.0171830Z test server::tests::relative_bound_socket_validates_spawn_and_child_cwd_is_distinct ... ok
checks	Test	2026-09-11T23:33:54.0320720Z test server::tests::partial_resize_failure_does_not_restore_revision_after_owner_replacement ... ok
checks	Test	2026-09-11T23:33:54.1898270Z test server::tests::resize_is_rejected_for_a_split_view ... ok
checks	Test	2026-09-11T23:33:54.2179820Z test server::tests::session_output_flows_while_another_session_spawns ... ok
checks	Test	2026-09-11T23:33:54.2242730Z test server::tests::set_view_drops_a_session_removed_before_publication ... ok
checks	Test	2026-09-11T23:33:54.6031250Z test server::tests::partial_resize_blocked_writer_times_out_and_closes_owner ... ok
checks	Test	2026-09-11T23:33:56.6958860Z test server::tests::set_view_publishes_without_an_unfocused_pane_removed_before_publication ... ok
checks	Test	2026-09-11T23:33:56.7669300Z test server::tests::shutdown_refresh_failure_keeps_exited_record_and_server_available ... ok
checks	Test	2026-09-11T23:33:56.8324050Z test server::tests::shutdown_termination_failure_is_partial_and_server_remains_available ... ok
checks	Test	2026-09-11T23:33:56.9129170Z test server::tests::shutdown_without_kill_rejects_paused_session ... ok
checks	Test	2026-09-11T23:33:56.9218880Z test server::tests::split_delivery_dirty_revisions_are_isolated ... ok
checks	Test	2026-09-11T23:33:58.3303910Z test server::tests::session_refresh_dispatch_failures_disconnect_without_blocking ... ok
checks	Test	2026-09-11T23:33:58.3338330Z test server::tests::split_delivery_snapshots_precede_increments ... ok
checks	Test	2026-09-11T23:33:58.3463360Z test server::tests::set_view_overflow_disconnects_instead_of_dropping_lifecycle_frames ... ok
checks	Test	2026-09-11T23:33:58.3468030Z test server::tests::terminal_delivery_is_final_entry_and_closing_stays_sticky ... ok
checks	Test	2026-09-11T23:33:58.3595750Z test server::tests::stale_geometry_does_not_overwrite_replacement_size ... ok
checks	Test	2026-09-11T23:33:58.3606280Z test server::tests::uncommitted_partial_failure_does_not_publish_hierarchy ... ok
checks	Test	2026-09-11T23:34:00.4457240Z test server::tests::view_publication_aborts_when_owner_disconnects_during_resize ... ok
checks	Test	2026-09-11T23:34:01.1283010Z test server::tests::split_delivery_rejects_stale_owner_and_input ... ok
checks	Test	2026-09-11T23:34:01.1286350Z test session::reporting::tests::agent_report_component_receipt_age_uses_source_order_not_transport_time ... ok
checks	Test	2026-09-11T23:34:01.1810000Z test session::shell_prompt::tests::compact_prompt_keeps_custom_zdotdir_and_leaves_explicit_commands_alone ... ok
checks	Test	2026-09-11T23:34:01.1812360Z test session::tests::agent_report_order_receipt_accepts_repeated_values ... ok
checks	Test	2026-09-11T23:34:01.1813900Z test session::tests::agent_report_order_rejects_replay_and_mode_switch ... ok
checks	Test	2026-09-11T23:34:01.1815200Z test session::tests::agent_report_order_rejects_zero_sequence_without_mutating_unset ... ok
checks	Test	2026-09-11T23:34:01.2269250Z test session::tests::agent_report_requires_capability_and_preserves_order_on_rejection ... ok
checks	Test	2026-09-11T23:34:01.5267040Z test session::tests::compact_zsh_prompt_preserves_config_and_reports_failure ... ok
checks	Test	2026-09-11T23:34:01.5445820Z test session::tests::final_output_is_parsed_before_session_becomes_removable ... ok
checks	Test	2026-09-11T23:34:01.8195700Z test session::tests::group_leader_timeout_kills_the_child ... ok
checks	Test	2026-09-11T23:34:01.8197620Z test session::tests::group_leader_timeout_override_keeps_the_default_bound ... ok
checks	Test	2026-09-11T23:34:01.8727090Z test session::tests::pause_resume_exit_event_cannot_be_overwritten ... ok
checks	Test	2026-09-11T23:34:02.2075760Z test session::tests::pause_resume_phase_and_input_admission ... ok
checks	Test	2026-09-11T23:34:02.2078080Z test session::tests::pause_resume_rejects_unsafe_group ... ok
checks	Test	2026-09-11T23:34:02.2979800Z test session::tests::pause_resume_terminate_runs_term_handler ... ok
checks	Test	2026-09-11T23:34:02.3562860Z test session::tests::pause_resume_terminate_serializes_competing_controls ... ok
checks	Test	2026-09-11T23:34:02.5262420Z test server::tests::view_revision_floor_survives_exit_and_removal ... ok
checks	Test	2026-09-11T23:34:02.6805140Z test session::tests::resize_reaches_the_child_tty ... ok
checks	Test	2026-09-11T23:34:02.7207610Z test server::tests::terminal_frame_survives_a_concurrent_lifecycle_event ... ok
checks	Test	2026-09-11T23:34:02.8060520Z test session::tests::terminate_reaps_group_after_transient_sigcont_permission ... ok
checks	Test	2026-09-11T23:34:02.8178050Z test session::tests::shell_round_trip_updates_the_current_screen ... ok
checks	Test	2026-09-11T23:34:02.8923720Z test session::tests::terminate_removes_the_whole_process_group ... ok
checks	Test	2026-09-11T23:34:03.0403000Z test session::tests::terminate_retains_sigcont_permission_error_when_group_remains ... ok
checks	Test	2026-09-11T23:34:03.1593410Z test task_manager::tests::cancellation_waits_for_admission_to_publish_its_worker ... ok
checks	Test	2026-09-11T23:34:03.1708200Z test task_manager::tests::cleanup_reports_retained_directory_without_registry_ownership ... ok
checks	Test	2026-09-11T23:34:03.1722780Z test session::tests::terminate_retains_sigcont_permission_error_for_live_group ... ok
checks	Test	2026-09-11T23:34:03.1889550Z test task_manager::tests::corrupt_run_file_does_not_block_open ... ok
checks	Test	2026-09-11T23:34:03.2551500Z test task_manager::tests::graceful_shutdown_refuses_a_run_crossing_admission ... ok
checks	Test	2026-09-11T23:34:03.2933600Z test session::tests::terminate_removes_job_control_subgroups ... ok
checks	Test	2026-09-11T23:34:03.2960160Z test task_runner::tests::reused_pid_cannot_claim_process_group_or_children ... ok
checks	Test	2026-09-11T23:34:03.2966090Z test task_runner::tests::surviving_member_preserves_owned_group_after_leader_exits ... ok
checks	Test	2026-09-11T23:34:03.2978430Z test tasks::tests::prune_keeps_recent_runs_and_the_newest_per_task ... ok
checks	Test	2026-09-11T23:34:03.3298410Z test task_manager::tests::tick_does_not_reread_terminal_runs ... ok
checks	Test	2026-09-11T23:34:03.4167890Z test task_manager::tests::workspace_removal_protects_admitted_tasks_before_run_metadata_is_written ... ok
checks	Test	2026-09-11T23:34:03.4169030Z 
checks	Test	2026-09-11T23:34:03.4169080Z failures:
checks	Test	2026-09-11T23:34:03.4169170Z 
checks	Test	2026-09-11T23:34:03.4169390Z ---- server::tests::partial_resize_connection_delivers_error_before_owner_close stdout ----
checks	Test	2026-09-11T23:34:03.4169700Z 
checks	Test	2026-09-11T23:34:03.4170110Z thread 'server::tests::partial_resize_connection_delivers_error_before_owner_close' (71604) panicked at crates/ovrcr-runtime/src/server/tests.rs:1881:10:
checks	Test	2026-09-11T23:34:03.4170830Z called `Result::unwrap()` on an `Err` value: Os { code: 22, kind: InvalidInput, message: "Invalid argument" }
checks	Test	2026-09-11T23:34:03.4171140Z 
checks	Test	2026-09-11T23:34:03.4171140Z 
checks	Test	2026-09-11T23:34:03.4171190Z failures:
checks	Test	2026-09-11T23:34:03.4171440Z     server::tests::partial_resize_connection_delivers_error_before_owner_close
checks	Test	2026-09-11T23:34:03.4171700Z 
checks	Test	2026-09-11T23:34:03.4171920Z test result: FAILED. 99 passed; 1 failed; 0 ignored; 0 measured; 0 filtered out; finished in 25.16s
checks	Test	2026-09-11T23:34:03.4172220Z 
checks	Test	2026-09-11T23:34:03.4176960Z ^[[1m^[[91merror^[[0m: test failed, to rerun pass `-p ovrcr-runtime --lib`
checks	Test	2026-09-11T23:34:03.4233160Z ##[error]Process completed with exit code 101.
checks	Post Run Swatinem/rust-cache@v2	﻿2026-09-11T23:34:03.4410140Z Post job cleanup.
checks	Post Run Swatinem/rust-cache@v2	2026-09-11T23:34:03.9482600Z Cache up-to-date.
checks	Post Run actions/checkout@v4	﻿2026-09-11T23:34:03.9659110Z Node 20 is being deprecated. This workflow is running with Node 24 by default. If you need to temporarily use Node 20, you can set the ACTIONS_ALLOW_USE_UNSECURE_NODE_VERSION=true environment variable. For more information see: https://github.blog/changelog/2025-09-19-deprecation-of-node-20-on-github-actions-runners/
checks	Post Run actions/checkout@v4	2026-09-11T23:34:03.9660300Z Post job cleanup.
checks	Post Run actions/checkout@v4	2026-09-11T23:34:04.0686590Z [command]/opt/homebrew/bin/git version
checks	Post Run actions/checkout@v4	2026-09-11T23:34:04.0757500Z git version 2.55.0
checks	Post Run actions/checkout@v4	2026-09-11T23:34:04.0803750Z Copying '/Users/runner/.gitconfig' to '/Users/runner/work/_temp/ba78e070-4ec3-425c-be22-827c483ef3c0/.gitconfig'
checks	Post Run actions/checkout@v4	2026-09-11T23:34:04.0833820Z Temporarily overriding HOME='/Users/runner/work/_temp/ba78e070-4ec3-425c-be22-827c483ef3c0' before making global git config changes
checks	Post Run actions/checkout@v4	2026-09-11T23:34:04.0838970Z Adding repository directory to the temporary git global config as a safe directory
checks	Post Run actions/checkout@v4	2026-09-11T23:34:04.0849360Z [command]/opt/homebrew/bin/git config --global --add safe.directory /Users/runner/work/ovrcr/ovrcr
checks	Post Run actions/checkout@v4	2026-09-11T23:34:04.0907750Z [command]/opt/homebrew/bin/git config --local --name-only --get-regexp core\.sshCommand
checks	Post Run actions/checkout@v4	2026-09-11T23:34:04.0976240Z [command]/opt/homebrew/bin/git submodule foreach --recursive sh -c "git config --local --name-only --get-regexp 'core\.sshCommand' && git config --local --unset-all 'core.sshCommand' || :"
checks	Post Run actions/checkout@v4	2026-09-11T23:34:04.1776180Z [command]/opt/homebrew/bin/git config --local --name-only --get-regexp http\.https\:\/\/github\.com\/\.extraheader
checks	Post Run actions/checkout@v4	2026-09-11T23:34:04.1828360Z http.https://github.com/.extraheader
checks	Post Run actions/checkout@v4	2026-09-11T23:34:04.1836890Z [command]/opt/homebrew/bin/git config --local --unset-all http.https://github.com/.extraheader
checks	Post Run actions/checkout@v4	2026-09-11T23:34:04.1904840Z [command]/opt/homebrew/bin/git submodule foreach --recursive sh -c "git config --local --name-only --get-regexp 'http\.https\:\/\/github\.com\/\.extraheader' && git config --local --unset-all 'http.https://github.com/.extraheader' || :"
checks	Post Run actions/checkout@v4	2026-09-11T23:34:04.2616380Z [command]/opt/homebrew/bin/git config --local --name-only --get-regexp ^includeIf\.gitdir:
checks	Post Run actions/checkout@v4	2026-09-11T23:34:04.2673790Z [command]/opt/homebrew/bin/git submodule foreach --recursive git config --local --show-origin --name-only --get-regexp remote.origin.url
checks	Complete job	﻿2026-09-11T23:34:04.3503660Z Cleaning up orphan processes
checks	Complete job	2026-09-11T23:34:04.3827230Z Terminate orphan process: pid (34802) (sleep)
checks	Complete job	2026-09-11T23:34:04.4093200Z Terminate orphan process: pid (34787) (sleep)
checks	Complete job	2026-09-11T23:34:04.7151130Z Terminate orphan process: pid (33251) (bash)
checks	Complete job	2026-09-11T23:34:04.7378800Z Terminate orphan process: pid (33250) (bash)
checks	Complete job	2026-09-11T23:34:04.8059820Z ##[warning]Node.js 20 is deprecated. The following actions target Node.js 20 but are being forced to run on Node.js 24: actions/checkout@v4. For more information see: https://github.blog/changelog/2025-09-19-deprecation-of-node-20-on-github-actions-runners/
linux	Set up job	﻿2026-09-11T23:29:49.8856815Z Current runner version: '2.337.0'
linux	Set up job	2026-09-11T23:29:49.8896480Z ##[group]Runner Image Provisioner
linux	Set up job	2026-09-11T23:29:49.8898085Z Hosted Compute Agent
linux	Set up job	2026-09-11T23:29:49.8899156Z Version: 20260828.587
linux	Set up job	2026-09-11T23:29:49.8900332Z Commit: abac92662cab4cc7352de4f9f9d2e2419aad9c29
linux	Set up job	2026-09-11T23:29:49.8901743Z Build Date: 2026-08-28T16:44:25Z
linux	Set up job	2026-09-11T23:29:49.8902902Z Worker ID: {79a4a30d-d99f-41b7-8661-510a8c125c60}
linux	Set up job	2026-09-11T23:29:49.8904569Z Azure Region: westus
linux	Set up job	2026-09-11T23:29:49.8905575Z ##[endgroup]
linux	Set up job	2026-09-11T23:29:49.8908331Z ##[group]Operating System
linux	Set up job	2026-09-11T23:29:49.8909619Z Ubuntu
linux	Set up job	2026-09-11T23:29:49.8910578Z 24.04.5
linux	Set up job	2026-09-11T23:29:49.8911555Z LTS
linux	Set up job	2026-09-11T23:29:49.8912457Z ##[endgroup]
linux	Set up job	2026-09-11T23:29:49.8913825Z ##[group]Runner Image
linux	Set up job	2026-09-11T23:29:49.8915079Z Image: ubuntu-24.04
linux	Set up job	2026-09-11T23:29:49.8916193Z Version: 20260907.300.1
linux	Set up job	2026-09-11T23:29:49.8918098Z Included Software: https://github.com/actions/runner-images/blob/ubuntu24/20260907.300/images/ubuntu/Ubuntu2404-Readme.md
linux	Set up job	2026-09-11T23:29:49.8921409Z Image Release: https://github.com/actions/runner-images/releases/tag/ubuntu24%2F20260907.300
linux	Set up job	2026-09-11T23:29:49.8923587Z ##[endgroup]
linux	Set up job	2026-09-11T23:29:49.8925732Z ##[group]GITHUB_TOKEN Permissions
linux	Set up job	2026-09-11T23:29:49.8928674Z Contents: read
linux	Set up job	2026-09-11T23:29:49.8929670Z Metadata: read
linux	Set up job	2026-09-11T23:29:49.8930861Z Packages: read
linux	Set up job	2026-09-11T23:29:49.8931843Z ##[endgroup]
linux	Set up job	2026-09-11T23:29:49.8935292Z Secret source: Actions
linux	Set up job	2026-09-11T23:29:49.8937008Z Cache mode: write
linux	Set up job	2026-09-11T23:29:49.8938299Z Prepare workflow directory
linux	Set up job	2026-09-11T23:29:49.9697038Z Prepare all required actions
linux	Set up job	2026-09-11T23:29:49.9769882Z Getting action download info
linux	Set up job	2026-09-11T23:29:50.4641695Z Download action repository 'actions/checkout@v4' (SHA:11d5960a326750d5838078e36cf38b85af677262)
linux	Set up job	2026-09-11T23:29:50.5846180Z Download action repository 'dtolnay/rust-toolchain@stable' (SHA:6bed0761d98439e5a578e2877258200ad565ba87)
linux	Set up job	2026-09-11T23:29:50.8021132Z Download action repository 'Swatinem/rust-cache@v2' (SHA:6323deb102c322ba6fcbdcafc7e3dddab59af2b6)
linux	Set up job	2026-09-11T23:29:51.4611019Z Complete job name: linux
linux	Run actions/checkout@v4	﻿2026-09-11T23:29:51.5510424Z Node 20 is being deprecated. This workflow is running with Node 24 by default. If you need to temporarily use Node 20, you can set the ACTIONS_ALLOW_USE_UNSECURE_NODE_VERSION=true environment variable. For more information see: https://github.blog/changelog/2025-09-19-deprecation-of-node-20-on-github-actions-runners/
linux	Run actions/checkout@v4	2026-09-11T23:29:51.5522104Z ##[group]Run actions/checkout@v4
linux	Run actions/checkout@v4	2026-09-11T23:29:51.5523512Z with:
linux	Run actions/checkout@v4	2026-09-11T23:29:51.5524376Z   repository: xlyk/ovrcr
linux	Run actions/checkout@v4	2026-09-11T23:29:51.5532944Z   token: ***
linux	Run actions/checkout@v4	2026-09-11T23:29:51.5534015Z   ssh-strict: true
linux	Run actions/checkout@v4	2026-09-11T23:29:51.5534844Z   ssh-user: git
linux	Run actions/checkout@v4	2026-09-11T23:29:51.5535683Z   persist-credentials: true
linux	Run actions/checkout@v4	2026-09-11T23:29:51.5536602Z   clean: true
linux	Run actions/checkout@v4	2026-09-11T23:29:51.5537443Z   sparse-checkout-cone-mode: true
linux	Run actions/checkout@v4	2026-09-11T23:29:51.5538448Z   fetch-depth: 1
linux	Run actions/checkout@v4	2026-09-11T23:29:51.5539270Z   fetch-tags: false
linux	Run actions/checkout@v4	2026-09-11T23:29:51.5540106Z   show-progress: true
linux	Run actions/checkout@v4	2026-09-11T23:29:51.5540979Z   lfs: false
linux	Run actions/checkout@v4	2026-09-11T23:29:51.5541746Z   submodules: false
linux	Run actions/checkout@v4	2026-09-11T23:29:51.5542630Z   set-safe-directory: true
linux	Run actions/checkout@v4	2026-09-11T23:29:51.5543720Z   allow-unsafe-pr-checkout: false
linux	Run actions/checkout@v4	2026-09-11T23:29:51.5545018Z env:
linux	Run actions/checkout@v4	2026-09-11T23:29:51.5545781Z   CARGO_TERM_COLOR: always
linux	Run actions/checkout@v4	2026-09-11T23:29:51.5546673Z   SHELL: /bin/bash
linux	Run actions/checkout@v4	2026-09-11T23:29:51.5547464Z ##[endgroup]
linux	Run actions/checkout@v4	2026-09-11T23:29:51.6750834Z Syncing repository: xlyk/ovrcr
linux	Run actions/checkout@v4	2026-09-11T23:29:51.6755077Z ##[group]Getting Git version info
linux	Run actions/checkout@v4	2026-09-11T23:29:51.6757133Z Working directory is '/home/runner/work/ovrcr/ovrcr'
linux	Run actions/checkout@v4	2026-09-11T23:29:51.6801575Z [command]/usr/bin/git version
linux	Run actions/checkout@v4	2026-09-11T23:29:51.7027069Z git version 2.55.0
linux	Run actions/checkout@v4	2026-09-11T23:29:51.7035988Z ##[endgroup]
linux	Run actions/checkout@v4	2026-09-11T23:29:51.7067875Z Temporarily overriding HOME='/home/runner/work/_temp/743f7daa-7300-43b1-8c9a-62d382793279' before making global git config changes
linux	Run actions/checkout@v4	2026-09-11T23:29:51.7097610Z Adding repository directory to the temporary git global config as a safe directory
linux	Run actions/checkout@v4	2026-09-11T23:29:51.7103988Z [command]/usr/bin/git config --global --add safe.directory /home/runner/work/ovrcr/ovrcr
linux	Run actions/checkout@v4	2026-09-11T23:29:51.7152763Z Deleting the contents of '/home/runner/work/ovrcr/ovrcr'
linux	Run actions/checkout@v4	2026-09-11T23:29:51.7156564Z ##[group]Initializing the repository
linux	Run actions/checkout@v4	2026-09-11T23:29:51.7159000Z [command]/usr/bin/git init /home/runner/work/ovrcr/ovrcr
linux	Run actions/checkout@v4	2026-09-11T23:29:51.7341148Z hint: Using 'master' as the name for the initial branch. This default branch name
linux	Run actions/checkout@v4	2026-09-11T23:29:51.7355886Z hint: will change to "main" in Git 3.0. To configure the initial branch name
linux	Run actions/checkout@v4	2026-09-11T23:29:51.7359188Z hint: to use in all of your new repositories, which will suppress this warning,
linux	Run actions/checkout@v4	2026-09-11T23:29:51.7362454Z hint: call:
linux	Run actions/checkout@v4	2026-09-11T23:29:51.7369167Z hint:
linux	Run actions/checkout@v4	2026-09-11T23:29:51.7371615Z hint: 	git config --global init.defaultBranch <name>
linux	Run actions/checkout@v4	2026-09-11T23:29:51.7374451Z hint:
linux	Run actions/checkout@v4	2026-09-11T23:29:51.7377002Z hint: Names commonly chosen instead of 'master' are 'main', 'trunk' and
linux	Run actions/checkout@v4	2026-09-11T23:29:51.7380476Z hint: 'development'. The just-created branch can be renamed via this command:
linux	Run actions/checkout@v4	2026-09-11T23:29:51.7384039Z hint:
linux	Run actions/checkout@v4	2026-09-11T23:29:51.7385727Z hint: 	git branch -m <name>
linux	Run actions/checkout@v4	2026-09-11T23:29:51.7387867Z hint:
linux	Run actions/checkout@v4	2026-09-11T23:29:51.7390201Z hint: Disable this message with "git config set advice.defaultBranchName false"
linux	Run actions/checkout@v4	2026-09-11T23:29:51.7394499Z Initialized empty Git repository in /home/runner/work/ovrcr/ovrcr/.git/
linux	Run actions/checkout@v4	2026-09-11T23:29:51.7402996Z [command]/usr/bin/git remote add origin https://github.com/xlyk/ovrcr
linux	Run actions/checkout@v4	2026-09-11T23:29:51.7517616Z ##[endgroup]
linux	Run actions/checkout@v4	2026-09-11T23:29:51.7519750Z ##[group]Disabling automatic garbage collection
linux	Run actions/checkout@v4	2026-09-11T23:29:51.7521523Z [command]/usr/bin/git config --local gc.auto 0
linux	Run actions/checkout@v4	2026-09-11T23:29:51.7526245Z ##[endgroup]
linux	Run actions/checkout@v4	2026-09-11T23:29:51.7528192Z ##[group]Setting up auth
linux	Run actions/checkout@v4	2026-09-11T23:29:51.7538743Z [command]/usr/bin/git config --local --name-only --get-regexp core\.sshCommand
linux	Run actions/checkout@v4	2026-09-11T23:29:51.7588628Z [command]/usr/bin/git submodule foreach --recursive sh -c "git config --local --name-only --get-regexp 'core\.sshCommand' && git config --local --unset-all 'core.sshCommand' || :"
linux	Run actions/checkout@v4	2026-09-11T23:29:51.8115341Z [command]/usr/bin/git config --local --name-only --get-regexp http\.https\:\/\/github\.com\/\.extraheader
linux	Run actions/checkout@v4	2026-09-11T23:29:51.8170047Z [command]/usr/bin/git submodule foreach --recursive sh -c "git config --local --name-only --get-regexp 'http\.https\:\/\/github\.com\/\.extraheader' && git config --local --unset-all 'http.https://github.com/.extraheader' || :"
linux	Run actions/checkout@v4	2026-09-11T23:29:51.8480781Z [command]/usr/bin/git config --local --name-only --get-regexp ^includeIf\.gitdir:
linux	Run actions/checkout@v4	2026-09-11T23:29:51.8530221Z [command]/usr/bin/git submodule foreach --recursive git config --local --show-origin --name-only --get-regexp remote.origin.url
linux	Run actions/checkout@v4	2026-09-11T23:29:51.8862873Z [command]/usr/bin/git config --local http.https://github.com/.extraheader AUTHORIZATION: basic ***
linux	Run actions/checkout@v4	2026-09-11T23:29:51.8908484Z ##[endgroup]
linux	Run actions/checkout@v4	2026-09-11T23:29:51.8911602Z ##[group]Fetching the repository
linux	Run actions/checkout@v4	2026-09-11T23:29:51.8921229Z [command]/usr/bin/git -c protocol.version=2 fetch --no-tags --prune --no-recurse-submodules --depth=1 origin +6e41d673ea493447768e232b8f67065b82eb1c12:refs/remotes/pull/69/merge
linux	Run actions/checkout@v4	2026-09-11T23:29:53.2325211Z From https://github.com/xlyk/ovrcr
linux	Run actions/checkout@v4	2026-09-11T23:29:53.2327891Z  * [new ref]         6e41d673ea493447768e232b8f67065b82eb1c12 -> pull/69/merge
linux	Run actions/checkout@v4	2026-09-11T23:29:53.2331279Z ##[endgroup]
linux	Run actions/checkout@v4	2026-09-11T23:29:53.2332812Z ##[group]Determining the checkout info
linux	Run actions/checkout@v4	2026-09-11T23:29:53.2334712Z ##[endgroup]
linux	Run actions/checkout@v4	2026-09-11T23:29:53.2335925Z [command]/usr/bin/git sparse-checkout disable
linux	Run actions/checkout@v4	2026-09-11T23:29:53.2412953Z [command]/usr/bin/git config --local --unset-all extensions.worktreeConfig
linux	Run actions/checkout@v4	2026-09-11T23:29:53.2449974Z ##[group]Checking out the ref
linux	Run actions/checkout@v4	2026-09-11T23:29:53.2454943Z [command]/usr/bin/git checkout --progress --force refs/remotes/pull/69/merge
linux	Run actions/checkout@v4	2026-09-11T23:29:53.3777181Z Note: switching to 'refs/remotes/pull/69/merge'.
linux	Run actions/checkout@v4	2026-09-11T23:29:53.3778168Z 
linux	Run actions/checkout@v4	2026-09-11T23:29:53.3780416Z You are in 'detached HEAD' state. You can look around, make experimental
linux	Run actions/checkout@v4	2026-09-11T23:29:53.3782275Z changes and commit them, and you can discard any commits you make in this
linux	Run actions/checkout@v4	2026-09-11T23:29:53.3783923Z state without impacting any branches by switching back to a branch.
linux	Run actions/checkout@v4	2026-09-11T23:29:53.3784835Z 
linux	Run actions/checkout@v4	2026-09-11T23:29:53.3785504Z If you want to create a new branch to retain commits you create, you may
linux	Run actions/checkout@v4	2026-09-11T23:29:53.3786644Z do so (now or later) by using -c with the switch command. Example:
linux	Run actions/checkout@v4	2026-09-11T23:29:53.3787467Z 
linux	Run actions/checkout@v4	2026-09-11T23:29:53.3788040Z   git switch -c <new-branch-name>
linux	Run actions/checkout@v4	2026-09-11T23:29:53.3788730Z 
linux	Run actions/checkout@v4	2026-09-11T23:29:53.3789281Z Or undo this operation with:
linux	Run actions/checkout@v4	2026-09-11T23:29:53.3789937Z 
linux	Run actions/checkout@v4	2026-09-11T23:29:53.3790456Z   git switch -
linux	Run actions/checkout@v4	2026-09-11T23:29:53.3791150Z 
linux	Run actions/checkout@v4	2026-09-11T23:29:53.3791922Z Turn off this advice by setting config variable advice.detachedHead to false
linux	Run actions/checkout@v4	2026-09-11T23:29:53.3801671Z 
linux	Run actions/checkout@v4	2026-09-11T23:29:53.3802819Z HEAD is now at 6e41d67 Merge 422bc2d8a02042dfa5462920341944113d3eb7ee into 3574e9272e6464edfb484a973b33fd4c3f05384d
linux	Run actions/checkout@v4	2026-09-11T23:29:53.3806956Z ##[endgroup]
linux	Run actions/checkout@v4	2026-09-11T23:29:53.3853153Z [command]/usr/bin/git log -1 --format=%H
linux	Run actions/checkout@v4	2026-09-11T23:29:53.3882347Z 6e41d673ea493447768e232b8f67065b82eb1c12
linux	Run dtolnay/rust-toolchain@stable	﻿2026-09-11T23:29:53.4267982Z ##[group]Run dtolnay/rust-toolchain@stable
linux	Run dtolnay/rust-toolchain@stable	2026-09-11T23:29:53.4268520Z with:
linux	Run dtolnay/rust-toolchain@stable	2026-09-11T23:29:53.4268885Z   components: rustfmt, clippy
linux	Run dtolnay/rust-toolchain@stable	2026-09-11T23:29:53.4269291Z   toolchain: stable
linux	Run dtolnay/rust-toolchain@stable	2026-09-11T23:29:53.4269642Z env:
linux	Run dtolnay/rust-toolchain@stable	2026-09-11T23:29:53.4269985Z   CARGO_TERM_COLOR: always
linux	Run dtolnay/rust-toolchain@stable	2026-09-11T23:29:53.4270379Z   SHELL: /bin/bash
linux	Run dtolnay/rust-toolchain@stable	2026-09-11T23:29:53.4270740Z ##[endgroup]
linux	Run dtolnay/rust-toolchain@stable	2026-09-11T23:29:53.4339814Z ##[start-action display=Parse toolchain version;id=__dtolnay_rust-toolchain.parse]
linux	Run dtolnay/rust-toolchain@stable	2026-09-11T23:29:53.4405748Z ##[group]Run if [[ -z $toolchain ]]; then
linux	Run dtolnay/rust-toolchain@stable	2026-09-11T23:29:53.4406357Z ^[[36;1mif [[ -z $toolchain ]]; then^[[0m
linux	Run dtolnay/rust-toolchain@stable	2026-09-11T23:29:53.4407095Z ^[[36;1m  # GitHub does not enforce `required: true` inputs itself. https://github.com/actions/runner/issues/1070^[[0m
linux	Run dtolnay/rust-toolchain@stable	2026-09-11T23:29:53.4407838Z ^[[36;1m  echo "'toolchain' is a required input" >&2^[[0m
linux	Run dtolnay/rust-toolchain@stable	2026-09-11T23:29:53.4408320Z ^[[36;1m  exit 1^[[0m
linux	Run dtolnay/rust-toolchain@stable	2026-09-11T23:29:53.4408828Z ^[[36;1melif [[ $toolchain =~ ^stable' '[0-9]+' '(year|month|week|day)s?' 'ago$ ]]; then^[[0m
linux	Run dtolnay/rust-toolchain@stable	2026-09-11T23:29:53.4409471Z ^[[36;1m  if [[ Linux == macOS ]]; then^[[0m
linux	Run dtolnay/rust-toolchain@stable	2026-09-11T23:29:53.4410170Z ^[[36;1m    echo "toolchain=1.$((($(date -v-$(sed 's/stable \([0-9]*\) \(.\).*/\1\2/' <<< $toolchain) +%s)/60/60/24-16569)/7/6))" >> $GITHUB_OUTPUT^[[0m
linux	Run dtolnay/rust-toolchain@stable	2026-09-11T23:29:53.4410843Z ^[[36;1m  else^[[0m
linux	Run dtolnay/rust-toolchain@stable	2026-09-11T23:29:53.4411414Z ^[[36;1m    echo "toolchain=1.$((($(date --date "${toolchain#stable }" +%s)/60/60/24-16569)/7/6))" >> $GITHUB_OUTPUT^[[0m
linux	Run dtolnay/rust-toolchain@stable	2026-09-11T23:29:53.4412037Z ^[[36;1m  fi^[[0m
linux	Run dtolnay/rust-toolchain@stable	2026-09-11T23:29:53.4412515Z ^[[36;1melif [[ $toolchain =~ ^stable' 'minus' '[0-9]+' 'releases?$ ]]; then^[[0m
linux	Run dtolnay/rust-toolchain@stable	2026-09-11T23:29:53.4413214Z ^[[36;1m  echo "toolchain=1.$((($(date +%s)/60/60/24-16569)/7/6-${toolchain//[^0-9]/}))" >> $GITHUB_OUTPUT^[[0m
linux	Run dtolnay/rust-toolchain@stable	2026-09-11T23:29:53.4414073Z ^[[36;1melif [[ $toolchain =~ ^1\.[0-9]+$ ]]; then^[[0m
linux	Run dtolnay/rust-toolchain@stable	2026-09-11T23:29:53.4414785Z ^[[36;1m  echo "toolchain=1.$((i=${toolchain#1.}, c=($(date +%s)/60/60/24-16569)/7/6, i+9*i*(10*i<=c)+90*i*(100*i<=c)))" >> $GITHUB_OUTPUT^[[0m
linux	Run dtolnay/rust-toolchain@stable	2026-09-11T23:29:53.4415443Z ^[[36;1melse^[[0m
linux	Run dtolnay/rust-toolchain@stable	2026-09-11T23:29:53.4415862Z ^[[36;1m  echo "toolchain=$toolchain" >> $GITHUB_OUTPUT^[[0m
linux	Run dtolnay/rust-toolchain@stable	2026-09-11T23:29:53.4416320Z ^[[36;1mfi^[[0m
linux	Run dtolnay/rust-toolchain@stable	2026-09-11T23:29:53.4456065Z shell: /usr/bin/bash --noprofile --norc -e -o pipefail {0}
linux	Run dtolnay/rust-toolchain@stable	2026-09-11T23:29:53.4456615Z env:
linux	Run dtolnay/rust-toolchain@stable	2026-09-11T23:29:53.4456976Z   CARGO_TERM_COLOR: always
linux	Run dtolnay/rust-toolchain@stable	2026-09-11T23:29:53.4457363Z   SHELL: /bin/bash
linux	Run dtolnay/rust-toolchain@stable	2026-09-11T23:29:53.4457713Z   toolchain: stable
linux	Run dtolnay/rust-toolchain@stable	2026-09-11T23:29:53.4458061Z ##[endgroup]
linux	Run dtolnay/rust-toolchain@stable	2026-09-11T23:29:53.4585408Z ##[end-action id=__dtolnay_rust-toolchain.parse;outcome=success;conclusion=success;duration_ms=24]
linux	Run dtolnay/rust-toolchain@stable	2026-09-11T23:29:53.4599738Z ##[start-action display=Construct rustup command line;id=__dtolnay_rust-toolchain.flags]
linux	Run dtolnay/rust-toolchain@stable	2026-09-11T23:29:53.4639555Z ##[group]Run echo "targets=$(for t in ${targets//,/ }; do echo -n ' --target' $t; done)" >> $GITHUB_OUTPUT
linux	Run dtolnay/rust-toolchain@stable	2026-09-11T23:29:53.4640579Z ^[[36;1mecho "targets=$(for t in ${targets//,/ }; do echo -n ' --target' $t; done)" >> $GITHUB_OUTPUT^[[0m
linux	Run dtolnay/rust-toolchain@stable	2026-09-11T23:29:53.4641364Z ^[[36;1mecho "components=$(for c in ${components//,/ }; do echo -n ' --component' $c; done)" >> $GITHUB_OUTPUT^[[0m
linux	Run dtolnay/rust-toolchain@stable	2026-09-11T23:29:53.4642028Z ^[[36;1mecho "downgrade=" >> $GITHUB_OUTPUT^[[0m
linux	Run dtolnay/rust-toolchain@stable	2026-09-11T23:29:53.4677495Z shell: /usr/bin/bash --noprofile --norc -e -o pipefail {0}
linux	Run dtolnay/rust-toolchain@stable	2026-09-11T23:29:53.4677996Z env:
linux	Run dtolnay/rust-toolchain@stable	2026-09-11T23:29:53.4678334Z   CARGO_TERM_COLOR: always
linux	Run dtolnay/rust-toolchain@stable	2026-09-11T23:29:53.4678701Z   SHELL: /bin/bash
linux	Run dtolnay/rust-toolchain@stable	2026-09-11T23:29:53.4679038Z   targets: 
linux	Run dtolnay/rust-toolchain@stable	2026-09-11T23:29:53.4679372Z   components: rustfmt, clippy
linux	Run dtolnay/rust-toolchain@stable	2026-09-11T23:29:53.4679739Z ##[endgroup]
linux	Run dtolnay/rust-toolchain@stable	2026-09-11T23:29:53.4758335Z ##[end-action id=__dtolnay_rust-toolchain.flags;outcome=success;conclusion=success;duration_ms=15]
linux	Run dtolnay/rust-toolchain@stable	2026-09-11T23:29:53.4761253Z ##[start-action display=Set $CARGO_HOME;id=__dtolnay_rust-toolchain.__run]
linux	Run dtolnay/rust-toolchain@stable	2026-09-11T23:29:53.4791422Z ##[group]Run echo CARGO_HOME=${CARGO_HOME:-"$HOME/.cargo"} >> $GITHUB_ENV
linux	Run dtolnay/rust-toolchain@stable	2026-09-11T23:29:53.4792119Z ^[[36;1mecho CARGO_HOME=${CARGO_HOME:-"$HOME/.cargo"} >> $GITHUB_ENV^[[0m
linux	Run dtolnay/rust-toolchain@stable	2026-09-11T23:29:53.4827633Z shell: /usr/bin/bash --noprofile --norc -e -o pipefail {0}
linux	Run dtolnay/rust-toolchain@stable	2026-09-11T23:29:53.4828349Z env:
linux	Run dtolnay/rust-toolchain@stable	2026-09-11T23:29:53.4828685Z   CARGO_TERM_COLOR: always
linux	Run dtolnay/rust-toolchain@stable	2026-09-11T23:29:53.4829061Z   SHELL: /bin/bash
linux	Run dtolnay/rust-toolchain@stable	2026-09-11T23:29:53.4829395Z ##[endgroup]
linux	Run dtolnay/rust-toolchain@stable	2026-09-11T23:29:53.4898749Z ##[end-action id=__dtolnay_rust-toolchain.__run;outcome=success;conclusion=success;duration_ms=13]
linux	Run dtolnay/rust-toolchain@stable	2026-09-11T23:29:53.4901779Z ##[start-action display=Install rustup if needed;id=__dtolnay_rust-toolchain.__run_2]
linux	Run dtolnay/rust-toolchain@stable	2026-09-11T23:29:53.4940187Z ##[group]Run if ! command -v rustup &>/dev/null; then
linux	Run dtolnay/rust-toolchain@stable	2026-09-11T23:29:53.4940728Z ^[[36;1mif ! command -v rustup &>/dev/null; then^[[0m
linux	Run dtolnay/rust-toolchain@stable	2026-09-11T23:29:53.4941639Z ^[[36;1m  curl --proto '=https' --tlsv1.2 --retry 10 --retry-connrefused --location --silent --show-error --fail https://sh.rustup.rs | sh -s -- --default-toolchain none -y^[[0m
linux	Run dtolnay/rust-toolchain@stable	2026-09-11T23:29:53.4942557Z ^[[36;1m  echo "$CARGO_HOME/bin" >> $GITHUB_PATH^[[0m
linux	Run dtolnay/rust-toolchain@stable	2026-09-11T23:29:53.4942975Z ^[[36;1mfi^[[0m
linux	Run dtolnay/rust-toolchain@stable	2026-09-11T23:29:53.4979280Z shell: /usr/bin/bash --noprofile --norc -e -o pipefail {0}
linux	Run dtolnay/rust-toolchain@stable	2026-09-11T23:29:53.4979791Z env:
linux	Run dtolnay/rust-toolchain@stable	2026-09-11T23:29:53.4980124Z   CARGO_TERM_COLOR: always
linux	Run dtolnay/rust-toolchain@stable	2026-09-11T23:29:53.4980591Z   SHELL: /bin/bash
linux	Run dtolnay/rust-toolchain@stable	2026-09-11T23:29:53.4980947Z   CARGO_HOME: /home/runner/.cargo
linux	Run dtolnay/rust-toolchain@stable	2026-09-11T23:29:53.4981335Z ##[endgroup]
linux	Run dtolnay/rust-toolchain@stable	2026-09-11T23:29:53.5059243Z ##[end-action id=__dtolnay_rust-toolchain.__run_2;outcome=success;conclusion=success;duration_ms=15]
linux	Run dtolnay/rust-toolchain@stable	2026-09-11T23:29:53.5062192Z ##[start-action display=Install rustup if needed on windows;id=__dtolnay_rust-toolchain.__run_3]
linux	Run dtolnay/rust-toolchain@stable	2026-09-11T23:29:53.5070951Z ##[end-action id=__dtolnay_rust-toolchain.__run_3;outcome=skipped;conclusion=skipped;duration_ms=0]
linux	Run dtolnay/rust-toolchain@stable	2026-09-11T23:29:53.5083176Z ##[start-action display=rustup toolchain install stable;id=__dtolnay_rust-toolchain.__run_4]
linux	Run dtolnay/rust-toolchain@stable	2026-09-11T23:29:53.5115157Z ##[group]Run rustup toolchain install stable --component rustfmt --component clippy --profile minimal --no-self-update
linux	Run dtolnay/rust-toolchain@stable	2026-09-11T23:29:53.5116132Z ^[[36;1mrustup toolchain install stable --component rustfmt --component clippy --profile minimal --no-self-update^[[0m
linux	Run dtolnay/rust-toolchain@stable	2026-09-11T23:29:53.5151566Z shell: /usr/bin/bash --noprofile --norc -e -o pipefail {0}
linux	Run dtolnay/rust-toolchain@stable	2026-09-11T23:29:53.5152110Z env:
linux	Run dtolnay/rust-toolchain@stable	2026-09-11T23:29:53.5152435Z   CARGO_TERM_COLOR: always
linux	Run dtolnay/rust-toolchain@stable	2026-09-11T23:29:53.5152806Z   SHELL: /bin/bash
linux	Run dtolnay/rust-toolchain@stable	2026-09-11T23:29:53.5153160Z   CARGO_HOME: /home/runner/.cargo
linux	Run dtolnay/rust-toolchain@stable	2026-09-11T23:29:53.5153719Z   RUSTUP_PERMIT_COPY_RENAME: 1
linux	Run dtolnay/rust-toolchain@stable	2026-09-11T23:29:53.5154086Z ##[endgroup]
linux	Run dtolnay/rust-toolchain@stable	2026-09-11T23:29:53.8530727Z info: syncing channel updates for stable-x86_64-unknown-linux-gnu
linux	Run dtolnay/rust-toolchain@stable	2026-09-11T23:29:54.1284337Z info: latest update on 2026-09-03 for version 1.98.1 (48a229cea 2026-09-01)
linux	Run dtolnay/rust-toolchain@stable	2026-09-11T23:29:54.1824522Z info: component clippy is up to date
linux	Run dtolnay/rust-toolchain@stable	2026-09-11T23:29:54.1825815Z info: component rustfmt is up to date
linux	Run dtolnay/rust-toolchain@stable	2026-09-11T23:29:54.1831214Z 
linux	Run dtolnay/rust-toolchain@stable	2026-09-11T23:29:54.1964771Z   stable-x86_64-unknown-linux-gnu unchanged - rustc 1.98.1 (48a229cea 2026-09-01)
linux	Run dtolnay/rust-toolchain@stable	2026-09-11T23:29:54.1967167Z 
linux	Run dtolnay/rust-toolchain@stable	2026-09-11T23:29:54.2005570Z ##[end-action id=__dtolnay_rust-toolchain.__run_4;outcome=success;conclusion=success;duration_ms=692]
linux	Run dtolnay/rust-toolchain@stable	2026-09-11T23:29:54.2011634Z ##[start-action display=rustup default stable;id=__dtolnay_rust-toolchain.__run_5]
linux	Run dtolnay/rust-toolchain@stable	2026-09-11T23:29:54.2069739Z ##[group]Run rustup default stable
linux	Run dtolnay/rust-toolchain@stable	2026-09-11T23:29:54.2070278Z ^[[36;1mrustup default stable^[[0m
linux	Run dtolnay/rust-toolchain@stable	2026-09-11T23:29:54.2107746Z shell: /usr/bin/bash --noprofile --norc -e -o pipefail {0}
linux	Run dtolnay/rust-toolchain@stable	2026-09-11T23:29:54.2108121Z env:
linux	Run dtolnay/rust-toolchain@stable	2026-09-11T23:29:54.2108335Z   CARGO_TERM_COLOR: always
linux	Run dtolnay/rust-toolchain@stable	2026-09-11T23:29:54.2108579Z   SHELL: /bin/bash
linux	Run dtolnay/rust-toolchain@stable	2026-09-11T23:29:54.2108805Z   CARGO_HOME: /home/runner/.cargo
linux	Run dtolnay/rust-toolchain@stable	2026-09-11T23:29:54.2109092Z ##[endgroup]
linux	Run dtolnay/rust-toolchain@stable	2026-09-11T23:29:54.2214269Z info: using existing install for stable-x86_64-unknown-linux-gnu
linux	Run dtolnay/rust-toolchain@stable	2026-09-11T23:29:54.2225152Z 
linux	Run dtolnay/rust-toolchain@stable	2026-09-11T23:29:54.2227715Z info: default toolchain set to stable-x86_64-unknown-linux-gnu
linux	Run dtolnay/rust-toolchain@stable	2026-09-11T23:29:54.2310183Z   stable-x86_64-unknown-linux-gnu unchanged - rustc 1.98.1 (48a229cea 2026-09-01)
linux	Run dtolnay/rust-toolchain@stable	2026-09-11T23:29:54.2311079Z 
linux	Run dtolnay/rust-toolchain@stable	2026-09-11T23:29:54.2329055Z ##[end-action id=__dtolnay_rust-toolchain.__run_5;outcome=success;conclusion=success;duration_ms=31]
linux	Run dtolnay/rust-toolchain@stable	2026-09-11T23:29:54.2331885Z ##[start-action display=Create cachekey;id=__dtolnay_rust-toolchain.rustc-version]
linux	Run dtolnay/rust-toolchain@stable	2026-09-11T23:29:54.2363214Z ##[group]Run DATE=$(rustc +stable --version --verbose | sed -ne 's/^commit-date: \(20[0-9][0-9]\)-\([01][0-9]\)-\([0-3][0-9]\)$/\1\2\3/p')
linux	Run dtolnay/rust-toolchain@stable	2026-09-11T23:29:54.2364420Z ^[[36;1mDATE=$(rustc +stable --version --verbose | sed -ne 's/^commit-date: \(20[0-9][0-9]\)-\([01][0-9]\)-\([0-3][0-9]\)$/\1\2\3/p')^[[0m
linux	Run dtolnay/rust-toolchain@stable	2026-09-11T23:29:54.2365114Z ^[[36;1mHASH=$(rustc +stable --version --verbose | sed -ne 's/^commit-hash: //p')^[[0m
linux	Run dtolnay/rust-toolchain@stable	2026-09-11T23:29:54.2365634Z ^[[36;1mecho "cachekey=$(echo $DATE$HASH | head -c12)" >> $GITHUB_OUTPUT^[[0m
linux	Run dtolnay/rust-toolchain@stable	2026-09-11T23:29:54.2401297Z shell: /usr/bin/bash --noprofile --norc -e -o pipefail {0}
linux	Run dtolnay/rust-toolchain@stable	2026-09-11T23:29:54.2401679Z env:
linux	Run dtolnay/rust-toolchain@stable	2026-09-11T23:29:54.2401926Z   CARGO_TERM_COLOR: always
linux	Run dtolnay/rust-toolchain@stable	2026-09-11T23:29:54.2402198Z   SHELL: /bin/bash
linux	Run dtolnay/rust-toolchain@stable	2026-09-11T23:29:54.2402425Z   CARGO_HOME: /home/runner/.cargo
linux	Run dtolnay/rust-toolchain@stable	2026-09-11T23:29:54.2402691Z ##[endgroup]
linux	Run dtolnay/rust-toolchain@stable	2026-09-11T23:29:54.3283064Z ##[end-action id=__dtolnay_rust-toolchain.rustc-version;outcome=success;conclusion=success;duration_ms=95]
linux	Run dtolnay/rust-toolchain@stable	2026-09-11T23:29:54.3286751Z ##[start-action display=Disable incremental compilation;id=__dtolnay_rust-toolchain.__run_6]
linux	Run dtolnay/rust-toolchain@stable	2026-09-11T23:29:54.3316108Z ##[group]Run if [ -z "${CARGO_INCREMENTAL+set}" ]; then
linux	Run dtolnay/rust-toolchain@stable	2026-09-11T23:29:54.3316551Z ^[[36;1mif [ -z "${CARGO_INCREMENTAL+set}" ]; then^[[0m
linux	Run dtolnay/rust-toolchain@stable	2026-09-11T23:29:54.3316894Z ^[[36;1m  echo CARGO_INCREMENTAL=0 >> $GITHUB_ENV^[[0m
linux	Run dtolnay/rust-toolchain@stable	2026-09-11T23:29:54.3317188Z ^[[36;1mfi^[[0m
linux	Run dtolnay/rust-toolchain@stable	2026-09-11T23:29:54.3355044Z shell: /usr/bin/bash --noprofile --norc -e -o pipefail {0}
linux	Run dtolnay/rust-toolchain@stable	2026-09-11T23:29:54.3355418Z env:
linux	Run dtolnay/rust-toolchain@stable	2026-09-11T23:29:54.3355628Z   CARGO_TERM_COLOR: always
linux	Run dtolnay/rust-toolchain@stable	2026-09-11T23:29:54.3355889Z   SHELL: /bin/bash
linux	Run dtolnay/rust-toolchain@stable	2026-09-11T23:29:54.3356136Z   CARGO_HOME: /home/runner/.cargo
linux	Run dtolnay/rust-toolchain@stable	2026-09-11T23:29:54.3356397Z ##[endgroup]
linux	Run dtolnay/rust-toolchain@stable	2026-09-11T23:29:54.3420772Z ##[end-action id=__dtolnay_rust-toolchain.__run_6;outcome=success;conclusion=success;duration_ms=13]
linux	Run dtolnay/rust-toolchain@stable	2026-09-11T23:29:54.3423157Z ##[start-action display=Enable colors in Cargo output;id=__dtolnay_rust-toolchain.__run_7]
linux	Run dtolnay/rust-toolchain@stable	2026-09-11T23:29:54.3507613Z ##[group]Run if [ -z "${CARGO_TERM_COLOR+set}" ]; then
linux	Run dtolnay/rust-toolchain@stable	2026-09-11T23:29:54.3508048Z ^[[36;1mif [ -z "${CARGO_TERM_COLOR+set}" ]; then^[[0m
linux	Run dtolnay/rust-toolchain@stable	2026-09-11T23:29:54.3508400Z ^[[36;1m  echo CARGO_TERM_COLOR=always >> $GITHUB_ENV^[[0m
linux	Run dtolnay/rust-toolchain@stable	2026-09-11T23:29:54.3508705Z ^[[36;1mfi^[[0m
linux	Run dtolnay/rust-toolchain@stable	2026-09-11T23:29:54.3544746Z shell: /usr/bin/bash --noprofile --norc -e -o pipefail {0}
linux	Run dtolnay/rust-toolchain@stable	2026-09-11T23:29:54.3545121Z env:
linux	Run dtolnay/rust-toolchain@stable	2026-09-11T23:29:54.3545339Z   CARGO_TERM_COLOR: always
linux	Run dtolnay/rust-toolchain@stable	2026-09-11T23:29:54.3545586Z   SHELL: /bin/bash
linux	Run dtolnay/rust-toolchain@stable	2026-09-11T23:29:54.3545817Z   CARGO_HOME: /home/runner/.cargo
linux	Run dtolnay/rust-toolchain@stable	2026-09-11T23:29:54.3546088Z   CARGO_INCREMENTAL: 0
linux	Run dtolnay/rust-toolchain@stable	2026-09-11T23:29:54.3546317Z ##[endgroup]
linux	Run dtolnay/rust-toolchain@stable	2026-09-11T23:29:54.3613944Z ##[end-action id=__dtolnay_rust-toolchain.__run_7;outcome=success;conclusion=success;duration_ms=18]
linux	Run dtolnay/rust-toolchain@stable	2026-09-11T23:29:54.3616742Z ##[start-action display=Enable Cargo sparse registry;id=__dtolnay_rust-toolchain.__run_8]
linux	Run dtolnay/rust-toolchain@stable	2026-09-11T23:29:54.3644988Z ##[group]Run # implemented in 1.66, stabilized in 1.68, made default in 1.70
linux	Run dtolnay/rust-toolchain@stable	2026-09-11T23:29:54.3645538Z ^[[36;1m# implemented in 1.66, stabilized in 1.68, made default in 1.70^[[0m
linux	Run dtolnay/rust-toolchain@stable	2026-09-11T23:29:54.3646266Z ^[[36;1mif [ -z "${CARGO_REGISTRIES_CRATES_IO_PROTOCOL+set}" -o -f "/home/runner/work/_temp"/.implicit_cargo_registries_crates_io_protocol ]; then^[[0m
linux	Run dtolnay/rust-toolchain@stable	2026-09-11T23:29:54.3646996Z ^[[36;1m  if rustc +stable --version --verbose | grep -q '^release: 1\.6[89]\.'; then^[[0m
linux	Run dtolnay/rust-toolchain@stable	2026-09-11T23:29:54.3647579Z ^[[36;1m    touch "/home/runner/work/_temp"/.implicit_cargo_registries_crates_io_protocol || true^[[0m
linux	Run dtolnay/rust-toolchain@stable	2026-09-11T23:29:54.3648128Z ^[[36;1m    echo CARGO_REGISTRIES_CRATES_IO_PROTOCOL=sparse >> $GITHUB_ENV^[[0m
linux	Run dtolnay/rust-toolchain@stable	2026-09-11T23:29:54.3648634Z ^[[36;1m  elif rustc +stable --version --verbose | grep -q '^release: 1\.6[67]\.'; then^[[0m
linux	Run dtolnay/rust-toolchain@stable	2026-09-11T23:29:54.3649223Z ^[[36;1m    touch "/home/runner/work/_temp"/.implicit_cargo_registries_crates_io_protocol || true^[[0m
linux	Run dtolnay/rust-toolchain@stable	2026-09-11T23:29:54.3649935Z ^[[36;1m    echo CARGO_REGISTRIES_CRATES_IO_PROTOCOL=git >> $GITHUB_ENV^[[0m
linux	Run dtolnay/rust-toolchain@stable	2026-09-11T23:29:54.3650293Z ^[[36;1m  fi^[[0m
linux	Run dtolnay/rust-toolchain@stable	2026-09-11T23:29:54.3650497Z ^[[36;1mfi^[[0m
linux	Run dtolnay/rust-toolchain@stable	2026-09-11T23:29:54.3685413Z shell: /usr/bin/bash --noprofile --norc -e -o pipefail {0}
linux	Run dtolnay/rust-toolchain@stable	2026-09-11T23:29:54.3685773Z env:
linux	Run dtolnay/rust-toolchain@stable	2026-09-11T23:29:54.3685988Z   CARGO_TERM_COLOR: always
linux	Run dtolnay/rust-toolchain@stable	2026-09-11T23:29:54.3686232Z   SHELL: /bin/bash
linux	Run dtolnay/rust-toolchain@stable	2026-09-11T23:29:54.3686464Z   CARGO_HOME: /home/runner/.cargo
linux	Run dtolnay/rust-toolchain@stable	2026-09-11T23:29:54.3686729Z   CARGO_INCREMENTAL: 0
linux	Run dtolnay/rust-toolchain@stable	2026-09-11T23:29:54.3686954Z ##[endgroup]
linux	Run dtolnay/rust-toolchain@stable	2026-09-11T23:29:54.4029117Z ##[end-action id=__dtolnay_rust-toolchain.__run_8;outcome=success;conclusion=success;duration_ms=41]
linux	Run dtolnay/rust-toolchain@stable	2026-09-11T23:29:54.4031924Z ##[start-action display=Work around spurious network errors in curl 8.0;id=__dtolnay_rust-toolchain.__run_9]
linux	Run dtolnay/rust-toolchain@stable	2026-09-11T23:29:54.4061132Z ##[group]Run # https://rust-lang.zulipchat.com/#narrow/stream/246057-t-cargo/topic/timeout.20investigation
linux	Run dtolnay/rust-toolchain@stable	2026-09-11T23:29:54.4061957Z ^[[36;1m# https://rust-lang.zulipchat.com/#narrow/stream/246057-t-cargo/topic/timeout.20investigation^[[0m
linux	Run dtolnay/rust-toolchain@stable	2026-09-11T23:29:54.4062612Z ^[[36;1mif rustc +stable --version --verbose | grep -q '^release: 1\.7[01]\.'; then^[[0m
linux	Run dtolnay/rust-toolchain@stable	2026-09-11T23:29:54.4063087Z ^[[36;1m  echo CARGO_HTTP_MULTIPLEXING=false >> $GITHUB_ENV^[[0m
linux	Run dtolnay/rust-toolchain@stable	2026-09-11T23:29:54.4063741Z ^[[36;1mfi^[[0m
linux	Run dtolnay/rust-toolchain@stable	2026-09-11T23:29:54.4099668Z shell: /usr/bin/bash --noprofile --norc -e -o pipefail {0}
linux	Run dtolnay/rust-toolchain@stable	2026-09-11T23:29:54.4100030Z env:
linux	Run dtolnay/rust-toolchain@stable	2026-09-11T23:29:54.4100240Z   CARGO_TERM_COLOR: always
linux	Run dtolnay/rust-toolchain@stable	2026-09-11T23:29:54.4100477Z   SHELL: /bin/bash
linux	Run dtolnay/rust-toolchain@stable	2026-09-11T23:29:54.4100705Z   CARGO_HOME: /home/runner/.cargo
linux	Run dtolnay/rust-toolchain@stable	2026-09-11T23:29:54.4100982Z   CARGO_INCREMENTAL: 0
linux	Run dtolnay/rust-toolchain@stable	2026-09-11T23:29:54.4101204Z ##[endgroup]
linux	Run dtolnay/rust-toolchain@stable	2026-09-11T23:29:54.4311284Z ##[end-action id=__dtolnay_rust-toolchain.__run_9;outcome=success;conclusion=success;duration_ms=27]
linux	Run dtolnay/rust-toolchain@stable	2026-09-11T23:29:54.4316555Z ##[start-action display=rustc +stable --version --verbose;id=__dtolnay_rust-toolchain.__run_10]
linux	Run dtolnay/rust-toolchain@stable	2026-09-11T23:29:54.4344844Z ##[group]Run rustc +stable --version --verbose
linux	Run dtolnay/rust-toolchain@stable	2026-09-11T23:29:54.4345227Z ^[[36;1mrustc +stable --version --verbose^[[0m
linux	Run dtolnay/rust-toolchain@stable	2026-09-11T23:29:54.4380854Z shell: /usr/bin/bash --noprofile --norc -e -o pipefail {0}
linux	Run dtolnay/rust-toolchain@stable	2026-09-11T23:29:54.4381217Z env:
linux	Run dtolnay/rust-toolchain@stable	2026-09-11T23:29:54.4381422Z   CARGO_TERM_COLOR: always
linux	Run dtolnay/rust-toolchain@stable	2026-09-11T23:29:54.4381654Z   SHELL: /bin/bash
linux	Run dtolnay/rust-toolchain@stable	2026-09-11T23:29:54.4381879Z   CARGO_HOME: /home/runner/.cargo
linux	Run dtolnay/rust-toolchain@stable	2026-09-11T23:29:54.4382137Z   CARGO_INCREMENTAL: 0
linux	Run dtolnay/rust-toolchain@stable	2026-09-11T23:29:54.4382363Z ##[endgroup]
linux	Run dtolnay/rust-toolchain@stable	2026-09-11T23:29:54.4564699Z rustc 1.98.1 (48a229cea 2026-09-01)
linux	Run dtolnay/rust-toolchain@stable	2026-09-11T23:29:54.4565667Z binary: rustc
linux	Run dtolnay/rust-toolchain@stable	2026-09-11T23:29:54.4568436Z commit-hash: 48a229ceaefd4985c50990b14116b6d856af0985
linux	Run dtolnay/rust-toolchain@stable	2026-09-11T23:29:54.4569060Z commit-date: 2026-09-01
linux	Run dtolnay/rust-toolchain@stable	2026-09-11T23:29:54.4569493Z host: x86_64-unknown-linux-gnu
linux	Run dtolnay/rust-toolchain@stable	2026-09-11T23:29:54.4570293Z release: 1.98.1
linux	Run dtolnay/rust-toolchain@stable	2026-09-11T23:29:54.4570698Z LLVM version: 22.1.8
linux	Run dtolnay/rust-toolchain@stable	2026-09-11T23:29:54.4582400Z ##[end-action id=__dtolnay_rust-toolchain.__run_10;outcome=success;conclusion=success;duration_ms=26]
linux	Run Swatinem/rust-cache@v2	﻿2026-09-11T23:29:54.4705506Z ##[group]Run Swatinem/rust-cache@v2
linux	Run Swatinem/rust-cache@v2	2026-09-11T23:29:54.4705843Z with:
linux	Run Swatinem/rust-cache@v2	2026-09-11T23:29:54.4706063Z   shared-key: linux-headless
linux	Run Swatinem/rust-cache@v2	2026-09-11T23:29:54.4706326Z   cache-on-failure: true
linux	Run Swatinem/rust-cache@v2	2026-09-11T23:29:54.4706566Z   prefix-key: v0-rust
linux	Run Swatinem/rust-cache@v2	2026-09-11T23:29:54.4706792Z   add-job-id-key: true
linux	Run Swatinem/rust-cache@v2	2026-09-11T23:29:54.4707036Z   add-rust-environment-hash-key: true
linux	Run Swatinem/rust-cache@v2	2026-09-11T23:29:54.4707317Z   cache-targets: true
linux	Run Swatinem/rust-cache@v2	2026-09-11T23:29:54.4707547Z   cache-all-crates: false
linux	Run Swatinem/rust-cache@v2	2026-09-11T23:29:54.4707802Z   cache-workspace-crates: false
linux	Run Swatinem/rust-cache@v2	2026-09-11T23:29:54.4708061Z   save-if: true
linux	Run Swatinem/rust-cache@v2	2026-09-11T23:29:54.4708275Z   cache-provider: github
linux	Run Swatinem/rust-cache@v2	2026-09-11T23:29:54.4708506Z   cache-bin: true
linux	Run Swatinem/rust-cache@v2	2026-09-11T23:29:54.4708723Z   lookup-only: false
linux	Run Swatinem/rust-cache@v2	2026-09-11T23:29:54.4708944Z   cmd-format: {0}
linux	Run Swatinem/rust-cache@v2	2026-09-11T23:29:54.4709145Z env:
linux	Run Swatinem/rust-cache@v2	2026-09-11T23:29:54.4709365Z   CARGO_TERM_COLOR: always
linux	Run Swatinem/rust-cache@v2	2026-09-11T23:29:54.4709598Z   SHELL: /bin/bash
linux	Run Swatinem/rust-cache@v2	2026-09-11T23:29:54.4709817Z   CARGO_HOME: /home/runner/.cargo
linux	Run Swatinem/rust-cache@v2	2026-09-11T23:29:54.4710069Z   CARGO_INCREMENTAL: 0
linux	Run Swatinem/rust-cache@v2	2026-09-11T23:29:54.4710353Z ##[endgroup]
linux	Run Swatinem/rust-cache@v2	2026-09-11T23:29:56.5695317Z ##[group]Cache Configuration
linux	Run Swatinem/rust-cache@v2	2026-09-11T23:29:56.5714416Z Cache Provider:
linux	Run Swatinem/rust-cache@v2	2026-09-11T23:29:56.5720509Z     github
linux	Run Swatinem/rust-cache@v2	2026-09-11T23:29:56.5744004Z Workspaces:
linux	Run Swatinem/rust-cache@v2	2026-09-11T23:29:56.5744827Z     /home/runner/work/ovrcr/ovrcr
linux	Run Swatinem/rust-cache@v2	2026-09-11T23:29:56.5745426Z Cache Paths:
linux	Run Swatinem/rust-cache@v2	2026-09-11T23:29:56.5745916Z     /home/runner/.cargo/bin
linux	Run Swatinem/rust-cache@v2	2026-09-11T23:29:56.5746496Z     /home/runner/.cargo/.crates.toml
linux	Run Swatinem/rust-cache@v2	2026-09-11T23:29:56.5747112Z     /home/runner/.cargo/.crates2.json
linux	Run Swatinem/rust-cache@v2	2026-09-11T23:29:56.5747714Z     /home/runner/.cargo/registry
linux	Run Swatinem/rust-cache@v2	2026-09-11T23:29:56.5748280Z     /home/runner/.cargo/git
linux	Run Swatinem/rust-cache@v2	2026-09-11T23:29:56.5748851Z     /home/runner/work/ovrcr/ovrcr/target
linux	Run Swatinem/rust-cache@v2	2026-09-11T23:29:56.5749440Z Restore Key:
linux	Run Swatinem/rust-cache@v2	2026-09-11T23:29:56.5749971Z     v0-rust-linux-headless-Linux-x64-6ff13d87
linux	Run Swatinem/rust-cache@v2	2026-09-11T23:29:56.5750743Z Cache Key:
linux	Run Swatinem/rust-cache@v2	2026-09-11T23:29:56.5751687Z     v0-rust-linux-headless-Linux-x64-6ff13d87-7a5a2c39
linux	Run Swatinem/rust-cache@v2	2026-09-11T23:29:56.5752451Z .. Prefix:
linux	Run Swatinem/rust-cache@v2	2026-09-11T23:29:56.5752978Z   - v0-rust-linux-headless-Linux-x64
linux	Run Swatinem/rust-cache@v2	2026-09-11T23:29:56.5754246Z .. Environment considered:
linux	Run Swatinem/rust-cache@v2	2026-09-11T23:29:56.5754843Z   - Rust Versions:
linux	Run Swatinem/rust-cache@v2	2026-09-11T23:29:56.5755581Z     - 1.98.1 x86_64-unknown-linux-gnu 48a229ceaefd4985c50990b14116b6d856af0985
linux	Run Swatinem/rust-cache@v2	2026-09-11T23:29:56.5756461Z   - CARGO_HOME
linux	Run Swatinem/rust-cache@v2	2026-09-11T23:29:56.5757014Z   - CARGO_INCREMENTAL
linux	Run Swatinem/rust-cache@v2	2026-09-11T23:29:56.5757584Z   - CARGO_TERM_COLOR
linux	Run Swatinem/rust-cache@v2	2026-09-11T23:29:56.5758116Z .. Lockfiles considered:
linux	Run Swatinem/rust-cache@v2	2026-09-11T23:29:56.5758717Z   - /home/runner/work/ovrcr/ovrcr/Cargo.lock
linux	Run Swatinem/rust-cache@v2	2026-09-11T23:29:56.5759416Z   - /home/runner/work/ovrcr/ovrcr/Cargo.toml
linux	Run Swatinem/rust-cache@v2	2026-09-11T23:29:56.5760234Z   - /home/runner/work/ovrcr/ovrcr/crates/ovrcr-protocol/Cargo.toml
linux	Run Swatinem/rust-cache@v2	2026-09-11T23:29:56.5761187Z   - /home/runner/work/ovrcr/ovrcr/crates/ovrcr-runtime/Cargo.toml
linux	Run Swatinem/rust-cache@v2	2026-09-11T23:29:56.5762212Z   - /home/runner/work/ovrcr/ovrcr/crates/ovrcr-terminal/Cargo.toml
linux	Run Swatinem/rust-cache@v2	2026-09-11T23:29:56.5783972Z   - /home/runner/work/ovrcr/ovrcr/crates/ovrcr-tui/Cargo.toml
linux	Run Swatinem/rust-cache@v2	2026-09-11T23:29:56.5785107Z ##[endgroup]
linux	Run Swatinem/rust-cache@v2	2026-09-11T23:29:56.5786796Z 
linux	Run Swatinem/rust-cache@v2	2026-09-11T23:29:56.5787204Z ... Restoring cache ...
linux	Run Swatinem/rust-cache@v2	2026-09-11T23:29:56.8234036Z Cache hit for: v0-rust-linux-headless-Linux-x64-6ff13d87-7a5a2c39
linux	Run Swatinem/rust-cache@v2	2026-09-11T23:29:58.0888138Z Received 0 of 265162162 (0.0%), 0.0 MBs/sec
linux	Run Swatinem/rust-cache@v2	2026-09-11T23:29:59.0904417Z Received 121634816 of 265162162 (45.9%), 57.9 MBs/sec
linux	Run Swatinem/rust-cache@v2	2026-09-11T23:30:00.0944347Z Received 252579250 of 265162162 (95.3%), 80.2 MBs/sec
linux	Run Swatinem/rust-cache@v2	2026-09-11T23:30:00.1892931Z Received 265162162 of 265162162 (100.0%), 81.5 MBs/sec
linux	Run Swatinem/rust-cache@v2	2026-09-11T23:30:00.1895425Z Cache Size: ~253 MB (265162162 B)
linux	Run Swatinem/rust-cache@v2	2026-09-11T23:30:00.1964814Z [command]/usr/bin/tar -xf /home/runner/work/_temp/2fdeb437-5a3d-449f-8d1c-4d13185e5814/cache.tzst -P -C /home/runner/work/ovrcr/ovrcr --use-compress-program unzstd
linux	Run Swatinem/rust-cache@v2	2026-09-11T23:30:03.1744739Z Cache restored successfully
linux	Run Swatinem/rust-cache@v2	2026-09-11T23:30:03.1864780Z Restored from cache key "v0-rust-linux-headless-Linux-x64-6ff13d87-7a5a2c39" full match: true.
linux	Install shell test dependency	﻿2026-09-11T23:30:03.2031809Z ##[group]Run sudo apt-get update && sudo apt-get install -y zsh
linux	Install shell test dependency	2026-09-11T23:30:03.2032315Z ^[[36;1msudo apt-get update && sudo apt-get install -y zsh^[[0m
linux	Install shell test dependency	2026-09-11T23:30:03.2069462Z shell: /usr/bin/bash -e {0}
linux	Install shell test dependency	2026-09-11T23:30:03.2069739Z env:
linux	Install shell test dependency	2026-09-11T23:30:03.2069954Z   CARGO_TERM_COLOR: always
linux	Install shell test dependency	2026-09-11T23:30:03.2070220Z   SHELL: /bin/bash
linux	Install shell test dependency	2026-09-11T23:30:03.2070460Z   CARGO_HOME: /home/runner/.cargo
linux	Install shell test dependency	2026-09-11T23:30:03.2070739Z   CARGO_INCREMENTAL: 0
linux	Install shell test dependency	2026-09-11T23:30:03.2070973Z   CACHE_ON_FAILURE: true
linux	Install shell test dependency	2026-09-11T23:30:03.2071206Z ##[endgroup]
linux	Install shell test dependency	2026-09-11T23:30:04.8045403Z Get:1 file:/etc/apt/apt-mirrors.txt Mirrorlist [144 B]
linux	Install shell test dependency	2026-09-11T23:30:04.9067358Z Hit:2 http://azure.archive.ubuntu.com/ubuntu noble InRelease
linux	Install shell test dependency	2026-09-11T23:30:04.9068374Z Get:6 https://packages.microsoft.com/ubuntu/24.04/prod noble InRelease [3600 B]
linux	Install shell test dependency	2026-09-11T23:30:04.9979377Z Get:3 http://azure.archive.ubuntu.com/ubuntu noble-updates InRelease [126 kB]
linux	Install shell test dependency	2026-09-11T23:30:05.1026403Z Get:4 http://azure.archive.ubuntu.com/ubuntu noble-backports InRelease [126 kB]
linux	Install shell test dependency	2026-09-11T23:30:05.1501899Z Get:7 https://dl.google.com/linux/chrome-stable/deb stable InRelease [2548 B]
linux	Install shell test dependency	2026-09-11T23:30:05.1944438Z Get:5 http://azure.archive.ubuntu.com/ubuntu noble-security InRelease [126 kB]
linux	Install shell test dependency	2026-09-11T23:30:06.0293890Z Get:8 https://packages.microsoft.com/ubuntu/24.04/prod noble/main amd64 Packages [463 kB]
linux	Install shell test dependency	2026-09-11T23:30:06.0616199Z Get:9 https://packages.microsoft.com/ubuntu/24.04/prod noble/main arm64 Packages [414 kB]
linux	Install shell test dependency	2026-09-11T23:30:06.1516506Z Get:10 http://azure.archive.ubuntu.com/ubuntu noble-updates/main amd64 Packages [1263 kB]
linux	Install shell test dependency	2026-09-11T23:30:06.1517721Z Get:11 http://azure.archive.ubuntu.com/ubuntu noble-updates/main Translation-en [292 kB]
linux	Install shell test dependency	2026-09-11T23:30:06.1534008Z Get:12 http://azure.archive.ubuntu.com/ubuntu noble-updates/main amd64 Components [180 kB]
linux	Install shell test dependency	2026-09-11T23:30:06.1535280Z Get:13 http://azure.archive.ubuntu.com/ubuntu noble-updates/universe amd64 Packages [1690 kB]
linux	Install shell test dependency	2026-09-11T23:30:06.1915638Z Get:14 http://azure.archive.ubuntu.com/ubuntu noble-updates/universe amd64 Components [387 kB]
linux	Install shell test dependency	2026-09-11T23:30:06.1920383Z Get:15 http://azure.archive.ubuntu.com/ubuntu noble-updates/restricted amd64 Packages [1544 kB]
linux	Install shell test dependency	2026-09-11T23:30:06.1922326Z Get:16 http://azure.archive.ubuntu.com/ubuntu noble-updates/restricted Translation-en [354 kB]
linux	Install shell test dependency	2026-09-11T23:30:06.1924107Z Get:17 http://azure.archive.ubuntu.com/ubuntu noble-updates/multiverse amd64 Components [940 B]
linux	Install shell test dependency	2026-09-11T23:30:06.1958334Z Get:18 http://azure.archive.ubuntu.com/ubuntu noble-backports/main amd64 Components [5748 B]
linux	Install shell test dependency	2026-09-11T23:30:06.1961424Z Get:19 http://azure.archive.ubuntu.com/ubuntu noble-backports/universe amd64 Components [12.6 kB]
linux	Install shell test dependency	2026-09-11T23:30:06.3176128Z Get:20 https://dl.google.com/linux/chrome-stable/deb stable/main amd64 Packages [1413 B]
linux	Install shell test dependency	2026-09-11T23:30:06.3830770Z Get:21 http://azure.archive.ubuntu.com/ubuntu noble-security/main amd64 Packages [1006 kB]
linux	Install shell test dependency	2026-09-11T23:30:06.3849373Z Get:22 http://azure.archive.ubuntu.com/ubuntu noble-security/main Translation-en [213 kB]
linux	Install shell test dependency	2026-09-11T23:30:06.3860203Z Get:23 http://azure.archive.ubuntu.com/ubuntu noble-security/main amd64 Components [46.5 kB]
linux	Install shell test dependency	2026-09-11T23:30:06.3926215Z Get:24 http://azure.archive.ubuntu.com/ubuntu noble-security/universe amd64 Packages [1206 kB]
linux	Install shell test dependency	2026-09-11T23:30:06.3937554Z Get:25 http://azure.archive.ubuntu.com/ubuntu noble-security/universe amd64 Components [76.3 kB]
linux	Install shell test dependency	2026-09-11T23:30:06.3964666Z Get:26 http://azure.archive.ubuntu.com/ubuntu noble-security/restricted amd64 Packages [1445 kB]
linux	Install shell test dependency	2026-09-11T23:30:06.4033683Z Get:27 http://azure.archive.ubuntu.com/ubuntu noble-security/restricted Translation-en [336 kB]
linux	Install shell test dependency	2026-09-11T23:30:10.6142256Z Fetched 11.3 MB in 3s (4116 kB/s)
linux	Install shell test dependency	2026-09-11T23:30:11.4716459Z Reading package lists...
linux	Install shell test dependency	2026-09-11T23:30:11.6564777Z Reading package lists...
linux	Install shell test dependency	2026-09-11T23:30:11.8468928Z Building dependency tree...
linux	Install shell test dependency	2026-09-11T23:30:11.8478051Z Reading state information...
linux	Install shell test dependency	2026-09-11T23:30:12.0006042Z The following additional packages will be installed:
linux	Install shell test dependency	2026-09-11T23:30:12.0008048Z   zsh-common
linux	Install shell test dependency	2026-09-11T23:30:12.0011965Z Suggested packages:
linux	Install shell test dependency	2026-09-11T23:30:12.0012507Z   zsh-doc
linux	Install shell test dependency	2026-09-11T23:30:12.0208112Z The following NEW packages will be installed:
linux	Install shell test dependency	2026-09-11T23:30:12.0209335Z   zsh zsh-common
linux	Install shell test dependency	2026-09-11T23:30:12.0393060Z 0 upgraded, 2 newly installed, 0 to remove and 50 not upgraded.
linux	Install shell test dependency	2026-09-11T23:30:12.0394423Z Need to get 4985 kB of archives.
linux	Install shell test dependency	2026-09-11T23:30:12.0395372Z After this operation, 19.1 MB of additional disk space will be used.
linux	Install shell test dependency	2026-09-11T23:30:12.0396423Z Get:1 file:/etc/apt/apt-mirrors.txt Mirrorlist [144 B]
linux	Install shell test dependency	2026-09-11T23:30:12.1249112Z Get:2 http://azure.archive.ubuntu.com/ubuntu noble/main amd64 zsh-common all 5.9-6ubuntu2 [4173 kB]
linux	Install shell test dependency	2026-09-11T23:30:12.2643132Z Get:3 http://azure.archive.ubuntu.com/ubuntu noble/main amd64 zsh amd64 5.9-6ubuntu2 [812 kB]
linux	Install shell test dependency	2026-09-11T23:30:12.6491008Z Fetched 4985 kB in 0s (19.3 MB/s)
linux	Install shell test dependency	2026-09-11T23:30:12.6842101Z Selecting previously unselected package zsh-common.
linux	Install shell test dependency	2026-09-11T23:30:12.7227862Z (Reading database ... 
linux	Install shell test dependency	2026-09-11T23:30:12.7232726Z (Reading database ... 5%
linux	Install shell test dependency	2026-09-11T23:30:12.7233689Z (Reading database ... 10%
linux	Install shell test dependency	2026-09-11T23:30:12.7234386Z (Reading database ... 15%
linux	Install shell test dependency	2026-09-11T23:30:12.7235022Z (Reading database ... 20%
linux	Install shell test dependency	2026-09-11T23:30:12.7235624Z (Reading database ... 25%
linux	Install shell test dependency	2026-09-11T23:30:12.7236247Z (Reading database ... 30%
linux	Install shell test dependency	2026-09-11T23:30:12.7238745Z (Reading database ... 35%
linux	Install shell test dependency	2026-09-11T23:30:12.7239365Z (Reading database ... 40%
linux	Install shell test dependency	2026-09-11T23:30:12.7239974Z (Reading database ... 45%
linux	Install shell test dependency	2026-09-11T23:30:12.7240578Z (Reading database ... 50%
linux	Install shell test dependency	2026-09-11T23:30:12.7293702Z (Reading database ... 55%
linux	Install shell test dependency	2026-09-11T23:30:12.8639004Z (Reading database ... 60%
linux	Install shell test dependency	2026-09-11T23:30:13.0544512Z (Reading database ... 65%
linux	Install shell test dependency	2026-09-11T23:30:13.2103448Z (Reading database ... 70%
linux	Install shell test dependency	2026-09-11T23:30:13.4002420Z (Reading database ... 75%
linux	Install shell test dependency	2026-09-11T23:30:13.5658393Z (Reading database ... 80%
linux	Install shell test dependency	2026-09-11T23:30:13.7914832Z (Reading database ... 85%
linux	Install shell test dependency	2026-09-11T23:30:13.9968621Z (Reading database ... 90%
linux	Install shell test dependency	2026-09-11T23:30:14.1535612Z (Reading database ... 95%
linux	Install shell test dependency	2026-09-11T23:30:14.1536597Z (Reading database ... 100%
linux	Install shell test dependency	2026-09-11T23:30:14.1537436Z (Reading database ... 201818 files and directories currently installed.)
linux	Install shell test dependency	2026-09-11T23:30:14.1582769Z Preparing to unpack .../zsh-common_5.9-6ubuntu2_all.deb ...
linux	Install shell test dependency	2026-09-11T23:30:14.1681244Z Unpacking zsh-common (5.9-6ubuntu2) ...
linux	Install shell test dependency	2026-09-11T23:30:14.5096988Z Selecting previously unselected package zsh.
linux	Install shell test dependency	2026-09-11T23:30:14.5228532Z Preparing to unpack .../zsh_5.9-6ubuntu2_amd64.deb ...
linux	Install shell test dependency	2026-09-11T23:30:14.5306742Z Unpacking zsh (5.9-6ubuntu2) ...
linux	Install shell test dependency	2026-09-11T23:30:14.5930631Z Setting up zsh-common (5.9-6ubuntu2) ...
linux	Install shell test dependency	2026-09-11T23:30:14.6154995Z Setting up zsh (5.9-6ubuntu2) ...
linux	Install shell test dependency	2026-09-11T23:30:14.6278499Z Processing triggers for debianutils (5.17build1) ...
linux	Install shell test dependency	2026-09-11T23:30:14.8107933Z Processing triggers for man-db (2.12.0-4build2) ...
linux	Install shell test dependency	2026-09-11T23:30:14.8136562Z Not building database; man-db/auto-update is not 'true'.
linux	Install shell test dependency	2026-09-11T23:30:15.4852032Z 
linux	Install shell test dependency	2026-09-11T23:30:15.4855188Z Running kernel seems to be up-to-date.
linux	Install shell test dependency	2026-09-11T23:30:15.4855668Z 
linux	Install shell test dependency	2026-09-11T23:30:15.4855847Z No services need to be restarted.
linux	Install shell test dependency	2026-09-11T23:30:15.4856153Z 
linux	Install shell test dependency	2026-09-11T23:30:15.4856330Z No containers need to be restarted.
linux	Install shell test dependency	2026-09-11T23:30:15.4856635Z 
linux	Install shell test dependency	2026-09-11T23:30:15.4856838Z No user sessions are running outdated binaries.
linux	Install shell test dependency	2026-09-11T23:30:15.4857194Z 
linux	Install shell test dependency	2026-09-11T23:30:15.4857519Z No VM guests are running outdated hypervisor (qemu) binaries on this host.
linux	Configure fixture Git identity	﻿2026-09-11T23:30:16.4971537Z ##[group]Run git config --global user.name "OVRCR CI"
linux	Configure fixture Git identity	2026-09-11T23:30:16.4972243Z ^[[36;1mgit config --global user.name "OVRCR CI"^[[0m
linux	Configure fixture Git identity	2026-09-11T23:30:16.4972881Z ^[[36;1mgit config --global user.email "ci@ovrcr.invalid"^[[0m
linux	Configure fixture Git identity	2026-09-11T23:30:16.5020640Z shell: /usr/bin/bash -e {0}
linux	Configure fixture Git identity	2026-09-11T23:30:16.5021075Z env:
linux	Configure fixture Git identity	2026-09-11T23:30:16.5021410Z   CARGO_TERM_COLOR: always
linux	Configure fixture Git identity	2026-09-11T23:30:16.5022022Z   SHELL: /bin/bash
linux	Configure fixture Git identity	2026-09-11T23:30:16.5022396Z   CARGO_HOME: /home/runner/.cargo
linux	Configure fixture Git identity	2026-09-11T23:30:16.5022845Z   CARGO_INCREMENTAL: 0
linux	Configure fixture Git identity	2026-09-11T23:30:16.5023594Z   CACHE_ON_FAILURE: true
linux	Configure fixture Git identity	2026-09-11T23:30:16.5024002Z ##[endgroup]
linux	Format	﻿2026-09-11T23:30:16.5184331Z ##[group]Run cargo fmt --all -- --check
linux	Format	2026-09-11T23:30:16.5184923Z ^[[36;1mcargo fmt --all -- --check^[[0m
linux	Format	2026-09-11T23:30:16.5231142Z shell: /usr/bin/bash -e {0}
linux	Format	2026-09-11T23:30:16.5231625Z env:
linux	Format	2026-09-11T23:30:16.5231965Z   CARGO_TERM_COLOR: always
linux	Format	2026-09-11T23:30:16.5232365Z   SHELL: /bin/bash
linux	Format	2026-09-11T23:30:16.5232741Z   CARGO_HOME: /home/runner/.cargo
linux	Format	2026-09-11T23:30:16.5233182Z   CARGO_INCREMENTAL: 0
linux	Format	2026-09-11T23:30:16.5233807Z   CACHE_ON_FAILURE: true
linux	Format	2026-09-11T23:30:16.5234208Z ##[endgroup]
linux	Lint	﻿2026-09-11T23:30:21.0062983Z ##[group]Run cargo clippy --workspace --all-targets -- -D warnings
linux	Lint	2026-09-11T23:30:21.0064615Z ^[[36;1mcargo clippy --workspace --all-targets -- -D warnings^[[0m
linux	Lint	2026-09-11T23:30:21.0101722Z shell: /usr/bin/bash -e {0}
linux	Lint	2026-09-11T23:30:21.0102016Z env:
linux	Lint	2026-09-11T23:30:21.0102236Z   CARGO_TERM_COLOR: always
linux	Lint	2026-09-11T23:30:21.0102489Z   SHELL: /bin/bash
linux	Lint	2026-09-11T23:30:21.0102723Z   CARGO_HOME: /home/runner/.cargo
linux	Lint	2026-09-11T23:30:21.0102987Z   CARGO_INCREMENTAL: 0
linux	Lint	2026-09-11T23:30:21.0103473Z   CACHE_ON_FAILURE: true
linux	Lint	2026-09-11T23:30:21.0103720Z ##[endgroup]
linux	Lint	2026-09-11T23:30:22.3580298Z ^[[1m^[[92m    Updating^[[0m crates.io index
linux	Lint	2026-09-11T23:30:23.5504486Z ^[[1m^[[92m    Checking^[[0m ovrcr-protocol v0.1.0 (/home/runner/work/ovrcr/ovrcr/crates/ovrcr-protocol)
linux	Lint	2026-09-11T23:30:38.7330531Z ^[[1m^[[92m    Checking^[[0m ovrcr-terminal v0.1.0 (/home/runner/work/ovrcr/ovrcr/crates/ovrcr-terminal)
linux	Lint	2026-09-11T23:30:38.8604145Z ^[[1m^[[92m    Checking^[[0m ovrcr-runtime v0.1.0 (/home/runner/work/ovrcr/ovrcr/crates/ovrcr-runtime)
linux	Lint	2026-09-11T23:30:38.8934972Z ^[[1m^[[92m    Checking^[[0m ovrcr-tui v0.1.0 (/home/runner/work/ovrcr/ovrcr/crates/ovrcr-tui)
linux	Lint	2026-09-11T23:30:40.5806308Z ^[[1m^[[92m    Checking^[[0m ovrcr v0.1.0 (/home/runner/work/ovrcr/ovrcr)
linux	Lint	2026-09-11T23:30:47.4237987Z ^[[1m^[[92m    Finished^[[0m `dev` profile [unoptimized + debuginfo] target(s) in 26.20s
linux	Test	﻿2026-09-11T23:30:47.4689425Z ##[group]Run cargo test --workspace --all-targets
linux	Test	2026-09-11T23:30:47.4690173Z ^[[36;1mcargo test --workspace --all-targets^[[0m
linux	Test	2026-09-11T23:30:47.4742495Z shell: /usr/bin/bash -e {0}
linux	Test	2026-09-11T23:30:47.4742967Z env:
linux	Test	2026-09-11T23:30:47.4743767Z   CARGO_TERM_COLOR: always
linux	Test	2026-09-11T23:30:47.4744239Z   SHELL: /bin/bash
linux	Test	2026-09-11T23:30:47.4744681Z   CARGO_HOME: /home/runner/.cargo
linux	Test	2026-09-11T23:30:47.4745160Z   CARGO_INCREMENTAL: 0
linux	Test	2026-09-11T23:30:47.4745584Z   CACHE_ON_FAILURE: true
linux	Test	2026-09-11T23:30:47.4771228Z ##[endgroup]
linux	Test	2026-09-11T23:30:47.7098181Z ^[[1m^[[92m   Compiling^[[0m ovrcr-protocol v0.1.0 (/home/runner/work/ovrcr/ovrcr/crates/ovrcr-protocol)
linux	Test	2026-09-11T23:30:51.6795170Z ^[[1m^[[92m   Compiling^[[0m ovrcr-terminal v0.1.0 (/home/runner/work/ovrcr/ovrcr/crates/ovrcr-terminal)
linux	Test	2026-09-11T23:30:51.8225572Z ^[[1m^[[92m   Compiling^[[0m ovrcr-runtime v0.1.0 (/home/runner/work/ovrcr/ovrcr/crates/ovrcr-runtime)
linux	Test	2026-09-11T23:30:57.5091604Z ^[[1m^[[92m   Compiling^[[0m ovrcr-tui v0.1.0 (/home/runner/work/ovrcr/ovrcr/crates/ovrcr-tui)
linux	Test	2026-09-11T23:31:04.2595063Z ^[[1m^[[92m   Compiling^[[0m ovrcr v0.1.0 (/home/runner/work/ovrcr/ovrcr)
linux	Test	2026-09-11T23:31:31.0301748Z ^[[1m^[[92m    Finished^[[0m `test` profile [unoptimized + debuginfo] target(s) in 43.53s
linux	Test	2026-09-11T23:31:31.0487769Z ^[[1m^[[92m     Running^[[0m unittests src/lib.rs (target/debug/deps/ovrcr-70cf3583a95c4144)
linux	Test	2026-09-11T23:31:31.0501776Z 
linux	Test	2026-09-11T23:31:31.0504415Z running 30 tests
linux	Test	2026-09-11T23:31:31.0530521Z test report::admission::tests::collector_process_loss_automatically_publishes_unavailable_health ... ok
linux	Test	2026-09-11T23:31:31.0532167Z test report::admission::tests::initial_admission_argv_accepts_only_certified_explicit_uuid_resume ... ok
linux	Test	2026-09-11T23:31:31.0534353Z test report::admission::tests::initial_admission_argv_grammar_is_conservative_and_value_aware ... ok
linux	Test	2026-09-11T23:31:31.0850862Z test report::admission::tests::initial_admission_lost_bind_reply_uses_original_operation_status ... ok
linux	Test	2026-09-11T23:31:31.1385376Z test report::admission::tests::initial_admission_probe_cleans_descendants_after_leader_exit ... ok
linux	Test	2026-09-11T23:31:31.1687088Z test report::admission::tests::initial_resume_failed_bind_status_closes_without_rebinding ... ok
linux	Test	2026-09-11T23:31:31.2004067Z test report::admission::tests::initial_resume_lost_bind_reply_uses_original_operation_status ... ok
linux	Test	2026-09-11T23:31:31.2009580Z test report::admission::tests::initial_resume_rejects_wrong_child_missing_source_and_end_without_binding ... ok
linux	Test	2026-09-11T23:31:31.2223842Z POST_EXIT_DRAIN_NATIVE_OUTPUT
linux	Test	2026-09-11T23:31:31.2557062Z test report::admission::tests::native_completion_drains_past_pending_pre_exit_eof ... ok
linux	Test	2026-09-11T23:31:31.2562127Z test report::claude::tests::claude_identity_is_typed_and_never_inferred_from_agent_type ... ok
linux	Test	2026-09-11T23:31:31.2569072Z test report::claude::tests::claude_native_permission_notification_correlates_to_prompt ... ok
linux	Test	2026-09-11T23:31:31.2572615Z test report::claude::tests::claude_protocol_ids_validate_before_receiver_mutation ... ok
linux	Test	2026-09-11T23:31:31.2574787Z test report::claude::tests::claude_unknown_and_uncertified_waits_do_not_map ... ok
linux	Test	2026-09-11T23:31:31.2576337Z test report::claude_metrics::tests::byte_cap_charges_keys_and_values_before_insertion ... ok
linux	Test	2026-09-11T23:31:31.2578028Z test report::claude_metrics::tests::capacity_freezes_prefix_including_later_oldest_replacements ... ok
linux	Test	2026-09-11T23:31:31.2581378Z test report::claude_metrics::tests::cost_rounds_original_decimal_ties_even_and_checks_overflow ... ok
linux	Test	2026-09-11T23:31:31.2583770Z test report::claude_metrics::tests::invalid_replacement_and_total_overflow_leave_snapshot_intact ... ok
linux	Test	2026-09-11T23:31:31.2585477Z test report::claude_metrics::tests::missing_usage_components_are_unknown_until_replaced ... ok
linux	Test	2026-09-11T23:31:31.8228880Z test report::claude_metrics::tests::production_identity_cap_preserves_oldest_and_freezes_at_cap_plus_one ... ok
linux	Test	2026-09-11T23:31:31.8270931Z test report::claude_metrics::tests::replacement_replay_and_distinct_requests_do_not_double_count ... ok
linux	Test	2026-09-11T23:31:31.8273871Z test report::claude_metrics::tests::statusline_context_and_exact_cost_preserve_unknowns ... ok
linux	Test	2026-09-11T23:31:31.8275703Z test report::claude_metrics::tests::statusline_rejects_child_malformed_identity_and_invalid_context ... ok
linux	Test	2026-09-11T23:31:31.8277418Z test report::claude_metrics::tests::unique_subset_compares_counted_unknowns_and_ignores_excluded_metadata ... ok
linux	Test	2026-09-11T23:31:31.8278934Z test report::codex::tests::codex_closed_turn_duplicate_is_checked_before_capacity ... ok
linux	Test	2026-09-11T23:31:32.0544291Z test report::admission::tests::blocked_version_probe_reaps_the_exact_group_within_budget ... ok
linux	Test	2026-09-11T23:31:32.1147800Z test report::codex::tests::codex_identity_byte_exhaustion_disables_instead_of_evicting ... ok
linux	Test	2026-09-11T23:31:32.1154565Z test report::tests::agent_hook_claude_ignores_nested_and_unknown_events ... ok
linux	Test	2026-09-11T23:31:32.1155625Z test report::tests::agent_hook_claude_maps_supported_events ... ok
linux	Test	2026-09-11T23:31:32.1156702Z test report::tests::agent_hook_claude_rejects_malformed_or_oversized_input ... ok
linux	Test	2026-09-11T23:31:32.2214848Z test report::codex::tests::codex_identity_count_exhaustion_disables_instead_of_evicting ... ok
linux	Test	2026-09-11T23:31:32.2215721Z 
linux	Test	2026-09-11T23:31:32.2216353Z test result: ok. 30 passed; 0 failed; 0 ignored; 0 measured; 0 filtered out; finished in 1.17s
linux	Test	2026-09-11T23:31:32.2217200Z 
linux	Test	2026-09-11T23:31:32.2224102Z ^[[1m^[[92m     Running^[[0m unittests src/main.rs (target/debug/deps/ovrcr-9c6ddde10d7a18ee)
linux	Test	2026-09-11T23:31:32.2236435Z 
linux	Test	2026-09-11T23:31:32.2236841Z running 1 test
linux	Test	2026-09-11T23:31:32.2240314Z test cli::codex_setup::tests::configuration_presence_requires_unfiltered_synchronous_exact_command ... ok
linux	Test	2026-09-11T23:31:32.2241299Z 
linux	Test	2026-09-11T23:31:32.2241966Z test result: ok. 1 passed; 0 failed; 0 ignored; 0 measured; 0 filtered out; finished in 0.00s
linux	Test	2026-09-11T23:31:32.2243682Z ^[[1m^[[92m     Running^[[0m tests/agent_setup.rs (target/debug/deps/agent_setup-44832c4c9645f7ec)
linux	Test	2026-09-11T23:31:32.2244740Z 
linux	Test	2026-09-11T23:31:32.2254356Z 
linux	Test	2026-09-11T23:31:32.2258834Z running 10 tests
linux	Test	2026-09-11T23:31:32.2517590Z test codex_doctor_checks_supplied_hooks_without_certifying_trust ... ok
linux	Test	2026-09-11T23:31:32.2961532Z test codex_doctor_defaults_dispatch_and_rejects_versions_without_server_or_secrets ... ok
linux	Test	2026-09-11T23:31:32.3559137Z test codex_setup_preserves_handlers_trust_and_quotes_noop_helper ... ok
linux	Test	2026-09-11T23:31:32.3910985Z test doctor_does_not_certify_filtered_hooks_wrong_types_or_statusline_suffixes ... ok
linux	Test	2026-09-11T23:31:32.3993162Z test doctor_inspects_unbound_and_unavailable_sessions_without_private_values ... ok
linux	Test	2026-09-11T23:31:36.6024398Z test doctor_interrupt_cleans_its_owned_version_probe_before_exit ... ok
linux	Test	2026-09-11T23:31:36.6182519Z test setup_migrates_only_exact_legacy_statusline_and_marks_hooks ... ok
linux	Test	2026-09-11T23:31:36.6915162Z test doctor_reports_partial_config_proof_missing_and_unsupported_versions_without_secrets ... ok
linux	Test	2026-09-11T23:31:36.7052709Z test setup_preserves_settings_and_external_renderer_bytes_once ... ok
linux	Test	2026-09-11T23:31:36.7507325Z test setup_quotes_actual_executable_path ... ok
linux	Test	2026-09-11T23:31:36.7511251Z 
linux	Test	2026-09-11T23:31:36.7512063Z test result: ok. 10 passed; 0 failed; 0 ignored; 0 measured; 0 filtered out; finished in 4.53s
linux	Test	2026-09-11T23:31:36.7512982Z 
linux	Test	2026-09-11T23:31:36.7526001Z ^[[1m^[[92m     Running^[[0m tests/claude_reporting.rs (target/debug/deps/claude_reporting-c587acefc7fc29a5)
linux	Test	2026-09-11T23:31:36.7553840Z 
linux	Test	2026-09-11T23:31:36.7574165Z running 15 tests
linux	Test	2026-09-11T23:31:36.7667740Z test collector_actual_helper_appends_partial_record_and_equal_replay ... ok
linux	Test	2026-09-11T23:31:36.7777651Z test collector_differing_duplicate_freezes_before_replacement ... ok
linux	Test	2026-09-11T23:31:36.7838848Z test collector_cancel_reaps_an_exited_group_before_confirming_absence ... ok
linux	Test	2026-09-11T23:31:36.7874318Z test collector_drop_is_bounded_for_a_stalled_helper ... ok
linux	Test	2026-09-11T23:31:36.7985155Z test collector_expired_deadline_transfers_reaping_ownership ... ok
linux	Test	2026-09-11T23:31:36.8003691Z test collector_launch_clears_inherited_environment ... ok
linux	Test	2026-09-11T23:31:36.8024480Z test collector_foreign_usage_and_nonregular_source_fail_without_content_leaks ... ok
linux	Test	2026-09-11T23:31:36.8154807Z test collector_missing_file_retries_same_path_and_truncation_preserves_watermark ... ok
linux	Test	2026-09-11T23:31:40.7462180Z test collector_production_byte_cap_freezes_before_identity_cap ... ok
linux	Test	2026-09-11T23:31:41.3165278Z test collector_raw_record_limit_preserves_prefix ... ok
linux	Test	2026-09-11T23:31:41.3447697Z test collector_reads_only_one_chunk_and_excludes_sidechains ... ok
linux	Test	2026-09-11T23:31:41.3547129Z test collector_rejects_oversized_configuration_before_spawn ... ok
linux	Test	2026-09-11T23:31:41.3804286Z test collector_replacement_does_not_publish_a_smaller_prefix ... ok
linux	Test	2026-09-11T23:31:41.3924406Z test collector_stalled_helper_is_nonblocking_and_owned_group_cleanup_is_bounded ... ok
linux	Test	2026-09-11T23:31:41.6429269Z test collector_production_identity_cap_freezes_later_unique_usage ... ok
linux	Test	2026-09-11T23:31:41.6434127Z 
linux	Test	2026-09-11T23:31:41.6455230Z ^[[1m^[[92m     Running^[[0m tests/claude_reporting_load.rs (target/debug/deps/claude_reporting_load-ca4e26ad83ff9871)
linux	Test	2026-09-11T23:31:41.6456467Z test result: ok. 15 passed; 0 failed; 0 ignored; 0 measured; 0 filtered out; finished in 4.89s
linux	Test	2026-09-11T23:31:41.6470137Z 
linux	Test	2026-09-11T23:31:41.6489790Z ^[[1m^[[92m     Running^[[0m tests/cli.rs (target/debug/deps/cli-f2130c8a7fe502b1)
linux	Test	2026-09-11T23:31:41.6490364Z 
linux	Test	2026-09-11T23:31:41.6504946Z running 2 tests
linux	Test	2026-09-11T23:31:41.6544609Z test fifty_collector_raw_index_and_sequential_json_high_water ... ignored, isolated Linux runner only: 50 collectors at raw/index limits
linux	Test	2026-09-11T23:31:41.6546759Z test fifty_session_reporting_capacity ... ignored, 50 real PTYs/helpers, production indices, 60 seconds; run explicitly alone
linux	Test	2026-09-11T23:31:41.6580334Z 
linux	Test	2026-09-11T23:31:41.6581124Z test result: ok. 0 passed; 0 failed; 2 ignored; 0 measured; 0 filtered out; finished in 0.00s
linux	Test	2026-09-11T23:31:41.6582619Z 
linux	Test	2026-09-11T23:31:41.6582931Z 
linux	Test	2026-09-11T23:31:41.6583880Z running 32 tests
linux	Test	2026-09-11T23:31:42.3918015Z test agent_hook_cli_reaches_managed_session ... ok
linux	Test	2026-09-11T23:31:42.3955414Z test agent_hook_cli_requires_identity_without_starting_server ... ok
linux	Test	2026-09-11T23:31:42.6632379Z test agent_hook_cli_deadline_spans_stdin_and_dripped_response ... ok
linux	Test	2026-09-11T23:31:42.6893656Z test agent_run_preserves_native_argv_stdio_and_exit_without_server ... ok
linux	Test	2026-09-11T23:31:42.7052912Z test agent_run_private_channel_failure_runs_native_without_inherited_reporting ... ok
linux	Test	2026-09-11T23:31:42.7675335Z test agent_run_unavailable_server_passes_native_help_version_and_signal_exit ... ok
linux	Test	2026-09-11T23:31:42.7843130Z test claude_doctor_reports_exact_version_and_version_specific_resume_forms ... ok
linux	Test	2026-09-11T23:31:44.8009490Z test claude_statusline_preserves_decimal_and_renders_after_reporting_timeout ... ok
linux	Test	2026-09-11T23:31:44.8208171Z test claude_statusline_renderer_receives_original_input_once_even_if_invalid ... ok
linux	Test	2026-09-11T23:31:44.8267659Z test claude_statusline_renders_default_without_reporting_server ... ok
linux	Test	2026-09-11T23:31:44.8340253Z test codex_setup_and_doctor_help_expose_provider_dispatch ... ok
linux	Test	2026-09-11T23:31:45.4108685Z test agent_hook_cli_timeout_is_bounded ... ok
linux	Test	2026-09-11T23:31:45.5718766Z test context_helper_invalid_input_has_no_effect ... ok
linux	Test	2026-09-11T23:31:46.3029031Z test context_helper_reports_from_managed_pty ... ok
linux	Test	2026-09-11T23:31:46.3066354Z test context_inspect_missing_session_fails ... ok
linux	Test	2026-09-11T23:31:46.4201282Z test context_helper_missing_server_does_not_start_one ... ok
linux	Test	2026-09-11T23:31:46.4258767Z test malformed_offline_registry_is_reported_without_replacing_it ... ok
linux	Test	2026-09-11T23:31:46.4405480Z test max_lines_must_be_positive_and_legacy_offline_json_is_valid ... ok
linux	Test	2026-09-11T23:31:46.4738262Z test mutations_do_not_start_a_server ... ok
linux	Test	2026-09-11T23:31:46.4774180Z test new_and_existing_branch_flags_are_exclusive ... ok
linux	Test	2026-09-11T23:31:46.5049461Z test offline_json_commands_keep_errors_structured_and_do_not_start_server ... ok
linux	Test	2026-09-11T23:31:46.5083630Z test offline_project_inspection_reads_and_sorts_the_registry_without_starting_server ... ok
linux	Test	2026-09-11T23:31:46.5199565Z test pause_resume_cli_requires_id ... ok
linux	Test	2026-09-11T23:31:47.0848542Z test context_inspect_reports_unknown_and_sample ... ok
linux	Test	2026-09-11T23:31:47.1012359Z test resource_aliases_are_visible_and_parse_as_commands ... ok
linux	Test	2026-09-11T23:31:47.1046599Z test response_ready_cli_parses_before_requiring_hook_identity ... ok
linux	Test	2026-09-11T23:31:47.8370367Z test response_ready_cli_reaches_managed_session ... ok
linux	Test	2026-09-11T23:31:47.8429378Z test runtime_errors_include_the_cause_chain ... ok
linux	Test	2026-09-11T23:31:47.8461765Z Initialized empty Git repository in /tmp/.tmp5Yszmt/repo/.git/
linux	Test	2026-09-11T23:31:47.8562692Z [main (root-commit) 29f1c32] initial
linux	Test	2026-09-11T23:31:47.8565802Z  1 file changed, 1 insertion(+)
linux	Test	2026-09-11T23:31:47.8566569Z  create mode 100644 README
linux	Test	2026-09-11T23:31:48.5320579Z test session_command_keeps_arguments_after_separator ... ok
linux	Test	2026-09-11T23:31:48.5357637Z test terminal_workspace_filter_requires_project ... ok
linux	Test	2026-09-11T23:31:48.5426733Z test version_flag_prints_package_version ... ok
linux	Test	2026-09-11T23:31:49.5236113Z test requests_time_out_against_a_wedged_server ... ok
linux	Test	2026-09-11T23:31:49.5237171Z 
linux	Test	2026-09-11T23:31:49.5238134Z test result: ok. 32 passed; 0 failed; 0 ignored; 0 measured; 0 filtered out; finished in 7.87s
linux	Test	2026-09-11T23:31:49.5239332Z 
linux	Test	2026-09-11T23:31:49.5253550Z 
linux	Test	2026-09-11T23:31:49.5254678Z ^[[1m^[[92m     Running^[[0m tests/codex_reporting.rs (target/debug/deps/codex_reporting-fe2b4d270510de24)
linux	Test	2026-09-11T23:31:49.5255582Z running 4 tests
linux	Test	2026-09-11T23:31:49.5274576Z test codex_fresh_grammar_rejects_resume_remote_and_unknown_forms ... ok
linux	Test	2026-09-11T23:31:49.5302891Z test codex_hook_outside_managed_invocation_is_silent_without_reading_stdin ... ok
linux	Test	2026-09-11T23:31:49.5483026Z test codex_version_probe_accepts_only_exact_successful_pinned_output ... ok
linux	Test	2026-09-11T23:31:49.5526274Z test codex_native_argv_stdout_and_exit_survive_missing_reporting ... ok
linux	Test	2026-09-11T23:31:49.5527178Z 
linux	Test	2026-09-11T23:31:49.5528108Z test result: ok. 4 passed; 0 failed; 0 ignored; 0 measured; 0 filtered out; finished in 0.03s
linux	Test	2026-09-11T23:31:49.5528958Z 
linux	Test	2026-09-11T23:31:49.5529910Z ^[[1m^[[92m     Running^[[0m tests/git_lifecycle.rs (target/debug/deps/git_lifecycle-0ed14cea0202f413)
linux	Test	2026-09-11T23:31:49.5549864Z 
linux	Test	2026-09-11T23:31:49.5550245Z running 17 tests
linux	Test	2026-09-11T23:31:49.5595673Z Initialized empty Git repository in /tmp/.tmpzfE6I1/repo/.git/
linux	Test	2026-09-11T23:31:49.5596858Z Initialized empty Git repository in /tmp/.tmpseaJeN/repo/.git/
linux	Test	2026-09-11T23:31:49.5720568Z [main (root-commit) 493a6b3] initial
linux	Test	2026-09-11T23:31:49.5726679Z  1 file changed, 1 insertion(+)
linux	Test	2026-09-11T23:31:49.5727498Z  create mode 100644 README
linux	Test	2026-09-11T23:31:49.5730455Z [main (root-commit) 493a6b3] initial
linux	Test	2026-09-11T23:31:49.5731191Z  1 file changed, 1 insertion(+)
linux	Test	2026-09-11T23:31:49.5731881Z  create mode 100644 README
linux	Test	2026-09-11T23:31:49.6785228Z test add_project_leaves_no_workspace_root_when_the_repository_is_invalid ... ok
linux	Test	2026-09-11T23:31:49.6805940Z test add_project_creates_a_missing_workspace_root ... ok
linux	Test	2026-09-11T23:31:49.6841430Z Initialized empty Git repository in /tmp/.tmpy7Gj74/repo/.git/
linux	Test	2026-09-11T23:31:49.6857070Z Initialized empty Git repository in /tmp/.tmpnGZoes/repo/.git/
linux	Test	2026-09-11T23:31:49.6986084Z [main (root-commit) 493a6b3] initial
linux	Test	2026-09-11T23:31:49.6990024Z  1 file changed, 1 insertion(+)
linux	Test	2026-09-11T23:31:49.6990866Z  create mode 100644 README
linux	Test	2026-09-11T23:31:49.6995659Z [main (root-commit) 493a6b3] initial
linux	Test	2026-09-11T23:31:49.6996351Z  1 file changed, 1 insertion(+)
linux	Test	2026-09-11T23:31:49.6996990Z  create mode 100644 README
linux	Test	2026-09-11T23:31:49.7265888Z test creates_new_and_existing_branch_worktrees ... ok
linux	Test	2026-09-11T23:31:49.7297244Z Initialized empty Git repository in /tmp/.tmp3vpNTe/repo/.git/
linux	Test	2026-09-11T23:31:49.7397899Z [main (root-commit) 493a6b3] initial
linux	Test	2026-09-11T23:31:49.7398876Z  1 file changed, 1 insertion(+)
linux	Test	2026-09-11T23:31:49.7399672Z  create mode 100644 README
linux	Test	2026-09-11T23:31:49.7634585Z test inspects_clean_and_dirty_worktrees ... ok
linux	Test	2026-09-11T23:31:49.7665329Z Initialized empty Git repository in /tmp/.tmptjtsGH/repo/.git/
linux	Test	2026-09-11T23:31:49.7766670Z [main (root-commit) 493a6b3] initial
linux	Test	2026-09-11T23:31:49.7767573Z  1 file changed, 1 insertion(+)
linux	Test	2026-09-11T23:31:49.7768392Z  create mode 100644 README
linux	Test	2026-09-11T23:31:49.7927274Z test refuses_registry_and_git_path_disagreement ... ok
linux	Test	2026-09-11T23:31:49.7959312Z Initialized empty Git repository in /tmp/.tmpeNKDjK/repo/.git/
linux	Test	2026-09-11T23:31:49.8072338Z test add_project_refuses_relative_paths_without_creating_anything ... ok
linux	Test	2026-09-11T23:31:49.8073884Z [main (root-commit) 493a6b3] initial
linux	Test	2026-09-11T23:31:49.8074672Z  1 file changed, 1 insertion(+)
linux	Test	2026-09-11T23:31:49.8104051Z  create mode 100644 README
linux	Test	2026-09-11T23:31:49.8124338Z Initialized empty Git repository in /tmp/.tmpRbHUkT/repo/.git/
linux	Test	2026-09-11T23:31:49.8254693Z [main (root-commit) 493a6b3] initial
linux	Test	2026-09-11T23:31:49.8274354Z Preparing worktree (new branch 'feature/shared')
linux	Test	2026-09-11T23:31:49.8274974Z  1 file changed, 1 insertion(+)
linux	Test	2026-09-11T23:31:49.8293926Z  create mode 100644 README
linux	Test	2026-09-11T23:31:49.8347958Z HEAD is now at 493a6b3 initial
linux	Test	2026-09-11T23:31:49.8496059Z test refuses_symlink_substitution_without_touching_either_worktree ... ok
linux	Test	2026-09-11T23:31:49.8552671Z Initialized empty Git repository in /tmp/.tmpLPiXjs/repo/.git/
linux	Test	2026-09-11T23:31:49.8614612Z test refuses_to_remove_branch_checked_out_elsewhere ... ok
linux	Test	2026-09-11T23:31:49.8641003Z Initialized empty Git repository in /tmp/.tmpdI9BSj/repo/.git/
linux	Test	2026-09-11T23:31:49.8703999Z [main (root-commit) 493a6b3] initial
linux	Test	2026-09-11T23:31:49.8724120Z  1 file changed, 1 insertion(+)
linux	Test	2026-09-11T23:31:49.8743890Z  create mode 100644 README
linux	Test	2026-09-11T23:31:49.8779042Z [main (root-commit) 493a6b3] initial
linux	Test	2026-09-11T23:31:49.8782654Z  1 file changed, 1 insertion(+)
linux	Test	2026-09-11T23:31:49.8783765Z  create mode 100644 README
linux	Test	2026-09-11T23:31:49.8811930Z Preparing worktree (new branch 'feature/outside')
linux	Test	2026-09-11T23:31:49.8887399Z HEAD is now at 493a6b3 initial
linux	Test	2026-09-11T23:31:49.8950781Z test refuses_to_remove_unregistered_matching_worktree ... ok
linux	Test	2026-09-11T23:31:49.8974420Z test refuses_to_remove_worktree_outside_registered_root ... ok
linux	Test	2026-09-11T23:31:49.8991050Z Initialized empty Git repository in /tmp/.tmpasjfa4/repo/.git/
linux	Test	2026-09-11T23:31:49.9006023Z Initialized empty Git repository in /tmp/.tmpnX1NgP/repo/.git/
linux	Test	2026-09-11T23:31:49.9126519Z [main (root-commit) 493a6b3] initial
linux	Test	2026-09-11T23:31:49.9131927Z  1 file changed, 1 insertion(+)
linux	Test	2026-09-11T23:31:49.9132738Z  create mode 100644 README
linux	Test	2026-09-11T23:31:49.9150094Z [main (root-commit) 493a6b3] initial
linux	Test	2026-09-11T23:31:49.9151462Z  1 file changed, 1 insertion(+)
linux	Test	2026-09-11T23:31:49.9152253Z  create mode 100644 README
linux	Test	2026-09-11T23:31:49.9410296Z test refuses_to_remove_worktree_with_tracked_changes ... ok
linux	Test	2026-09-11T23:31:49.9458545Z test refuses_to_remove_worktree_with_untracked_files ... ok
linux	Test	2026-09-11T23:31:49.9464084Z Initialized empty Git repository in /tmp/.tmpyz2PvV/repo/.git/
linux	Test	2026-09-11T23:31:49.9493018Z Initialized empty Git repository in /tmp/.tmp3hS9bF/repo/.git/
linux	Test	2026-09-11T23:31:49.9598890Z [main (root-commit) 493a6b3] initial
linux	Test	2026-09-11T23:31:49.9604400Z  1 file changed, 1 insertion(+)
linux	Test	2026-09-11T23:31:49.9605261Z  create mode 100644 README
linux	Test	2026-09-11T23:31:49.9635595Z [main (root-commit) 493a6b3] initial
linux	Test	2026-09-11T23:31:49.9653920Z  1 file changed, 1 insertion(+)
linux	Test	2026-09-11T23:31:49.9674080Z  create mode 100644 README
linux	Test	2026-09-11T23:31:49.9674989Z test rejects_existing_worktree_destination ... ok
linux	Test	2026-09-11T23:31:49.9721769Z Initialized empty Git repository in /tmp/.tmpSlUGQf/repo/.git/
linux	Test	2026-09-11T23:31:49.9807282Z test rejects_invalid_base_and_nonlocal_existing_ref_before_worktree_creation ... ok
linux	Test	2026-09-11T23:31:49.9854158Z Initialized empty Git repository in /tmp/.tmpDg7EOm/repo/.git/
linux	Test	2026-09-11T23:31:49.9877536Z [main (root-commit) 493a6b3] initial
linux	Test	2026-09-11T23:31:49.9881490Z  1 file changed, 1 insertion(+)
linux	Test	2026-09-11T23:31:49.9882271Z  create mode 100644 README
linux	Test	2026-09-11T23:31:49.9931502Z test rejects_workspace_path_traversal_before_git ... ok
linux	Test	2026-09-11T23:31:49.9996225Z [main (root-commit) 493a6b3] initial
linux	Test	2026-09-11T23:31:50.0012378Z  1 file changed, 1 insertion(+)
linux	Test	2026-09-11T23:31:50.0012987Z  create mode 100644 README
linux	Test	2026-09-11T23:31:50.0013880Z Initialized empty Git repository in /tmp/.tmpcVxhhb/repo/.git/
linux	Test	2026-09-11T23:31:50.0164556Z [main (root-commit) c59a049] initial
linux	Test	2026-09-11T23:31:50.0165442Z  1 file changed, 1 insertion(+)
linux	Test	2026-09-11T23:31:50.0166192Z  create mode 100644 README
linux	Test	2026-09-11T23:31:50.0365770Z test removes_clean_registered_worktree_and_preserves_branch ... ok
linux	Test	2026-09-11T23:31:50.0494041Z test removes_workspace_whose_directory_is_gone ... ok
linux	Test	2026-09-11T23:31:50.0494904Z 
linux	Test	2026-09-11T23:31:50.0496080Z test result: ok. 17 passed; 0 failed; 0 ignored; 0 measured; 0 filtered out; finished in 0.49s
linux	Test	2026-09-11T23:31:50.0496820Z 
linux	Test	2026-09-11T23:31:50.0501770Z ^[[1m^[[92m     Running^[[0m tests/gui.rs (target/debug/deps/gui-966205da6f168ee6)
linux	Test	2026-09-11T23:31:50.0511767Z 
linux	Test	2026-09-11T23:31:50.0512258Z running 0 tests
linux	Test	2026-09-11T23:31:50.0513092Z 
linux	Test	2026-09-11T23:31:50.0514499Z test result: ok. 0 passed; 0 failed; 0 ignored; 0 measured; 0 filtered out; finished in 0.00s
linux	Test	2026-09-11T23:31:50.0516909Z ^[[1m^[[92m     Running^[[0m tests/resource_cli.rs (target/debug/deps/resource_cli-f12093b6d74907eb)
linux	Test	2026-09-11T23:31:50.0517588Z 
linux	Test	2026-09-11T23:31:50.0526351Z 
linux	Test	2026-09-11T23:31:50.0526935Z running 6 tests
linux	Test	2026-09-11T23:31:50.7698476Z test agent_hook_resource_inventory_reports_activity ... ok
linux	Test	2026-09-11T23:31:50.8070257Z test managed_usage_inspection_preserves_scope_unknowns_and_component_ages ... ok
linux	Test	2026-09-11T23:31:50.8200950Z test context_resource_inventory_matches_inspection ... ok
linux	Test	2026-09-11T23:31:51.5129922Z test remove_project_reports_workspaces_remain ... ok
linux	Test	2026-09-11T23:31:51.5685605Z test pause_resume_resource_cli_preserves_input_and_close_contract ... ok
linux	Test	2026-09-11T23:31:52.2352660Z test terminal_cli_drives_real_session_and_preserves_workspace_removal_guards ... ok
linux	Test	2026-09-11T23:31:52.2354483Z ^[[1m^[[92m     Running^[[0m tests/server_lifecycle.rs (target/debug/deps/server_lifecycle-7bcfa6604a76ea92)
linux	Test	2026-09-11T23:31:52.2364301Z 
linux	Test	2026-09-11T23:31:52.2365124Z test result: ok. 6 passed; 0 failed; 0 ignored; 0 measured; 0 filtered out; finished in 2.18s
linux	Test	2026-09-11T23:31:52.2365960Z 
linux	Test	2026-09-11T23:31:52.2376272Z 
linux	Test	2026-09-11T23:31:52.2376662Z running 89 tests
linux	Test	2026-09-11T23:31:52.2422880Z Initialized empty Git repository in /tmp/.tmpbYfSzu/repo/.git/
linux	Test	2026-09-11T23:31:52.2440281Z Initialized empty Git repository in /tmp/.tmpAnf3Zk/repo/.git/
linux	Test	2026-09-11T23:31:52.2546817Z [main (root-commit) 85a145d] initial
linux	Test	2026-09-11T23:31:52.2550376Z  1 file changed, 1 insertion(+)
linux	Test	2026-09-11T23:31:52.2555464Z  create mode 100644 README
linux	Test	2026-09-11T23:31:52.2555990Z [main (root-commit) 85a145d] initial
linux	Test	2026-09-11T23:31:52.2556740Z  1 file changed, 1 insertion(+)
linux	Test	2026-09-11T23:31:52.2557487Z  create mode 100644 README
linux	Test	2026-09-11T23:31:53.3494800Z test agent_admission_branch_freezes_without_replacement_or_reopening ... ok
linux	Test	2026-09-11T23:31:53.3528919Z Initialized empty Git repository in /tmp/.tmpLPBNim/repo/.git/
linux	Test	2026-09-11T23:31:53.3628950Z [main (root-commit) 72de965] initial
linux	Test	2026-09-11T23:31:53.3630969Z  1 file changed, 1 insertion(+)
linux	Test	2026-09-11T23:31:53.3631736Z  create mode 100644 README
linux	Test	2026-09-11T23:31:53.4220212Z test agent_admission_explicit_resume_preserves_argv_and_collects_conversation_usage ... ok
linux	Test	2026-09-11T23:31:55.1953800Z test agent_admission_failed_bind_status_disconnects_watch ... ok
linux	Test	2026-09-11T23:31:55.2004224Z Initialized empty Git repository in /tmp/.tmpP8lSFy/repo/.git/
linux	Test	2026-09-11T23:31:55.2024376Z Initialized empty Git repository in /tmp/.tmpiOoSzg/repo/.git/
linux	Test	2026-09-11T23:31:55.2127322Z [main (root-commit) 552adac] initial
linux	Test	2026-09-11T23:31:55.2134762Z  1 file changed, 1 insertion(+)
linux	Test	2026-09-11T23:31:55.2135541Z  create mode 100644 README
linux	Test	2026-09-11T23:31:55.2146820Z [main (root-commit) 552adac] initial
linux	Test	2026-09-11T23:31:55.2147383Z  1 file changed, 1 insertion(+)
linux	Test	2026-09-11T23:31:55.2147853Z  create mode 100644 README
linux	Test	2026-09-11T23:31:57.0915688Z test agent_admission_failed_unavailable_publication_disconnects_watch ... ok
linux	Test	2026-09-11T23:31:57.2459009Z test agent_admission_ineligible_argv_and_probe_failures_preserve_native_arguments ... ok
linux	Test	2026-09-11T23:31:57.2460483Z test agent_admission_native_helper ... ignored, native admission fixture launched through agent run
linux	Test	2026-09-11T23:31:57.7489060Z Initialized empty Git repository in /tmp/.tmpEbxoxR/repo/.git/
linux	Test	2026-09-11T23:31:57.7591667Z [main (root-commit) 3bbe6c4] initial
linux	Test	2026-09-11T23:31:57.7592518Z  1 file changed, 1 insertion(+)
linux	Test	2026-09-11T23:31:57.7593691Z  create mode 100644 README
linux	Test	2026-09-11T23:31:59.5824803Z test agent_admission_lost_bind_then_clear_resolves_without_another_startup ... ok
linux	Test	2026-09-11T23:31:59.5864005Z Initialized empty Git repository in /tmp/.tmpuYzmFq/repo/.git/
linux	Test	2026-09-11T23:31:59.5865625Z Initialized empty Git repository in /tmp/.tmpAVaWLq/repo/.git/
linux	Test	2026-09-11T23:31:59.5989367Z [main (root-commit) be91253] initial
linux	Test	2026-09-11T23:31:59.5991737Z  1 file changed, 1 insertion(+)
linux	Test	2026-09-11T23:31:59.5995971Z  create mode 100644 README
linux	Test	2026-09-11T23:31:59.5997527Z [main (root-commit) be91253] initial
linux	Test	2026-09-11T23:31:59.5998106Z  1 file changed, 1 insertion(+)
linux	Test	2026-09-11T23:31:59.5999543Z  create mode 100644 README
linux	Test	2026-09-11T23:32:00.7527448Z test agent_admission_private_claude_route_binds_once_and_clear_retains_lease ... ok
linux	Test	2026-09-11T23:32:00.7559281Z Initialized empty Git repository in /tmp/.tmpdYaznC/repo/.git/
linux	Test	2026-09-11T23:32:00.7657128Z [main (root-commit) cef829e] initial
linux	Test	2026-09-11T23:32:00.7659613Z  1 file changed, 1 insertion(+)
linux	Test	2026-09-11T23:32:00.7660329Z  create mode 100644 README
linux	Test	2026-09-11T23:32:00.7789362Z test agent_admission_short_resume_on_2_1_268_preserves_argv_and_lifecycle ... ok
linux	Test	2026-09-11T23:32:00.8754259Z test agent_hook_capability_and_exit_are_enforced ... ok
linux	Test	2026-09-11T23:32:00.8785911Z Initialized empty Git repository in /tmp/.tmpUIhkes/repo/.git/
linux	Test	2026-09-11T23:32:00.8889191Z [main (root-commit) cef829e] initial
linux	Test	2026-09-11T23:32:00.8890027Z  1 file changed, 1 insertion(+)
linux	Test	2026-09-11T23:32:00.8890327Z  create mode 100644 README
linux	Test	2026-09-11T23:32:00.9987227Z test agent_hook_round_trip_survives_dashboard_reconnect ... ok
linux	Test	2026-09-11T23:32:01.0019299Z Initialized empty Git repository in /tmp/.tmpBCLS27/repo/.git/
linux	Test	2026-09-11T23:32:01.0124274Z [main (root-commit) b691752] initial
linux	Test	2026-09-11T23:32:01.0128245Z  1 file changed, 1 insertion(+)
linux	Test	2026-09-11T23:32:01.0128972Z  create mode 100644 README
linux	Test	2026-09-11T23:32:01.1221145Z test agent_hook_sequence_does_not_regress_state ... ok
linux	Test	2026-09-11T23:32:01.1266574Z Initialized empty Git repository in /tmp/.tmpt5mjFL/repo/.git/
linux	Test	2026-09-11T23:32:01.1267666Z Initialized empty Git repository in /tmp/.tmpfEmjBx/repo/.git/
linux	Test	2026-09-11T23:32:01.1404206Z [main (root-commit) b691752] initial
linux	Test	2026-09-11T23:32:01.1414466Z  1 file changed, 1 insertion(+)
linux	Test	2026-09-11T23:32:01.1415181Z  create mode 100644 README
linux	Test	2026-09-11T23:32:01.1419097Z [main (root-commit) b691752] initial
linux	Test	2026-09-11T23:32:01.1419941Z  1 file changed, 1 insertion(+)
linux	Test	2026-09-11T23:32:01.1421025Z  create mode 100644 README
linux	Test	2026-09-11T23:32:01.2544601Z test agent_hook_startup_registration_is_visible ... ok
linux	Test	2026-09-11T23:32:01.2582980Z Initialized empty Git repository in /tmp/.tmphREjVY/repo/.git/
linux	Test	2026-09-11T23:32:01.2705628Z [main (root-commit) b691752] initial
linux	Test	2026-09-11T23:32:01.2706367Z  1 file changed, 1 insertion(+)
linux	Test	2026-09-11T23:32:01.2706875Z  create mode 100644 README
linux	Test	2026-09-11T23:32:01.8731172Z test agent_run_channel_failure_releases_reservation_before_native_fallback ... ok
linux	Test	2026-09-11T23:32:01.8734411Z test agent_run_native_exec_helper ... ignored, native exec descriptor fixture launched through agent run
linux	Test	2026-09-11T23:32:01.8735776Z test agent_run_native_helper ... ignored, native child fixture launched through agent run
linux	Test	2026-09-11T23:32:01.8763713Z Initialized empty Git repository in /tmp/.tmpPZwNZc/repo/.git/
linux	Test	2026-09-11T23:32:01.8862870Z [main (root-commit) b691752] initial
linux	Test	2026-09-11T23:32:01.8866174Z  1 file changed, 1 insertion(+)
linux	Test	2026-09-11T23:32:01.8867168Z  create mode 100644 README
linux	Test	2026-09-11T23:32:02.0029449Z test agent_run_native_exec_does_not_inherit_supervisor_lease ... ok
linux	Test	2026-09-11T23:32:02.0062907Z Initialized empty Git repository in /tmp/.tmpi2Mnww/repo/.git/
linux	Test	2026-09-11T23:32:02.0171116Z [main (root-commit) 89a0d68] initial
linux	Test	2026-09-11T23:32:02.0172016Z  1 file changed, 1 insertion(+)
linux	Test	2026-09-11T23:32:02.0172754Z  create mode 100644 README
linux	Test	2026-09-11T23:32:03.1621772Z test agent_run_owns_native_group_and_restores_terminal_after_forwarded_term ... ok
linux	Test	2026-09-11T23:32:03.1660305Z Initialized empty Git repository in /tmp/.tmpvITzfa/repo/.git/
linux	Test	2026-09-11T23:32:03.1782904Z test agent_run_runtime_kill_reaches_owned_native_group ... ok
linux	Test	2026-09-11T23:32:03.1786426Z [main (root-commit) 8b1f6bd] initial
linux	Test	2026-09-11T23:32:03.1787280Z  1 file changed, 1 insertion(+)
linux	Test	2026-09-11T23:32:03.1790519Z  create mode 100644 README
linux	Test	2026-09-11T23:32:03.1841194Z Initialized empty Git repository in /tmp/.tmpgc1I3z/repo/.git/
linux	Test	2026-09-11T23:32:03.1972991Z [main (root-commit) 8b1f6bd] initial
linux	Test	2026-09-11T23:32:03.1974434Z  1 file changed, 1 insertion(+)
linux	Test	2026-09-11T23:32:03.1975260Z  create mode 100644 README
linux	Test	2026-09-11T23:32:04.0904346Z test agent_run_supervisor_sigkill_releases_reporting_watch ... ok
linux	Test	2026-09-11T23:32:04.0939742Z Initialized empty Git repository in /tmp/.tmp62dn7h/repo/.git/
linux	Test	2026-09-11T23:32:04.1040630Z [main (root-commit) a33f1ae] initial
linux	Test	2026-09-11T23:32:04.1041424Z  1 file changed, 1 insertion(+)
linux	Test	2026-09-11T23:32:04.1042285Z  create mode 100644 README
linux	Test	2026-09-11T23:32:04.5479387Z test backpressured_input_and_send_do_not_block_inspect_or_kill ... ok
linux	Test	2026-09-11T23:32:04.5512329Z Initialized empty Git repository in /tmp/.tmpHnntoV/repo/.git/
linux	Test	2026-09-11T23:32:04.5625264Z [main (root-commit) a33f1ae] initial
linux	Test	2026-09-11T23:32:04.5626189Z  1 file changed, 1 insertion(+)
linux	Test	2026-09-11T23:32:04.5628957Z  create mode 100644 README
linux	Test	2026-09-11T23:32:04.9664398Z test claude_metrics_clear_freezes_components_and_prevents_reader_reopening ... ok
linux	Test	2026-09-11T23:32:04.9701902Z Initialized empty Git repository in /tmp/.tmpErnPvf/repo/.git/
linux	Test	2026-09-11T23:32:04.9814369Z [main (root-commit) a33f1ae] initial
linux	Test	2026-09-11T23:32:04.9815246Z  1 file changed, 1 insertion(+)
linux	Test	2026-09-11T23:32:04.9815808Z  create mode 100644 README
linux	Test	2026-09-11T23:32:05.4931630Z test claude_metrics_collector_loss_propagates_while_native_stays_usable ... ok
linux	Test	2026-09-11T23:32:05.4970865Z Initialized empty Git repository in /tmp/.tmpzUaKPX/repo/.git/
linux	Test	2026-09-11T23:32:05.5077607Z [main (root-commit) 3d7e5fa] initial
linux	Test	2026-09-11T23:32:05.5083701Z  1 file changed, 1 insertion(+)
linux	Test	2026-09-11T23:32:05.5084566Z  create mode 100644 README
linux	Test	2026-09-11T23:32:06.1892066Z test claude_metrics_finalization_recovers_original_receipt_after_lost_ack ... ok
linux	Test	2026-09-11T23:32:06.1927696Z Initialized empty Git repository in /tmp/.tmpNqYMBV/repo/.git/
linux	Test	2026-09-11T23:32:06.2030849Z [main (root-commit) 174b2a1] initial
linux	Test	2026-09-11T23:32:06.2032263Z  1 file changed, 1 insertion(+)
linux	Test	2026-09-11T23:32:06.2032889Z  create mode 100644 README
linux	Test	2026-09-11T23:32:06.5472038Z test claude_metrics_missing_initial_file_preserves_activity_and_recovers_same_path ... ok
linux	Test	2026-09-11T23:32:06.5506079Z Initialized empty Git repository in /tmp/.tmpgH6Zmn/repo/.git/
linux	Test	2026-09-11T23:32:06.5614255Z [main (root-commit) 174b2a1] initial
linux	Test	2026-09-11T23:32:06.5615155Z  1 file changed, 1 insertion(+)
linux	Test	2026-09-11T23:32:06.5615942Z  create mode 100644 README
linux	Test	2026-09-11T23:32:07.0967874Z test claude_metrics_route_collects_partial_usage_and_finalizes_native_exit ... ok
linux	Test	2026-09-11T23:32:07.1001543Z Initialized empty Git repository in /tmp/.tmp1NJQUV/repo/.git/
linux	Test	2026-09-11T23:32:07.1105219Z [main (root-commit) 6bfb87f] initial
linux	Test	2026-09-11T23:32:07.1106003Z  1 file changed, 1 insertion(+)
linux	Test	2026-09-11T23:32:07.1106458Z  create mode 100644 README
linux	Test	2026-09-11T23:32:07.2150237Z test cli_resolves_relative_project_paths_against_invocation_cwd_with_existing_server ... ok
linux	Test	2026-09-11T23:32:07.2466440Z test cli_exit_preserves_session_and_shutdown_kill_cleans_up ... ok
linux	Test	2026-09-11T23:32:07.2472548Z test codex_hook_native_helper ... ignored, Codex synchronous native child fixture
linux	Test	2026-09-11T23:32:07.2500520Z Initialized empty Git repository in /tmp/.tmpibAPKV/repo/.git/
linux	Test	2026-09-11T23:32:07.2599150Z [main (root-commit) 6bfb87f] initial
linux	Test	2026-09-11T23:32:07.2601334Z  1 file changed, 1 insertion(+)
linux	Test	2026-09-11T23:32:07.2601805Z  create mode 100644 README
linux	Test	2026-09-11T23:32:07.3190595Z test client_with_wrong_protocol_version_is_refused ... ok
linux	Test	2026-09-11T23:32:08.2323164Z test codex_managed_hooks_ready_interrupt_duplicates_and_rebind ... ok
linux	Test	2026-09-11T23:32:08.2355140Z Initialized empty Git repository in /tmp/.tmpDHiHvu/repo/.git/
linux	Test	2026-09-11T23:32:08.2454433Z [main (root-commit) ee711ff] initial
linux	Test	2026-09-11T23:32:08.2458622Z  1 file changed, 1 insertion(+)
linux	Test	2026-09-11T23:32:08.2460077Z  create mode 100644 README
linux	Test	2026-09-11T23:32:09.4044528Z test codex_managed_lost_bind_receipt_recovers_before_busy ... ok
linux	Test	2026-09-11T23:32:09.4077282Z Initialized empty Git repository in /tmp/.tmpo23p9o/repo/.git/
linux	Test	2026-09-11T23:32:09.4177094Z [main (root-commit) 9729ea9] initial
linux	Test	2026-09-11T23:32:09.4177918Z  1 file changed, 1 insertion(+)
linux	Test	2026-09-11T23:32:09.4178652Z  create mode 100644 README
linux	Test	2026-09-11T23:32:10.1536353Z test codex_managed_missing_end_disables_overlap_without_native_failure ... ok
linux	Test	2026-09-11T23:32:10.1568449Z Initialized empty Git repository in /tmp/.tmpVX7Jdp/repo/.git/
linux	Test	2026-09-11T23:32:10.1671472Z [main (root-commit) 8091404] initial
linux	Test	2026-09-11T23:32:10.1675939Z  1 file changed, 1 insertion(+)
linux	Test	2026-09-11T23:32:10.1676521Z  create mode 100644 README
linux	Test	2026-09-11T23:32:10.8887801Z test codex_managed_native_death_never_synthesizes_ready_and_removes_socket ... ok
linux	Test	2026-09-11T23:32:10.8918976Z Initialized empty Git repository in /tmp/.tmp0trcnO/repo/.git/
linux	Test	2026-09-11T23:32:10.9022705Z [main (root-commit) 8091404] initial
linux	Test	2026-09-11T23:32:10.9027812Z  1 file changed, 1 insertion(+)
linux	Test	2026-09-11T23:32:10.9028855Z  create mode 100644 README
linux	Test	2026-09-11T23:32:11.5081859Z test concurrent_terminal_sends_are_serialized_as_complete_pastes ... ok
linux	Test	2026-09-11T23:32:11.5114005Z Initialized empty Git repository in /tmp/.tmptQBzaN/repo/.git/
linux	Test	2026-09-11T23:32:11.5212233Z [main (root-commit) ba167ff] initial
linux	Test	2026-09-11T23:32:11.5216679Z  1 file changed, 1 insertion(+)
linux	Test	2026-09-11T23:32:11.5217269Z  create mode 100644 README
linux	Test	2026-09-11T23:32:11.6313523Z test context_report_rejects_old_and_invalid_samples ... ok
linux	Test	2026-09-11T23:32:11.6346397Z Initialized empty Git repository in /tmp/.tmpJTkKqo/repo/.git/
linux	Test	2026-09-11T23:32:11.6455238Z [main (root-commit) ba167ff] initial
linux	Test	2026-09-11T23:32:11.6456125Z  1 file changed, 1 insertion(+)
linux	Test	2026-09-11T23:32:11.6456885Z  create mode 100644 README
linux	Test	2026-09-11T23:32:11.7566915Z test context_report_replaces_snapshot_and_preserves_activity ... ok
linux	Test	2026-09-11T23:32:11.7600683Z Initialized empty Git repository in /tmp/.tmpAxUDqo/repo/.git/
linux	Test	2026-09-11T23:32:11.7706885Z [main (root-commit) ba167ff] initial
linux	Test	2026-09-11T23:32:11.7707734Z  1 file changed, 1 insertion(+)
linux	Test	2026-09-11T23:32:11.7708486Z  create mode 100644 README
linux	Test	2026-09-11T23:32:11.8806513Z test context_snapshot_survives_dashboard_reattach ... ok
linux	Test	2026-09-11T23:32:11.8838509Z Initialized empty Git repository in /tmp/.tmpCygaU2/repo/.git/
linux	Test	2026-09-11T23:32:11.8942052Z [main (root-commit) ba167ff] initial
linux	Test	2026-09-11T23:32:11.8945367Z  1 file changed, 1 insertion(+)
linux	Test	2026-09-11T23:32:11.8946750Z  create mode 100644 README
linux	Test	2026-09-11T23:32:12.5581367Z test control_fixture_failure_cleanup_reaps_owned_child_and_server ... ok
linux	Test	2026-09-11T23:32:12.5626566Z Initialized empty Git repository in /tmp/.tmppmms6S/repo/.git/
linux	Test	2026-09-11T23:32:12.5731051Z [main (root-commit) 2f8c7fe] initial
linux	Test	2026-09-11T23:32:12.5732491Z  1 file changed, 1 insertion(+)
linux	Test	2026-09-11T23:32:12.5733869Z  create mode 100644 README
linux	Test	2026-09-11T23:32:12.6628514Z test dashboard_duplicate_hello_does_not_write_from_reader_thread ... ok
linux	Test	2026-09-11T23:32:13.1788972Z test control_lifecycle_enforces_every_removal_gate ... ok
linux	Test	2026-09-11T23:32:13.1831922Z Initialized empty Git repository in /tmp/.tmpuJO6x4/repo/.git/
linux	Test	2026-09-11T23:32:13.1932596Z [main (root-commit) 604e58b] initial
linux	Test	2026-09-11T23:32:13.1933588Z  1 file changed, 1 insertion(+)
linux	Test	2026-09-11T23:32:13.1934464Z  create mode 100644 README
linux	Test	2026-09-11T23:32:13.2825787Z test dashboard_receives_concrete_ordinary_request_errors ... ok
linux	Test	2026-09-11T23:32:13.3863772Z test dashboard_request_id_zero_does_not_block_followup_response ... ok
linux	Test	2026-09-11T23:32:13.4943975Z test dashboard_shutdown_acknowledges_through_writer_before_teardown ... ok
linux	Test	2026-09-11T23:32:13.8625545Z test dashboard_geometry_sizes_connected_empty_and_detached_sessions ... ok
linux	Test	2026-09-11T23:32:13.8667310Z Initialized empty Git repository in /tmp/.tmp9etmKl/repo/.git/
linux	Test	2026-09-11T23:32:13.8770161Z [main (root-commit) 604e58b] initial
linux	Test	2026-09-11T23:32:13.8770710Z  1 file changed, 1 insertion(+)
linux	Test	2026-09-11T23:32:13.8771167Z  create mode 100644 README
linux	Test	2026-09-11T23:32:14.8552912Z test desktop_notifications_default_off_and_disabled_events_do_not_replay_on_enable ... ok
linux	Test	2026-09-11T23:32:14.8585801Z Initialized empty Git repository in /tmp/.tmpAVIXCA/repo/.git/
linux	Test	2026-09-11T23:32:14.8689833Z [main (root-commit) 8640174] initial
linux	Test	2026-09-11T23:32:14.8690956Z  1 file changed, 1 insertion(+)
linux	Test	2026-09-11T23:32:14.8691469Z  create mode 100644 README
linux	Test	2026-09-11T23:32:17.7424791Z test desktop_notifications_host_failure_and_blocking_never_block_input_or_detach ... ok
linux	Test	2026-09-11T23:32:17.7459876Z Initialized empty Git repository in /tmp/.tmp0T13wA/repo/.git/
linux	Test	2026-09-11T23:32:17.7565311Z [main (root-commit) 8080205] initial
linux	Test	2026-09-11T23:32:17.7569434Z  1 file changed, 1 insertion(+)
linux	Test	2026-09-11T23:32:17.7570021Z  create mode 100644 README
linux	Test	2026-09-11T23:32:18.9510668Z test desktop_notifications_managed_completion_reaches_host_once_and_respects_visibility ... ok
linux	Test	2026-09-11T23:32:18.9545583Z Initialized empty Git repository in /tmp/.tmpKtFo44/repo/.git/
linux	Test	2026-09-11T23:32:18.9645806Z [main (root-commit) c01bc0d] initial
linux	Test	2026-09-11T23:32:18.9650143Z  1 file changed, 1 insertion(+)
linux	Test	2026-09-11T23:32:18.9650783Z  create mode 100644 README
linux	Test	2026-09-11T23:32:19.7821368Z test desktop_notifications_missing_host_tool_preserves_response_and_dashboard_controls ... ok
linux	Test	2026-09-11T23:32:19.7864919Z Initialized empty Git repository in /tmp/.tmp0nov3P/repo/.git/
linux	Test	2026-09-11T23:32:19.7967908Z [main (root-commit) 80ee063] initial
linux	Test	2026-09-11T23:32:19.7968892Z  1 file changed, 1 insertion(+)
linux	Test	2026-09-11T23:32:19.7969737Z  create mode 100644 README
linux	Test	2026-09-11T23:32:19.8875837Z test duplicate_dashboard_hello_uses_the_sole_writer ... ok
linux	Test	2026-09-11T23:32:20.6992859Z test desktop_notifications_queued_completion_is_cancelled_when_its_pane_becomes_visible ... ok
linux	Test	2026-09-11T23:32:20.7026953Z Initialized empty Git repository in /tmp/.tmpJKudr5/repo/.git/
linux	Test	2026-09-11T23:32:20.7130827Z [main (root-commit) 0c278ff] initial
linux	Test	2026-09-11T23:32:20.7131679Z  1 file changed, 1 insertion(+)
linux	Test	2026-09-11T23:32:20.7132367Z  create mode 100644 README
linux	Test	2026-09-11T23:32:21.3214766Z test fast_exit_session_is_retained_as_exited ... ok
linux	Test	2026-09-11T23:32:21.3232693Z Initialized empty Git repository in /tmp/.tmpujXJ1b/repo/.git/
linux	Test	2026-09-11T23:32:21.3364287Z [main (root-commit) ca1b818] initial
linux	Test	2026-09-11T23:32:21.3367354Z  1 file changed, 1 insertion(+)
linux	Test	2026-09-11T23:32:21.3367851Z  create mode 100644 README
linux	Test	2026-09-11T23:32:22.0703550Z test fresh_pty_does_not_inherit_outer_managed_reporting_channel ... ok
linux	Test	2026-09-11T23:32:22.0705125Z test fresh_pty_outer_channel_helper ... ignored, isolated inherited environment fixture subprocess
linux	Test	2026-09-11T23:32:22.9471946Z test fifty_sessions_survive_detach_and_leave_no_process_groups ... ok
linux	Test	2026-09-11T23:32:22.9495787Z test history_memory_measurements ... ignored, bounded historical scrollback RSS measurement
linux	Test	2026-09-11T23:32:22.9503813Z Initialized empty Git repository in /tmp/.tmpaL89QB/repo/.git/
linux	Test	2026-09-11T23:32:22.9604177Z [main (root-commit) c1a390b] initial
linux	Test	2026-09-11T23:32:22.9608634Z  1 file changed, 1 insertion(+)
linux	Test	2026-09-11T23:32:22.9609146Z  create mode 100644 README
linux	Test	2026-09-11T23:32:23.1715911Z test history_frozen_page_survives_eviction_and_exit ... ok
linux	Test	2026-09-11T23:32:23.1746233Z Initialized empty Git repository in /tmp/.tmpUcRR1V/repo/.git/
linux	Test	2026-09-11T23:32:23.1855144Z [main (root-commit) 353f935] initial
linux	Test	2026-09-11T23:32:23.1858826Z  1 file changed, 1 insertion(+)
linux	Test	2026-09-11T23:32:23.1859786Z  create mode 100644 README
linux	Test	2026-09-11T23:32:23.3968223Z test history_reattach_reads_retained_output ... ok
linux	Test	2026-09-11T23:32:23.3969204Z test hook_child_report_helper ... ignored
linux	Test	2026-09-11T23:32:23.3999854Z Initialized empty Git repository in /tmp/.tmpQlj87I/repo/.git/
linux	Test	2026-09-11T23:32:23.4110511Z [main (root-commit) 353f935] initial
linux	Test	2026-09-11T23:32:23.4112620Z  1 file changed, 1 insertion(+)
linux	Test	2026-09-11T23:32:23.4112990Z  create mode 100644 README
linux	Test	2026-09-11T23:32:26.2284729Z test history_slow_dashboard_recovers_after_finite_burst ... ok
linux	Test	2026-09-11T23:32:26.2314522Z Initialized empty Git repository in /tmp/.tmpQ9S9dZ/repo/.git/
linux	Test	2026-09-11T23:32:26.2424837Z [main (root-commit) 645c8d6] initial
linux	Test	2026-09-11T23:32:26.2425797Z  1 file changed, 1 insertion(+)
linux	Test	2026-09-11T23:32:26.2426790Z  create mode 100644 README
linux	Test	2026-09-11T23:32:28.2565677Z test native_exit_is_bounded_when_reporting_callback_stalls ... ok
linux	Test	2026-09-11T23:32:28.2567149Z test native_exit_stalled_reporting_helper ... ignored, isolated signal handler and native supervision fixture
linux	Test	2026-09-11T23:32:28.8503607Z test kill_does_not_block_dashboard_geometry ... ok
linux	Test	2026-09-11T23:32:28.8514367Z test pause_resume_child_fixture ... ignored
linux	Test	2026-09-11T23:32:28.8537280Z Initialized empty Git repository in /tmp/.tmpA8JUgb/repo/.git/
linux	Test	2026-09-11T23:32:28.8635601Z [main (root-commit) 72f8ca2] initial
linux	Test	2026-09-11T23:32:28.8636333Z  1 file changed, 1 insertion(+)
linux	Test	2026-09-11T23:32:28.8637137Z  create mode 100644 README
linux	Test	2026-09-11T23:32:30.1747563Z test pause_resume_backpressured_input_keeps_controls_available ... ok
linux	Test	2026-09-11T23:32:30.1780444Z Initialized empty Git repository in /tmp/.tmpVXS99G/repo/.git/
linux	Test	2026-09-11T23:32:30.1885325Z [main (root-commit) d3a27d9] initial
linux	Test	2026-09-11T23:32:30.1886180Z  1 file changed, 1 insertion(+)
linux	Test	2026-09-11T23:32:30.1886680Z  create mode 100644 README
linux	Test	2026-09-11T23:32:30.8990541Z test pause_resume_control_races_converge ... ok
linux	Test	2026-09-11T23:32:30.9022081Z Initialized empty Git repository in /tmp/.tmpXi7wa8/repo/.git/
linux	Test	2026-09-11T23:32:30.9127360Z [main (root-commit) d3a27d9] initial
linux	Test	2026-09-11T23:32:30.9128471Z  1 file changed, 1 insertion(+)
linux	Test	2026-09-11T23:32:30.9128789Z  create mode 100644 README
linux	Test	2026-09-11T23:32:31.6244500Z test pause_resume_kill_runs_group_handlers ... ok
linux	Test	2026-09-11T23:32:31.6268824Z Initialized empty Git repository in /tmp/.tmp6pebcl/repo/.git/
linux	Test	2026-09-11T23:32:31.6375293Z [main (root-commit) 1011f68] initial
linux	Test	2026-09-11T23:32:31.6376296Z  1 file changed, 1 insertion(+)
linux	Test	2026-09-11T23:32:31.6376605Z  create mode 100644 README
linux	Test	2026-09-11T23:32:32.7434972Z test pause_resume_server_refuses_removal_and_late_mutation ... ok
linux	Test	2026-09-11T23:32:32.7463052Z Initialized empty Git repository in /tmp/.tmppY9wxq/repo/.git/
linux	Test	2026-09-11T23:32:32.7562392Z [main (root-commit) b1e7665] initial
linux	Test	2026-09-11T23:32:32.7565878Z  1 file changed, 1 insertion(+)
linux	Test	2026-09-11T23:32:32.7566672Z  create mode 100644 README
linux	Test	2026-09-11T23:32:33.4809339Z test pause_resume_shutdown_cleans_stopped_groups ... ok
linux	Test	2026-09-11T23:32:33.4851351Z Initialized empty Git repository in /tmp/.tmpqQs7Je/repo/.git/
linux	Test	2026-09-11T23:32:33.4884600Z Initialized empty Git repository in /tmp/.tmprj16gg/repo/.git/
linux	Test	2026-09-11T23:32:33.4971014Z [main (root-commit) 1a9eff3] initial
linux	Test	2026-09-11T23:32:33.4972130Z  1 file changed, 1 insertion(+)
linux	Test	2026-09-11T23:32:33.4972889Z  create mode 100644 README
linux	Test	2026-09-11T23:32:33.4985113Z [main (root-commit) 1a9eff3] initial
linux	Test	2026-09-11T23:32:33.4986975Z  1 file changed, 1 insertion(+)
linux	Test	2026-09-11T23:32:33.4987712Z  create mode 100644 README
linux	Test	2026-09-11T23:32:34.2094821Z test pause_resume_stops_group_and_rejects_input ... ok
linux	Test	2026-09-11T23:32:34.2126810Z Initialized empty Git repository in /tmp/.tmp10NnsK/repo/.git/
linux	Test	2026-09-11T23:32:34.2232240Z [main (root-commit) 2ddb6a4] initial
linux	Test	2026-09-11T23:32:34.2234818Z  1 file changed, 1 insertion(+)
linux	Test	2026-09-11T23:32:34.2235139Z  create mode 100644 README
linux	Test	2026-09-11T23:32:34.2572987Z test private_claude_activity_delivery_failure_disconnects_without_stopping_native ... ok
linux	Test	2026-09-11T23:32:34.2625698Z Initialized empty Git repository in /tmp/.tmpgFMy9W/repo/.git/
linux	Test	2026-09-11T23:32:34.2830243Z [main (root-commit) 2ddb6a4] initial
linux	Test	2026-09-11T23:32:34.2847245Z  1 file changed, 1 insertion(+)
linux	Test	2026-09-11T23:32:34.2859439Z  create mode 100644 README
linux	Test	2026-09-11T23:32:34.8915925Z test resource_terminal_requests_preserve_background_state_and_close_cleanly ... ok
linux	Test	2026-09-11T23:32:34.8946671Z Initialized empty Git repository in /tmp/.tmprZVJa1/repo/.git/
linux	Test	2026-09-11T23:32:34.9044860Z [main (root-commit) 2ddb6a4] initial
linux	Test	2026-09-11T23:32:34.9045712Z  1 file changed, 1 insertion(+)
linux	Test	2026-09-11T23:32:34.9046424Z  create mode 100644 README
linux	Test	2026-09-11T23:32:35.1971891Z test private_claude_activity_tracks_only_current_root_prompt_observations ... ok
linux	Test	2026-09-11T23:32:35.3057090Z test shutdown_disconnected_requester_still_wakes_accept ... ok
linux	Test	2026-09-11T23:32:35.5635426Z test selection_snapshot_precedes_later_quiet_tail_output ... ok
linux	Test	2026-09-11T23:32:35.5656547Z Initialized empty Git repository in /tmp/.tmpaPQggR/repo/.git/
linux	Test	2026-09-11T23:32:35.5759240Z [main (root-commit) 8c3d760] initial
linux	Test	2026-09-11T23:32:35.5760225Z  1 file changed, 1 insertion(+)
linux	Test	2026-09-11T23:32:35.5760692Z  create mode 100644 README
linux	Test	2026-09-11T23:32:36.2820946Z test shutdown_kill_terminates_sessions_concurrently ... ok
linux	Test	2026-09-11T23:32:36.2855088Z Initialized empty Git repository in /tmp/.tmpBcqC6Q/repo/.git/
linux	Test	2026-09-11T23:32:36.2955625Z [main (root-commit) e48101c] initial
linux	Test	2026-09-11T23:32:36.2956353Z  1 file changed, 1 insertion(+)
linux	Test	2026-09-11T23:32:36.2957051Z  create mode 100644 README
linux	Test	2026-09-11T23:32:36.9015637Z test shutdown_without_kill_rejects_exited_record ... ok
linux	Test	2026-09-11T23:32:36.9049630Z Initialized empty Git repository in /tmp/.tmpWOW1Lg/repo/.git/
linux	Test	2026-09-11T23:32:36.9146518Z [main (root-commit) e48101c] initial
linux	Test	2026-09-11T23:32:36.9147810Z  1 file changed, 1 insertion(+)
linux	Test	2026-09-11T23:32:36.9148430Z  create mode 100644 README
linux	Test	2026-09-11T23:32:39.9268744Z test slow_dashboard_recovers_after_output_burst ... ok
linux	Test	2026-09-11T23:32:39.9300816Z Initialized empty Git repository in /tmp/.tmp5T62dY/repo/.git/
linux	Test	2026-09-11T23:32:39.9398656Z [main (root-commit) 0a9f121] initial
linux	Test	2026-09-11T23:32:39.9404285Z  1 file changed, 1 insertion(+)
linux	Test	2026-09-11T23:32:39.9405094Z  create mode 100644 README
linux	Test	2026-09-11T23:32:43.4596157Z test split_server_two_streams_resize_resync_and_detach ... ok
linux	Test	2026-09-11T23:32:43.5752648Z test startup_concurrent_attempts_leave_one_server ... ok
linux	Test	2026-09-11T23:32:43.5815119Z test startup_failure_reports_server_log ... ok
linux	Test	2026-09-11T23:32:43.5885405Z test startup_read_only_commands_do_not_start_a_missing_server ... ok
linux	Test	2026-09-11T23:32:43.5898373Z test startup_refuses_symlinked_socket_directory ... ok
linux	Test	2026-09-11T23:32:43.6788612Z test startup_keeps_shared_existing_socket_directory_and_secures_the_socket ... ok
linux	Test	2026-09-11T23:32:43.6931984Z test startup_socket_directory_is_private ... ok
linux	Test	2026-09-11T23:32:43.7908856Z test startup_stale_concurrent_attempts_leave_one_surviving_server ... ok
linux	Test	2026-09-11T23:32:43.7942348Z Initialized empty Git repository in /tmp/.tmpl8C83D/repo/.git/
linux	Test	2026-09-11T23:32:43.7982281Z test startup_stale_socket_is_recovered ... ok
linux	Test	2026-09-11T23:32:43.8041661Z [main (root-commit) 469a282] initial
linux	Test	2026-09-11T23:32:43.8045963Z  1 file changed, 1 insertion(+)
linux	Test	2026-09-11T23:32:43.8046639Z  create mode 100644 README
linux	Test	2026-09-11T23:32:44.4101008Z test workspace_remove_succeeds_after_directory_deleted ... ok
linux	Test	2026-09-11T23:32:44.4133886Z Initialized empty Git repository in /tmp/.tmpyroq4L/repo/.git/
linux	Test	2026-09-11T23:32:44.4232538Z [main (root-commit) c5b4209] initial
linux	Test	2026-09-11T23:32:44.4233628Z  1 file changed, 1 insertion(+)
linux	Test	2026-09-11T23:32:44.4234347Z  create mode 100644 README
linux	Test	2026-09-11T23:32:44.5281490Z test workspace_shell_failure_retains_worktree_and_registry ... ok
linux	Test	2026-09-11T23:32:44.5282471Z 
linux	Test	2026-09-11T23:32:44.5283711Z test result: ok. 80 passed; 0 failed; 9 ignored; 0 measured; 0 filtered out; finished in 52.29s
linux	Test	2026-09-11T23:32:44.5284887Z 
linux	Test	2026-09-11T23:32:44.5310889Z ^[[1m^[[92m     Running^[[0m tests/service.rs (target/debug/deps/service-4162bbb0fce17665)
linux	Test	2026-09-11T23:32:44.5325461Z 
linux	Test	2026-09-11T23:32:44.5329767Z running 14 tests
linux	Test	2026-09-11T23:32:44.5339051Z test environment_file_is_parsed_literally_in_the_application ... ok
linux	Test	2026-09-11T23:32:44.5432665Z test changed_socket_cannot_control_the_installed_job_even_without_a_listener ... ok
linux	Test	2026-09-11T23:32:44.5434428Z test failed_graceful_shutdown_does_not_stop_the_manager ... ok
linux	Test	2026-09-11T23:32:44.5454591Z test install_refuses_to_take_over_an_unmanaged_server ... ok
linux	Test	2026-09-11T23:32:44.5494763Z test launchd_install_writes_login_job_that_restarts_only_after_failure ... ok
linux	Test	2026-09-11T23:32:44.5502406Z test service_args_parse_install_environment_file ... ok
linux	Test	2026-09-11T23:32:44.5506749Z test service_definitions_reject_relative_runtime_paths ... ok
linux	Test	2026-09-11T23:32:44.5594337Z test service_install_refuses_when_sessions_exist ... ok
linux	Test	2026-09-11T23:32:44.5659882Z test start_if_installed_only_uses_an_existing_service_definition ... ok
linux	Test	2026-09-11T23:32:44.5742113Z test status_queries_but_never_starts_the_service ... ok
linux	Test	2026-09-11T23:32:44.5975981Z test stop_requests_graceful_server_shutdown_before_stopping_the_manager ... ok
linux	Test	2026-09-11T23:32:44.6046187Z test systemd_install_writes_user_unit_and_enables_login_startup ... ok
linux	Test	2026-09-11T23:32:44.6129918Z test uninstall_removes_only_service_files_and_preserves_task_data ... ok
linux	Test	2026-09-11T23:32:44.6196447Z test loaded_service_does_not_send_shutdown_to_a_foreign_listener ... ok
linux	Test	2026-09-11T23:32:44.6197273Z 
linux	Test	2026-09-11T23:32:44.6198178Z test result: ok. 14 passed; 0 failed; 0 ignored; 0 measured; 0 filtered out; finished in 0.09s
linux	Test	2026-09-11T23:32:44.6199100Z 
linux	Test	2026-09-11T23:32:44.6200464Z ^[[1m^[[92m     Running^[[0m tests/task_cli.rs (target/debug/deps/task_cli-26df6b50b3c6e6c9)
linux	Test	2026-09-11T23:32:44.6212125Z 
linux	Test	2026-09-11T23:32:44.6212553Z running 3 tests
linux	Test	2026-09-11T23:32:44.6341954Z test offline_task_and_run_reads_do_not_start_a_server ... ok
linux	Test	2026-09-11T23:32:44.6411079Z test unicode_duration_returns_validation_error_without_starting_server ... ok
linux	Test	2026-09-11T23:32:44.8461482Z test task_crud_persists_and_manual_failure_retains_a_run_record ... ok
linux	Test	2026-09-11T23:32:44.8462995Z ^[[1m^[[92m     Running^[[0m tests/task_execution.rs (target/debug/deps/task_execution-5c44a0e1f0d9e3f1)
linux	Test	2026-09-11T23:32:44.8474100Z 
linux	Test	2026-09-11T23:32:44.8474944Z test result: ok. 3 passed; 0 failed; 0 ignored; 0 measured; 0 filtered out; finished in 0.22s
linux	Test	2026-09-11T23:32:44.8475866Z 
linux	Test	2026-09-11T23:32:44.8476068Z 
linux	Test	2026-09-11T23:32:44.8476437Z running 12 tests
linux	Test	2026-09-11T23:32:45.2701827Z test cancel_marks_run_cancelling_immediately ... ok
linux	Test	2026-09-11T23:32:48.3715257Z test git_run_cleanup_rejects_a_replacement_workspace_after_cleanup ... ok
linux	Test	2026-09-11T23:32:50.0394829Z test git_run_cleanup_rejects_a_workspace_that_preexisted_preparation ... ok
linux	Test	2026-09-11T23:32:50.5981087Z test git_runs_fetch_remote_head_keep_files_and_preserve_branches_on_cleanup ... ok
linux	Test	2026-09-11T23:32:51.1411380Z test git_workspace_removal_refuses_a_running_task_in_a_clean_worktree ... ok
linux	Test	2026-09-11T23:32:51.4549986Z test scratch_output_survives_completion_and_requires_confirmed_cleanup ... ok
linux	Test	2026-09-11T23:32:51.8160808Z test server_crash_interrupts_pi_and_recovery_does_not_replay_the_run ... ok
linux	Test	2026-09-11T23:32:52.2631745Z test shutdown_finishes_even_when_final_state_persistence_fails ... ok
linux	Test	2026-09-11T23:32:52.5880522Z test signal_shutdown_cleans_up_despite_final_state_write_failure ... ok
linux	Test	2026-09-11T23:32:53.5162037Z test three_runs_stream_independently_and_cancel_admits_the_fourth ... ok
linux	Test	2026-09-11T23:32:55.1505695Z test timeout_is_distinct_from_failure_and_same_task_pending_is_coalesced ... ok
linux	Test	2026-09-11T23:33:10.4609786Z test forced_cancel_kills_pi_process_group ... ok
linux	Test	2026-09-11T23:33:10.4610571Z 
linux	Test	2026-09-11T23:33:10.4611221Z test result: ok. 12 passed; 0 failed; 0 ignored; 0 measured; 0 filtered out; finished in 25.61s
linux	Test	2026-09-11T23:33:10.4612998Z ^[[1m^[[92m     Running^[[0m tests/task_paging.rs (target/debug/deps/task_paging-fb68ed06c635b737)
linux	Test	2026-09-11T23:33:10.4613925Z 
linux	Test	2026-09-11T23:33:10.4631179Z 
linux	Test	2026-09-11T23:33:10.4631514Z running 5 tests
linux	Test	2026-09-11T23:33:10.4704461Z test deleting_an_earlier_task_between_pages_keeps_original_tasks_once ... ok
linux	Test	2026-09-11T23:33:10.4746933Z test new_runs_between_pages_do_not_duplicate_or_omit_original_runs ... ok
linux	Test	2026-09-11T23:33:10.4748020Z test oversized_legacy_row_returns_an_error_instead_of_a_stuck_empty_page ... ok
linux	Test	2026-09-11T23:33:10.4781442Z test serialized_pages_are_bounded_and_keep_task_order_and_filtered_run_order ... ok
linux	Test	2026-09-11T23:33:16.6434544Z test cli_lists_all_large_tasks_and_runs_online_and_offline ... ok
linux	Test	2026-09-11T23:33:16.6435369Z 
linux	Test	2026-09-11T23:33:16.6435933Z test result: ok. 5 passed; 0 failed; 0 ignored; 0 measured; 0 filtered out; finished in 6.18s
linux	Test	2026-09-11T23:33:16.6436729Z 
linux	Test	2026-09-11T23:33:16.6438272Z ^[[1m^[[92m     Running^[[0m tests/task_runner.rs (target/debug/deps/task_runner-f99bae57b9f3f6f8)
linux	Test	2026-09-11T23:33:16.6454770Z 
linux	Test	2026-09-11T23:33:16.6455176Z running 9 tests
linux	Test	2026-09-11T23:33:16.7925748Z test acknowledgement_and_agent_end_are_not_success ... ok
linux	Test	2026-09-11T23:33:16.9567959Z test completion_retains_stream_logs_and_explicit_configuration ... ok
linux	Test	2026-09-11T23:33:17.4430071Z test error_length_abort_and_preflight_rejection_fail ... ok
linux	Test	2026-09-11T23:33:17.4432058Z test installed_pi_background_work_survives_between_tools_but_not_the_run ... ignored, requires OVRCR_TEST_PI_PACKAGE pointing at the installed Pi package and node on PATH
linux	Test	2026-09-11T23:33:17.4435070Z test installed_pi_task_shell_preserves_output_and_cleans_abort_timeout_and_parent_loss ... ignored, requires OVRCR_TEST_PI_PACKAGE pointing at the installed Pi package and node on PATH
linux	Test	2026-09-11T23:33:17.4437060Z test logs_are_bounded_and_cursor_is_in_bytes ... ok
linux	Test	2026-09-11T23:33:18.2321474Z test blocked_prompt_write_still_obeys_timeout ... ok
linux	Test	2026-09-11T23:33:18.3457362Z test transient_ps_failure_does_not_fail_run ... ok
linux	Test	2026-09-11T23:33:19.6270823Z test timeout_cancel_and_parent_loss_remove_detached_descendants ... ok
linux	Test	2026-09-11T23:33:19.6271656Z 
linux	Test	2026-09-11T23:33:19.6272512Z test result: ok. 7 passed; 0 failed; 2 ignored; 0 measured; 0 filtered out; finished in 2.98s
linux	Test	2026-09-11T23:33:19.6273767Z 
linux	Test	2026-09-11T23:33:19.6278383Z ^[[1m^[[92m     Running^[[0m tests/task_schedule.rs (target/debug/deps/task_schedule-95734d480c3f81dc)
linux	Test	2026-09-11T23:33:19.6297658Z 
linux	Test	2026-09-11T23:33:19.6298429Z running 12 tests
linux	Test	2026-09-11T23:33:19.6301782Z test admission_respects_capacity_fifo_and_one_active_run_per_task ... ok
linux	Test	2026-09-11T23:33:19.6304012Z test advancing_a_late_interval_enqueues_once_and_preserves_its_anchor ... ok
linux	Test	2026-09-11T23:33:19.6306947Z test create_and_update_reject_past_one_time_schedules_but_resume_expires_them ... ok
linux	Test	2026-09-11T23:33:19.6308234Z test create_update_pause_and_resume_use_the_injected_clock ... ok
linux	Test	2026-09-11T23:33:19.6309416Z test delete_refuses_active_then_cancels_pending_and_preserves_history ... ok
linux	Test	2026-09-11T23:33:19.6310549Z test helper_paths_have_the_documented_shape ... ok
linux	Test	2026-09-11T23:33:19.6311568Z test manual_enqueue_coalesces_without_changing_the_schedule ... ok
linux	Test	2026-09-11T23:33:19.6312555Z test pause_cancels_only_scheduled_pending_work ... ok
linux	Test	2026-09-11T23:33:19.6314122Z test run_status_classification_matches_queue_and_capacity_semantics ... ok
linux	Test	2026-09-11T23:33:19.6326746Z test schedules_validate_and_find_the_next_zoned_occurrence ... ok
linux	Test	2026-09-11T23:33:19.6328450Z test task_specs_reject_missing_execution_inputs ... ok
linux	Test	2026-09-11T23:33:19.6347312Z test store_and_run_metadata_round_trip_through_real_files ... ok
linux	Test	2026-09-11T23:33:19.6348013Z 
linux	Test	2026-09-11T23:33:19.6348659Z test result: ok. 12 passed; 0 failed; 0 ignored; 0 measured; 0 filtered out; finished in 0.00s
linux	Test	2026-09-11T23:33:19.6349500Z 
linux	Test	2026-09-11T23:33:19.6353793Z ^[[1m^[[92m     Running^[[0m tests/task_tui.rs (target/debug/deps/task_tui-418bc36e4addd05d)
linux	Test	2026-09-11T23:33:19.6371133Z 
linux	Test	2026-09-11T23:33:19.6371928Z running 28 tests
linux	Test	2026-09-11T23:33:19.6378504Z test browse_opens_tasks_and_terminal_ctrl_t_is_literal ... ok
linux	Test	2026-09-11T23:33:19.6400211Z test create_and_edit_every_field_and_multiline_prompt_in_terminal ... ok
linux	Test	2026-09-11T23:33:19.6424140Z test dashboard_keeps_consuming_output_and_screen_dirty_while_tasks_open ... ok
linux	Test	2026-09-11T23:33:19.6504211Z test dense_task_list_and_editor_render_with_square_borders ... ok
linux	Test	2026-09-11T23:33:19.6534083Z test destructive_actions_require_confirmation_and_escape_cancels ... ok
linux	Test	2026-09-11T23:33:19.6614050Z test confirmations_show_only_answer_controls_at_narrow_widths ... ok
linux	Test	2026-09-11T23:33:19.6684315Z test history_status_live_transcript_cancel_and_confirmed_cleanup ... ok
linux	Test	2026-09-11T23:33:19.6780353Z test empty_task_views_only_hint_actions_with_available_targets ... ok
linux	Test	2026-09-11T23:33:19.6794622Z test invalid_concurrency_shows_error_with_edit_controls_and_recovers ... ok
linux	Test	2026-09-11T23:33:19.6795968Z test multiline_cursor_edits_unicode_without_corruption ... ok
linux	Test	2026-09-11T23:33:19.6797524Z test new_task_defaults_match_cli_off_thinking_and_one_hour_timeout ... ok
linux	Test	2026-09-11T23:33:19.6798905Z test pause_resume_manual_run_and_concurrency ... ok
linux	Test	2026-09-11T23:33:19.6800545Z test rejected_save_retains_every_field_and_prompt_for_correction ... ok
linux	Test	2026-09-11T23:33:19.6850703Z test long_editor_fields_keep_the_cursor_text_visible ... ok
linux	Test	2026-09-11T23:33:19.7230040Z test task_confirmations_honor_default_no_and_case_insensitive_answers ... ok
linux	Test	2026-09-11T23:33:19.7502621Z test task_mouse_narrow_offset_editor_maps_scrolled_prompt_and_ignores_hidden_rows ... ok
linux	Test	2026-09-11T23:33:19.8714595Z test task_mouse_edits_unicode_fields_and_multiline_prompt_and_submits_once ... ok
linux	Test	2026-09-11T23:33:19.9081557Z test task_mouse_project_picker_and_transcript_wheel_use_visible_rows ... ok
linux	Test	2026-09-11T23:33:19.9984564Z test task_mouse_selects_scrolled_rows_and_dispatches_controls_with_confirmation ... ok
linux	Test	2026-09-11T23:33:20.0094401Z test task_mouse_run_rows_cancel_and_cleanup_use_selected_run ... ok
linux	Test	2026-09-11T23:33:20.0164333Z test task_project_picker_preserves_edit_target_and_rejects_unmatched_save ... ok
linux	Test	2026-09-11T23:33:20.0194267Z test task_project_picker_uses_dashboard_projects_and_filters_before_save ... ok
linux	Test	2026-09-11T23:33:20.0260762Z test transcript_wrap_is_cached_between_frames ... ok
linux	Test	2026-09-11T23:33:20.0274328Z test unicode_duration_keeps_editor_fields_available_for_correction ... ok
linux	Test	2026-09-11T23:33:20.0319945Z test unicode_prompt_render_is_safe_while_another_field_has_focus ... ok
linux	Test	2026-09-11T23:33:20.0391851Z test ux_empty_history_preserves_status_without_stale_working ... ok
linux	Test	2026-09-11T23:33:20.0594528Z test ux_narrow_task_footer_keeps_escape_and_save_complete ... ok
linux	Test	2026-09-11T23:33:20.0675334Z test transcript_preserves_split_unicode_json_and_bounds_memory ... ok
linux	Test	2026-09-11T23:33:20.0676074Z 
linux	Test	2026-09-11T23:33:20.0676703Z test result: ok. 28 passed; 0 failed; 0 ignored; 0 measured; 0 filtered out; finished in 0.43s
linux	Test	2026-09-11T23:33:20.0679596Z 
linux	Test	2026-09-11T23:33:20.0694744Z ^[[1m^[[92m     Running^[[0m tests/terminal_acceptance.rs (target/debug/deps/terminal_acceptance-350d405ed9350ed7)
linux	Test	2026-09-11T23:33:20.0695545Z 
linux	Test	2026-09-11T23:33:20.0695716Z running 10 tests
linux	Test	2026-09-11T23:33:20.1435557Z 2
linux	Test	2026-09-11T23:33:20.1436418Z 2
linux	Test	2026-09-11T23:33:20.1516431Z 3
linux	Test	2026-09-11T23:33:20.1652958Z 4
linux	Test	2026-09-11T23:33:20.1698110Z 3
linux	Test	2026-09-11T23:33:21.1150820Z test copy_mode_acceptance_emits_selected_text_and_reattaches ... ok
linux	Test	2026-09-11T23:33:21.1775722Z 2
linux	Test	2026-09-11T23:33:21.1875449Z 3
linux	Test	2026-09-11T23:33:23.8981998Z test default_dashboard_acceptance_wrapper_exercises_pty_controls ... ok
linux	Test	2026-09-11T23:33:24.0070460Z test empty_dashboard_start_screen_reports_isolated_paths ... ok
linux	Test	2026-09-11T23:33:24.0590466Z 2
linux	Test	2026-09-11T23:33:24.0684044Z 3
linux	Test	2026-09-11T23:33:24.0754716Z 4
linux	Test	2026-09-11T23:33:24.3674117Z test copy_history_acceptance_emits_across_page_and_tile_boundaries ... ok
linux	Test	2026-09-11T23:33:24.3675134Z test mouse_fixture_child ... ignored
linux	Test	2026-09-11T23:33:24.4209249Z 2
linux	Test	2026-09-11T23:33:24.4292202Z 3
linux	Test	2026-09-11T23:33:24.4381219Z 4
linux	Test	2026-09-11T23:33:25.3011551Z test mouse_forwarding_outer_pty_round_trip ... ok
linux	Test	2026-09-11T23:33:25.3526576Z 2
linux	Test	2026-09-11T23:33:25.3602692Z 3
linux	Test	2026-09-11T23:33:25.3855525Z test history_keyboard_reads_old_output_during_live_session ... ok
linux	Test	2026-09-11T23:33:25.4464372Z 2
linux	Test	2026-09-11T23:33:25.4532774Z 3
linux	Test	2026-09-11T23:33:26.1941563Z test pause_resume_dashboard_round_trip ... ok
linux	Test	2026-09-11T23:33:26.2453492Z 2
linux	Test	2026-09-11T23:33:26.2544687Z 3
linux	Test	2026-09-11T23:33:26.5636134Z test split_terminal_acceptance_preserves_input_and_geometry ... ok
linux	Test	2026-09-11T23:33:27.0500136Z test workspace_shortcut_creates_and_attaches_through_real_dashboard ... ok
linux	Test	2026-09-11T23:33:27.0500978Z 
linux	Test	2026-09-11T23:33:27.0501638Z test result: ok. 9 passed; 0 failed; 1 ignored; 0 measured; 0 filtered out; finished in 6.98s
linux	Test	2026-09-11T23:33:27.0502362Z 
linux	Test	2026-09-11T23:33:27.0506488Z ^[[1m^[[92m     Running^[[0m tests/tui/main.rs (target/debug/deps/tui-15703bfa93e95ccc)
linux	Test	2026-09-11T23:33:27.0521349Z 
linux	Test	2026-09-11T23:33:27.0521829Z running 180 tests
linux	Test	2026-09-11T23:33:27.0532587Z test control_punctuation_and_modified_keys_encode ... ok
linux	Test	2026-09-11T23:33:27.0534031Z test copy_history::browse_and_terminal_modes_keep_input_ownership_clear ... ok
linux	Test	2026-09-11T23:33:27.1044588Z test copy_history::copy_history_invalid_snapshot_never_emits_partial_text ... ok
linux	Test	2026-09-11T23:33:27.1069010Z test copy_history::copy_history_extraction_joins_wrap_and_skips_continuations ... ok
linux	Test	2026-09-11T23:33:27.1108122Z test copy_history::copy_mode_cancels_at_identity_boundaries ... ok
linux	Test	2026-09-11T23:33:27.1134122Z test copy_history::copy_mode_keeps_alternate_and_resync_snapshots ... ok
linux	Test	2026-09-11T23:33:27.1161480Z test copy_history::copy_mode_routes_keys_and_freezes_output ... ok
linux	Test	2026-09-11T23:33:27.1180688Z test copy_history::copy_mode_waits_for_matching_screen ... ok
linux	Test	2026-09-11T23:33:27.1214597Z test copy_history::copy_mouse_drag_normalizes_wide_cells_and_visible_copy_close_capture_input ... ok
linux	Test	2026-09-11T23:33:27.1249926Z test copy_history::copy_mouse_release_position_and_focus_loss_bound_the_gesture ... ok
linux	Test	2026-09-11T23:33:27.1256770Z test copy_history::copy_render_highlights_unicode_and_preserves_layout ... ok
linux	Test	2026-09-11T23:33:27.1604590Z test copy_history::copy_render_tiny_pane_and_footer ... ok
linux	Test	2026-09-11T23:33:27.1610749Z test copy_history::history_begin_is_cancelled_and_captured_by_active_overlays ... ok
linux	Test	2026-09-11T23:33:27.1641040Z test copy_history::history_cancelled_begin_releases_late_snapshot ... ok
linux	Test	2026-09-11T23:33:27.1659123Z test copy_history::history_cursor_async_continuation_resolution_reveals_predecessor_tile ... ok
linux	Test	2026-09-11T23:33:27.1665530Z test copy_history::history_cursor_resolution_reveals_anchored_viewport ... ok
linux	Test	2026-09-11T23:33:27.1666809Z test copy_history::history_cursor_stays_visible_while_predecessor_tile_loads ... ok
linux	Test	2026-09-11T23:33:27.1670458Z test copy_history::history_empty_rows_only_anchor_after_explicit_anchor ... ok
linux	Test	2026-09-11T23:33:27.1676651Z test copy_history::history_key_kinds_gate_actions ... ok
linux	Test	2026-09-11T23:33:27.1691708Z test copy_history::history_live_output_preserves_anchor ... ok
linux	Test	2026-09-11T23:33:27.1790902Z test copy_history::history_mouse_bounds_match_offset_painted_cells_and_resize_keeps_capture ... ok
linux	Test	2026-09-11T23:33:27.2057517Z test copy_history::copy_history_range_survives_live_eviction ... ok
linux	Test	2026-09-11T23:33:27.2064561Z test copy_history::history_navigation_never_writes_to_pty ... ok
linux	Test	2026-09-11T23:33:27.2128857Z test copy_history::history_mouse_drag_uses_frozen_offsets_and_cancels_stale_completion ... ok
linux	Test	2026-09-11T23:33:27.2137323Z test copy_history::history_pending_keys_coalesce ... ok
linux	Test	2026-09-11T23:33:27.2141446Z test copy_history::history_release_precedes_hierarchy_fallback_selection ... ok
linux	Test	2026-09-11T23:33:27.2157132Z test copy_history::history_resize_preserves_capture ... ok
linux	Test	2026-09-11T23:33:27.2164261Z test copy_history::history_stale_response_is_ignored ... ok
linux	Test	2026-09-11T23:33:27.2184436Z test copy_history::history_unanchored_retry_keys_reissue_failed_cursor_request ... ok
linux	Test	2026-09-11T23:33:27.2204222Z test copy_history::history_waits_for_coalesced_focus_view_before_capture ... ok
linux	Test	2026-09-11T23:33:27.2224328Z test copy_history::matching_history_open_clears_resize_notice_but_stale_response_does_not ... ok
linux	Test	2026-09-11T23:33:27.2225697Z test copy_history::pause_resume_browse_keys_send_explicit_requests ... ok
linux	Test	2026-09-11T23:33:27.2377896Z test copy_history::pause_resume_dense_status_has_priority ... ok
linux	Test	2026-09-11T23:33:27.2384067Z test copy_history::pause_resume_input_and_paste_stay_guarded ... ok
linux	Test	2026-09-11T23:33:27.2404548Z test copy_history::resize_matching_screen_restores_snapshot_and_ignores_stale_screen ... ok
linux	Test	2026-09-11T23:33:27.2674573Z test copy_history::history_render_preserves_cells_and_clips ... ok
linux	Test	2026-09-11T23:33:27.2780597Z test copy_history::ux_history_footer_names_the_actual_escape_action ... ok
linux	Test	2026-09-11T23:33:27.2782382Z test ctrl_g_is_reserved_and_other_control_keys_reach_the_pty ... ok
linux	Test	2026-09-11T23:33:27.2784317Z test dashboard_reader_channel_applies_bounded_backpressure ... ok
linux	Test	2026-09-11T23:33:27.2795395Z test inverse_colors_keep_explicit_colors_and_set_reverse_modifier ... ok
linux	Test	2026-09-11T23:33:27.2840522Z test mouse::browse_click_focuses_other_running_pane_and_types_after_view_ack ... ok
linux	Test	2026-09-11T23:33:27.2904089Z test mouse::browse_click_in_pane_focuses_without_bytes ... ok
linux	Test	2026-09-11T23:33:27.2933930Z test mouse::ctrl_g_releases_held_buttons_before_switching ... ok
linux	Test	2026-09-11T23:33:27.2994138Z test mouse::dragging_tracked_mouse_into_sidebar_releases_application_button ... ok
linux	Test	2026-09-11T23:33:27.3014046Z test mouse::focus_lost_finishes_gestures_and_focus_gained_resumes ... ok
linux	Test	2026-09-11T23:33:27.3031630Z test copy_history::whichkey_acquisition_cancels_copy_and_history_drags ... ok
linux	Test	2026-09-11T23:33:27.3044496Z test mouse::mouse_encode_legacy_boundaries ... ok
linux	Test	2026-09-11T23:33:27.3045317Z test mouse::mouse_encode_sgr_events ... ok
linux	Test	2026-09-11T23:33:27.3046143Z test mouse::mouse_encode_tracking_filters ... ok
linux	Test	2026-09-11T23:33:27.3051207Z test mouse::leaving_the_rectangle_releases_at_last_valid_cell ... ok
linux	Test	2026-09-11T23:33:27.3080178Z test mouse::pause_cancels_a_held_mouse_gesture ... ok
linux	Test	2026-09-11T23:33:27.3104148Z test mouse::press_outside_rectangle_is_not_clamped ... ok
linux	Test	2026-09-11T23:33:27.3124642Z test mouse::protocol_change_clears_held_state ... ok
linux	Test	2026-09-11T23:33:27.3125724Z test mouse::terminal_click_focuses_other_pane_without_forwarding ... ok
linux	Test	2026-09-11T23:33:27.3131488Z test mouse::terminal_mode_keeps_dashboard_mouse_capture_without_a_ready_session ... ok
linux	Test	2026-09-11T23:33:27.3167116Z test mouse::wheel_is_forwarded_when_tracking_is_enabled ... ok
linux	Test	2026-09-11T23:33:27.3201302Z test mouse::wheel_down_at_newest_row_returns_to_live ... ok
linux	Test	2026-09-11T23:33:27.3217551Z test mouse::wheel_over_a_pane_without_tracking_opens_history_at_the_tail ... ok
linux	Test	2026-09-11T23:33:27.3222831Z test mouse::wheel_up_over_the_unfocused_pane_opens_its_history ... ok
linux	Test	2026-09-11T23:33:27.3224231Z test ordinary_response_errors_remain_visible_to_dashboard ... ok
linux	Test	2026-09-11T23:33:27.3225313Z test output_for_newly_selected_session_waits_for_screen ... ok
linux	Test	2026-09-11T23:33:27.3414769Z test palette::a_opens_project_form_with_roots_and_derives_name_and_root ... ok
linux	Test	2026-09-11T23:33:27.3434704Z test palette::created_session_enters_terminal_mode ... ok
linux	Test	2026-09-11T23:33:27.3546829Z test palette::double_enter_refreshes_the_derived_workspace_root_listing ... ok
linux	Test	2026-09-11T23:33:27.3661512Z test palette::empty_hierarchy_shows_start_screen ... ok
linux	Test	2026-09-11T23:33:27.3964338Z test palette::case_only_branch_mismatch_is_refused_not_submitted ... ok
linux	Test	2026-09-11T23:33:27.4044948Z test palette::keyboard_overlays_cancel_divider_gesture_before_consuming_release ... ok
linux	Test	2026-09-11T23:33:27.4154395Z test palette::leader_workspace_uses_inspection_and_name_first_picker_defaults ... ok
linux	Test	2026-09-11T23:33:27.4247834Z test palette::n_is_listed_in_the_browse_footer ... ok
linux	Test	2026-09-11T23:33:27.4354495Z test palette::fuzzy_matched_branch_is_not_submitted_without_confirmation ... ok
linux	Test	2026-09-11T23:33:27.4431187Z test palette::n_is_listed_in_the_hint_table ... ok
linux	Test	2026-09-11T23:33:27.4464405Z test palette::n_opens_terminal_form_prefilled_for_selected_workspace ... ok
linux	Test	2026-09-11T23:33:27.4594302Z test palette::narrow_popup_moves_description_to_detail_line ... ok
linux	Test	2026-09-11T23:33:27.4864489Z test palette::nested_whichkey_empty_hierarchy_can_register_and_open_global_view ... ok
linux	Test	2026-09-11T23:33:27.5044501Z test palette::nested_whichkey_live_phase_updates_pause_resume_and_ignores_invalid_keys ... ok
linux	Test	2026-09-11T23:33:27.5181154Z test palette::nested_whichkey_container_selection_limits_groups_and_removal_target ... ok
linux	Test	2026-09-11T23:33:27.5499634Z test palette::nested_whichkey_mouse_and_enter_open_groups_before_running_actions ... ok
linux	Test	2026-09-11T23:33:27.5694563Z test palette::nested_whichkey_terminal_group_waits_for_action_and_backspace_returns ... ok
linux	Test	2026-09-11T23:33:27.5744094Z test palette::palette_active_field_remains_visible_in_a_small_window ... ok
linux	Test	2026-09-11T23:33:27.5764177Z test palette::palette_close_updates_selection_and_clears_removed_screen ... ok
linux	Test	2026-09-11T23:33:27.5864074Z test palette::palette_entries_show_keys_and_descriptions ... ok
linux	Test	2026-09-11T23:33:27.6067415Z test palette::nested_whichkey_removal_confirms_the_selected_target_and_can_cancel ... ok
linux	Test	2026-09-11T23:33:27.6164273Z test palette::palette_escape_cancels_pending_request ... ok
linux	Test	2026-09-11T23:33:27.6524544Z test palette::palette_filters_and_captures_input_without_sending_it_to_terminal ... ok
linux	Test	2026-09-11T23:33:27.6525721Z test palette::palette_hint_action_ignores_late_inspection_error ... ok
linux	Test	2026-09-11T23:33:27.6709612Z test palette::palette_requires_fields_and_keeps_terminal_keys_outside_palette ... ok
linux	Test	2026-09-11T23:33:27.6734246Z test palette::palette_switch_drops_late_inventory_without_clearing_current_error ... ok
linux	Test	2026-09-11T23:33:27.6811559Z test palette::palette_switches_by_search_and_confirms_exact_close_target ... ok
linux	Test	2026-09-11T23:33:27.6934325Z test palette::paste_into_repository_field_refreshes_the_listing ... ok
linux	Test	2026-09-11T23:33:27.7685351Z test palette::palette_forms_build_workspace_and_project_requests_and_draw_at_small_sizes ... ok
linux	Test	2026-09-11T23:33:27.7864116Z test palette::question_mark_popup_is_browsable ... ok
linux	Test	2026-09-11T23:33:27.7872917Z test palette::picker_validation_keeps_recovery_hints_and_cancels_without_removal ... ok
linux	Test	2026-09-11T23:33:27.8124273Z test palette::removal_picker_rejects_no_match_and_excludes_root ... ok
linux	Test	2026-09-11T23:33:27.8177718Z test palette::removal_pickers_filter_and_confirm_a_different_target ... ok
linux	Test	2026-09-11T23:33:27.8184806Z test palette::search_selection_clamps_when_entries_shrink ... ok
linux	Test	2026-09-11T23:33:27.8284139Z test palette::removal_pickers_with_empty_hierarchy_never_confirm ... ok
linux	Test	2026-09-11T23:33:27.8370985Z test palette::space_w_n_opens_the_terminal_form ... ok
linux	Test	2026-09-11T23:33:27.8394349Z test palette::tasks_hotkey_cancels_pending_history_like_control_t ... ok
linux	Test	2026-09-11T23:33:27.8467452Z test palette::tab_on_a_leaf_path_advances_to_the_next_field ... ok
linux	Test	2026-09-11T23:33:27.9084577Z test palette::typed_branch_missing_from_hints_is_refused_not_replaced ... ok
linux	Test	2026-09-11T23:33:27.9174254Z test palette::uppercase_x_confirms_session_close_without_closing_pane ... ok
linux	Test	2026-09-11T23:33:27.9224626Z test palette::typed_existing_branch_survives_hint_arrival ... ok
linux	Test	2026-09-11T23:33:27.9459506Z test palette::ux_forms_put_task_name_in_border_and_keep_active_field_visible ... ok
linux	Test	2026-09-11T23:33:27.9485007Z test palette::ux_browse_footer_names_actions_and_respects_availability ... ok
linux	Test	2026-09-11T23:33:27.9606079Z test palette::w_opens_workspace_form_with_project_and_derived_branch ... ok
linux	Test	2026-09-11T23:33:27.9830220Z test palette::ux_search_keeps_session_identity_and_filters_complete_context ... ok
linux	Test	2026-09-11T23:33:27.9964403Z test palette::whichkey_copy_cursor_moves_into_popup_instead_of_underlying_capture ... ok
linux	Test	2026-09-11T23:33:27.9971215Z test palette::whichkey_compact_corner_preserves_the_surrounding_dashboard ... ok
linux	Test	2026-09-11T23:33:28.0224369Z test palette::whichkey_empty_workspace_click_sets_terminal_form_target ... ok
linux	Test	2026-09-11T23:33:28.0234815Z test palette::whichkey_copy_leader_preserves_capture_and_v_anchors ... ok
linux	Test	2026-09-11T23:33:28.0484616Z test palette::whichkey_preserves_readiness_and_never_forwards_overlay_input ... ok
linux	Test	2026-09-11T23:33:28.0854587Z test palette::whichkey_mouse_uses_rendered_rows_and_blocks_background_clicks ... ok
linux	Test	2026-09-11T23:33:28.1127200Z test palette::whichkey_scrolled_last_row_remains_clickable_after_resize ... ok
linux	Test	2026-09-11T23:33:28.1296257Z test palette::whichkey_tiny_layouts_and_last_disabled_detail_remain_browsable ... ok
linux	Test	2026-09-11T23:33:28.1529480Z test palette::workspace_created_with_exited_local_shell_closes_palette ... ok
linux	Test	2026-09-11T23:33:28.1539051Z test palette::workspace_creation_attaches_to_its_local_shell ... ok
linux	Test	2026-09-11T23:33:28.1843192Z test palette::workspace_creation_cancel_and_failure_do_not_attach_late ... ok
linux	Test	2026-09-11T23:33:28.1855110Z test paste_honors_bracketed_paste_mode ... ok
linux	Test	2026-09-11T23:33:28.1874165Z test render_terminal_copies_text_style_wide_cells_and_cursor ... ok
linux	Test	2026-09-11T23:33:28.1875397Z test render_terminal_crossterm_roundtrip_clears_replaced_text ... ok
linux	Test	2026-09-11T23:33:28.1894197Z test runtime_paste_event_becomes_selected_session_input ... ok
linux	Test	2026-09-11T23:33:28.2157290Z test palette::workspace_branch_mode_uses_local_branches_and_preserves_edits ... ok
linux	Test	2026-09-11T23:33:28.2185172Z test sidebar::agent_hook_selected_metadata_reports_activity_and_lifecycle ... ok
linux	Test	2026-09-11T23:33:28.2251881Z test sidebar::agent_hook_sidebar_states_are_literal ... ok
linux	Test	2026-09-11T23:33:28.2338642Z test sidebar::collapse_and_mouse_hits_use_current_visible_tree ... ok
linux	Test	2026-09-11T23:33:28.2345447Z test sidebar::agent_hook_summary_updates_drive_animation ... ok
linux	Test	2026-09-11T23:33:28.2434342Z test sidebar::compact_sidebar_clicks_use_both_session_lines_and_adjacent_containers ... ok
linux	Test	2026-09-11T23:33:28.2592025Z test sidebar::context_updates_leave_the_compact_sidebar_unchanged ... ok
linux	Test	2026-09-11T23:33:28.2677053Z test sidebar::dashboard_inner_rect_keeps_last_pty_row_and_cursor_visible ... ok
linux	Test	2026-09-11T23:33:28.2748958Z test sidebar::dashboard_geometry_remains_drawable_at_target_and_tiny_sizes ... ok
linux	Test	2026-09-11T23:33:28.2790871Z test sidebar::empty_pane_click_preserves_the_assigned_wire_focus ... ok
linux	Test	2026-09-11T23:33:28.2825789Z test sidebar::dashboard_layout ... ok
linux	Test	2026-09-11T23:33:28.2965724Z test sidebar::empty_workspace_selection_does_not_cover_a_retained_terminal ... ok
linux	Test	2026-09-11T23:33:28.3044021Z test sidebar::long_sidebar_names_clip_to_one_screen_line ... ok
linux	Test	2026-09-11T23:33:28.3089472Z test sidebar::fifty_session_selection_scrolls_tree_and_mouse_hits_viewport ... ok
linux	Test	2026-09-11T23:33:28.3132446Z test sidebar::selected_session_uses_two_full_width_sidebar_lines ... ok
linux	Test	2026-09-11T23:33:28.3152915Z test sidebar::shrinking_dashboard_keeps_selected_tree_row_visible ... ok
linux	Test	2026-09-11T23:33:28.3268658Z test sidebar::sidebar_container_click_keeps_focus_on_another_assigned_pane ... ok
linux	Test	2026-09-11T23:33:28.3411438Z test sidebar::sidebar_glyphs_and_columns_match_the_reference_tree ... ok
linux	Test	2026-09-11T23:33:28.3412872Z test sidebar::sidebar_animates_only_explicitly_busy_sessions ... ok
linux	Test	2026-09-11T23:33:28.3462838Z test sidebar::sidebar_labels_select_without_toggling_and_work_in_terminal_mode ... ok
linux	Test	2026-09-11T23:33:28.3495930Z test sidebar::sidebar_uses_agent_label_prefixes_and_emphasizes_tree_names ... ok
linux	Test	2026-09-11T23:33:28.3555435Z test sidebar::ux_live_metadata_is_readable_and_preserves_selection ... ok
linux	Test	2026-09-11T23:33:28.3593555Z test split::divider_gesture_releases_all_application_buttons_without_resizing ... ok
linux	Test	2026-09-11T23:33:28.3605373Z test split::divider_drag_resizes_both_panes_and_revokes_input_until_acknowledged ... ok
linux	Test	2026-09-11T23:33:28.3614654Z test split::incomplete_final_ok_marks_panes_failed_and_refreshes ... ok
linux	Test	2026-09-11T23:33:28.3626554Z test split::pane_rects_keep_split_geometry_and_hide_unfocused_tiny_pane ... ok
linux	Test	2026-09-11T23:33:28.3632895Z test split::settings_error_survives_the_geometry_ack ... ok
linux	Test	2026-09-11T23:33:28.3634458Z test split::split_error_is_cleared_by_the_view_the_next_selection_requests ... ok
linux	Test	2026-09-11T23:33:28.3687425Z test split::divider_preference_survives_resize_hiding_and_focus_loss_with_nonzero_origins ... ok
linux	Test	2026-09-11T23:33:28.3714016Z test split::split_error_survives_mouse_cleanup_ack ... ok
linux	Test	2026-09-11T23:33:28.3715017Z test split::split_layout_geometry_and_narrow_fallback ... ok
linux	Test	2026-09-11T23:33:28.4654630Z test split::split_layout_renders_independent_cells_and_cursor ... ok
linux	Test	2026-09-11T23:33:28.4655887Z test split::split_preserves_history_copy_and_paused_input ... ok
linux	Test	2026-09-11T23:33:28.4660950Z test split::split_review_absent_a_screen_cannot_authorize_reassigned_parser ... ok
linux	Test	2026-09-11T23:33:28.4676388Z test split::split_review_cancels_inflight_history_copy_before_focus_change ... ok
linux	Test	2026-09-11T23:33:28.4678088Z test split::split_review_close_reopen_does_not_authorize_recreated_parser ... ok
linux	Test	2026-09-11T23:33:28.4683970Z test split::split_review_discarded_pending_view_refreshes_before_late_receipts ... ok
linux	Test	2026-09-11T23:33:28.4693993Z test split::split_review_focus_select_and_close_revoke_public_input_until_setview_ok ... ok
linux	Test	2026-09-11T23:33:28.4706831Z test split::split_review_keeps_history_a_while_b_changes_and_cancels_late_work ... ok
linux	Test	2026-09-11T23:33:28.6238383Z test split::split_error_survives_a_screen_dirty_refresh ... ok
linux	Test	2026-09-11T23:33:28.6248130Z test split::split_review_pending_a_b_a_preserves_received_parser_before_ok ... ok
linux	Test	2026-09-11T23:33:28.6261175Z test split::split_review_pending_view_completes_after_focus_and_geometry_return ... ok
linux	Test	2026-09-11T23:33:28.6274534Z test split::split_review_preserves_nonfirst_survivor_on_hierarchy_removal ... ok
linux	Test	2026-09-11T23:33:28.6289954Z test split::split_review_readiness_requires_matching_targets_and_cancels_resize_copy ... ok
linux	Test	2026-09-11T23:33:28.6303101Z test split::split_review_replaces_a_b_a_and_rejects_old_completions ... ok
linux	Test	2026-09-11T23:33:28.6304908Z test split::split_review_requires_all_screens_before_ok_and_ignores_stale_view_completion ... ok
linux	Test	2026-09-11T23:33:28.6323954Z test split::split_review_terminal_modes_use_each_panes_parser ... ok
linux	Test	2026-09-11T23:33:28.6325372Z test split::split_review_unfocused_removal_preserves_focused_history_capture ... ok
linux	Test	2026-09-11T23:33:28.6326651Z test split::split_state_focus_and_close_preserve_sessions ... ok
linux	Test	2026-09-11T23:33:28.6329547Z test split::split_state_ignores_stale_revisions_and_removed_sessions ... ok
linux	Test	2026-09-11T23:33:28.6335312Z test split::split_state_modes_and_input_are_local ... ok
linux	Test	2026-09-11T23:33:28.6494708Z test split::ux_narrow_layout_keeps_help_focus_and_nonzero_view_sizes ... ok
linux	Test	2026-09-11T23:33:28.7312005Z test split::split_review_matching_view_error_disables_input_until_a_new_view_is_ready ... ok
linux	Test	2026-09-11T23:33:28.9099932Z test split::view_error_on_changed_view_does_not_spin ... ok
linux	Test	2026-09-11T23:33:28.9112659Z test split::view_request_ids_are_released_on_final_response ... ok
linux	Test	2026-09-11T23:33:28.9113974Z test terminal_guard_restores_before_prior_hook_callback ... ok
linux	Test	2026-09-11T23:33:28.9116412Z test terminal_guard_restores_each_enabled_mode_once_on_normal_return_and_unwind ... ok
linux	Test	2026-09-11T23:33:28.9117551Z test terminal_guard_rolls_back_modes_when_a_later_enter_write_fails ... ok
linux	Test	2026-09-11T23:33:28.9924794Z test split::view_error_on_unchanged_view_retries_once_after_backoff ... ok
linux	Test	2026-09-11T23:33:28.9925764Z 
linux	Test	2026-09-11T23:33:28.9926392Z test result: ok. 180 passed; 0 failed; 0 ignored; 0 measured; 0 filtered out; finished in 1.94s
linux	Test	2026-09-11T23:33:28.9927116Z 
linux	Test	2026-09-11T23:33:28.9931721Z ^[[1m^[[92m     Running^[[0m unittests src/lib.rs (target/debug/deps/ovrcr_protocol-871982f026a80023)
linux	Test	2026-09-11T23:33:28.9942264Z 
linux	Test	2026-09-11T23:33:28.9942664Z running 23 tests
linux	Test	2026-09-11T23:33:28.9954318Z test agent::tests::agent_report_all_variants_roundtrip_and_secret_redaction ... ok
linux	Test	2026-09-11T23:33:28.9956936Z test codec::agent_foundation_red::agent_report_reservation_wire_contract ... ok
linux	Test	2026-09-11T23:33:28.9958178Z test codec::tests::agent_report_round_trip_and_redaction ... ok
linux	Test	2026-09-11T23:33:28.9959206Z test codec::tests::appended_resource_requests_round_trip ... ok
linux	Test	2026-09-11T23:33:28.9960195Z test agent::tests::agent_report_validation_and_integer_boundaries ... ok
linux	Test	2026-09-11T23:33:28.9968022Z test codec::tests::oversized_frame_is_rejected_before_allocation ... ok
linux	Test	2026-09-11T23:33:28.9980620Z test codec::tests::pause_resume_requests_round_trip ... ok
linux	Test	2026-09-11T23:33:28.9997282Z test codec::tests::preamble_rejects_wrong_magic_and_version ... ok
linux	Test	2026-09-11T23:33:28.9998358Z test codec::tests::preamble_round_trip ... ok
linux	Test	2026-09-11T23:33:28.9999271Z test codec::tests::request_round_trip_preserves_raw_bytes ... ok
linux	Test	2026-09-11T23:33:29.0000179Z test codec::tests::split_view_frames_round_trip ... ok
linux	Test	2026-09-11T23:33:29.0001127Z test codec::tests::split_view_validation_rejects_ambiguous_targets ... ok
linux	Test	2026-09-11T23:33:29.0002082Z test context::tests::context_claude_projection ... ok
linux	Test	2026-09-11T23:33:29.0003098Z test context::tests::context_claude_projection_missing_components_are_unknown ... ok
linux	Test	2026-09-11T23:33:29.0004703Z test context::tests::context_claude_projection_rejects_checked_add_overflow ... ok
linux	Test	2026-09-11T23:33:29.0005771Z test context::tests::context_json_validation ... ok
linux	Test	2026-09-11T23:33:29.0006578Z test context::tests::context_semantics ... ok
linux	Test	2026-09-11T23:33:29.0007495Z test registry::tests::project_removal_rejects_recorded_workspaces ... ok
linux	Test	2026-09-11T23:33:29.0008607Z test registry::tests::registry_rejects_duplicate_projects_and_invalid_names ... ok
linux	Test	2026-09-11T23:33:29.0009828Z test session::tests::response_ready_and_existing_activity_wire_spellings_round_trip ... ok
linux	Test	2026-09-11T23:33:29.0010916Z test wire::tests::validate_rejects_oversized_panes ... ok
linux	Test	2026-09-11T23:33:29.0011928Z test wire::wire_snapshot::wire_encoding_matches_snapshot_for_protocol_version ... ok
linux	Test	2026-09-11T23:33:29.0033772Z test codec::tests::history_page_round_trip_and_size_bound ... ok
linux	Test	2026-09-11T23:33:29.0034481Z 
linux	Test	2026-09-11T23:33:29.0035087Z test result: ok. 23 passed; 0 failed; 0 ignored; 0 measured; 0 filtered out; finished in 0.01s
linux	Test	2026-09-11T23:33:29.0038855Z ^[[1m^[[92m     Running^[[0m unittests src/lib.rs (target/debug/deps/ovrcr_runtime-9d256593a42fe384)
linux	Test	2026-09-11T23:33:29.0039398Z 
linux	Test	2026-09-11T23:33:29.0057115Z 
linux	Test	2026-09-11T23:33:29.0057499Z running 98 tests
linux	Test	2026-09-11T23:33:29.0170853Z test agent_runner::tests::invocation_channel_accepts_exact_payload_limit ... ok
linux	Test	2026-09-11T23:33:29.0177831Z test agent_runner::tests::invocation_channel_rejects_payload_above_limit_without_allocating_or_dispatching ... ok
linux	Test	2026-09-11T23:33:29.0179855Z test config::tests::present_empty_registry_is_reported_and_not_replaced ... ok
linux	Test	2026-09-11T23:33:29.0181612Z test config::tests::corrupt_registry_is_reported_and_not_replaced ... ok
linux	Test	2026-09-11T23:33:29.0185968Z test server::reporting_queue::tests::accounting_is_atomic_with_channel_refill ... ok
linux	Test	2026-09-11T23:33:29.0187773Z test server::reporting_queue::tests::blocked_send_wakes_when_receiver_drops ... ok
linux	Test	2026-09-11T23:33:29.0191706Z test server::reporting_queue::tests::receiver_drop_drains_accounting ... ok
linux	Test	2026-09-11T23:33:29.0199269Z test server::reporting_queue::tests::receiver_wakes_on_send_and_sender_drop ... ok
linux	Test	2026-09-11T23:33:29.0205229Z test server::reporting_queue::tests::sender_drop_cannot_be_lost_between_empty_and_wait ... ok
linux	Test	2026-09-11T23:33:29.0210815Z test config::tests::registry_round_trip_preserves_projects_and_workspaces ... ok
linux	Test	2026-09-11T23:33:29.0222412Z test server::reporting_queue::tests::timeout_uses_channel_state_as_authority ... ok
linux	Test	2026-09-11T23:33:29.0296862Z test server::tests::accepted_shutdown_rejects_late_mutation_while_ack_writer_is_blocked ... ok
linux	Test	2026-09-11T23:33:29.0298305Z test server::tests::agent_report_queue_full_is_a_structured_conflict ... ok
linux	Test	2026-09-11T23:33:29.1274632Z test server::tests::accept_loop_survives_thread_spawn_failure ... ok
linux	Test	2026-09-11T23:33:29.1479438Z test server::tests::agent_reporting::agent_report_component_order_survives_uncertain_clear ... ok
linux	Test	2026-09-11T23:33:29.2442641Z test server::tests::agent_reporting::agent_report_finalize_atomic_retry_and_exit_rejection ... ok
linux	Test	2026-09-11T23:33:29.2646752Z test server::tests::agent_reporting::agent_report_independent_streams_atomic_components_and_authentication ... ok
linux	Test	2026-09-11T23:33:29.3615901Z test server::tests::agent_reporting::agent_report_legacy_remains_available_until_binding ... ok
linux	Test	2026-09-11T23:33:29.3813659Z test server::tests::agent_reporting::agent_report_lost_reservation_delivery_and_delayed_reservation_do_not_allocate ... ok
linux	Test	2026-09-11T23:33:29.4805543Z test server::tests::agent_reporting::agent_report_rejects_decreases_after_unknown_and_collector_loss ... ok
linux	Test	2026-09-11T23:33:29.4990856Z test server::tests::agent_reporting::agent_report_reservation_connection_loss_releases_unbound_slot ... ok
linux	Test	2026-09-11T23:33:29.5974904Z test server::tests::agent_reporting::agent_report_reservation_retry_and_stale_compare_exchange ... ok
linux	Test	2026-09-11T23:33:29.6178915Z test server::tests::agent_reporting::agent_report_supervisor_connection_loss_and_late_cleanup ... ok
linux	Test	2026-09-11T23:33:29.7158440Z test server::tests::agent_reporting::response_ready_socket_snapshot_reconnect_and_revision_order ... ok
linux	Test	2026-09-11T23:33:29.7185910Z test server::tests::control_and_refresh_failures_preserve_both_causes ... ok
linux	Test	2026-09-11T23:33:31.6274903Z test server::tests::close_failure_retains_record_until_cleanup_can_finish ... ok
linux	Test	2026-09-11T23:33:31.6280732Z test server::tests::dashboard_overflow_closes_affected_connection ... ok
linux	Test	2026-09-11T23:33:31.6282311Z test server::tests::dashboard_overflow_does_not_clear_replacement_slot ... ok
linux	Test	2026-09-11T23:33:31.6288299Z test server::tests::dashboard_shutdown_completes_when_response_sink_is_closed ... ok
linux	Test	2026-09-11T23:33:31.7329210Z test server::tests::dashboard_shutdown_waits_for_stalled_writer_completion ... ok
linux	Test	2026-09-11T23:33:31.7339068Z test server::tests::dashboard_slot_is_released_when_registration_panics ... ok
linux	Test	2026-09-11T23:33:31.7404321Z test server::tests::dashboard_snapshot_counts_messages_terminal_and_dirty_separately ... ok
linux	Test	2026-09-11T23:33:33.7720864Z test server::tests::history_capture_orders_with_output ... ok
linux	Test	2026-09-11T23:33:33.7751736Z test server::tests::current_owner_rejects_hidden_input_and_unknown_view_session ... ok
linux	Test	2026-09-11T23:33:37.8321182Z test server::tests::history_page_overflow_disconnects_without_parser_wait ... ok
linux	Test	2026-09-11T23:33:37.8324368Z test server::tests::history_owner_and_token_isolation ... ok
linux	Test	2026-09-11T23:33:37.8329211Z test server::tests::hook_socket_resolution_canonicalizes_parent_and_rejects_leaf_symlink ... ok
linux	Test	2026-09-11T23:33:38.3753166Z test server::tests::kill_and_close_refresh_failures_keep_exited_records ... ok
linux	Test	2026-09-11T23:33:38.4043630Z test server::tests::kill_failure_cleanup_retains_original_group_after_leader_exit ... ok
linux	Test	2026-09-11T23:33:40.4887271Z test server::tests::kill_session_termination_failure_revokes_and_retains_session ... ok
linux	Test	2026-09-11T23:33:40.4995101Z test server::tests::late_response_does_not_reach_a_replacement_dashboard ... ok
linux	Test	2026-09-11T23:33:40.4996456Z test server::tests::lifecycle_response_preserves_error_chain_and_code ... ok
linux	Test	2026-09-11T23:33:41.8867411Z test server::tests::invalid_view_preserves_populated_geometry_and_pty_sizes ... ok
linux	Test	2026-09-11T23:33:42.5210580Z test server::tests::oversized_set_view_returns_invalid_request_without_resizing ... ok
linux	Test	2026-09-11T23:33:46.5718442Z test server::tests::partial_resize_connection_delivers_error_before_owner_close ... ok
linux	Test	2026-09-11T23:33:48.4172490Z test server::tests::partial_resize_blocked_writer_times_out_and_closes_owner ... ok
linux	Test	2026-09-11T23:33:48.4189608Z test server::tests::pending_output_does_not_evict_dashboard_on_lifecycle_event ... ok
linux	Test	2026-09-11T23:33:48.4191857Z test server::tests::raw_event_and_dispatch_queues_reject_the_65th_item ... ok
linux	Test	2026-09-11T23:33:48.4491303Z test server::tests::registration_publishes_the_session_before_its_events_can_arrive ... ok
linux	Test	2026-09-11T23:33:48.4565848Z test server::tests::relative_bound_socket_validates_spawn_and_child_cwd_is_distinct ... ok
linux	Test	2026-09-11T23:33:50.6232927Z test server::tests::partial_resize_failure_does_not_restore_revision_after_owner_replacement ... ok
linux	Test	2026-09-11T23:33:50.6664414Z test server::tests::session_output_flows_while_another_session_spawns ... ok
linux	Test	2026-09-11T23:33:52.5039587Z test server::tests::resize_is_rejected_for_a_split_view ... ok
linux	Test	2026-09-11T23:33:52.5072688Z test server::tests::set_view_drops_a_session_removed_before_publication ... ok
linux	Test	2026-09-11T23:33:54.7292854Z test server::tests::session_refresh_dispatch_failures_disconnect_without_blocking ... ok
linux	Test	2026-09-11T23:33:56.5580848Z test server::tests::set_view_overflow_disconnects_instead_of_dropping_lifecycle_frames ... ok
linux	Test	2026-09-11T23:33:56.7587212Z test server::tests::set_view_publishes_without_an_unfocused_pane_removed_before_publication ... ok
linux	Test	2026-09-11T23:33:57.2751810Z test server::tests::shutdown_termination_failure_is_partial_and_server_remains_available ... ok
linux	Test	2026-09-11T23:33:57.2952878Z test server::tests::shutdown_without_kill_rejects_paused_session ... ok
linux	Test	2026-09-11T23:33:57.2979443Z test server::tests::split_delivery_dirty_revisions_are_isolated ... ok
linux	Test	2026-09-11T23:34:01.3436957Z test server::tests::split_delivery_rejects_stale_owner_and_input ... ok
linux	Test	2026-09-11T23:34:01.3448097Z test server::tests::split_delivery_snapshots_precede_increments ... ok
linux	Test	2026-09-11T23:34:01.3556887Z test server::tests::stale_geometry_does_not_overwrite_replacement_size ... ok
linux	Test	2026-09-11T23:34:01.3558168Z test server::tests::terminal_delivery_is_final_entry_and_closing_stays_sticky ... ok
linux	Test	2026-09-11T23:34:01.5791149Z test server::tests::shutdown_refresh_failure_keeps_exited_record_and_server_available ... ok
linux	Test	2026-09-11T23:34:01.5797021Z test server::tests::uncommitted_partial_failure_does_not_publish_hierarchy ... ok
linux	Test	2026-09-11T23:34:03.6041958Z test server::tests::view_publication_aborts_when_owner_disconnects_during_resize ... ok
linux	Test	2026-09-11T23:34:05.4059750Z test server::tests::terminal_frame_survives_a_concurrent_lifecycle_event ... ok
linux	Test	2026-09-11T23:34:05.4065111Z test session::reporting::tests::agent_report_component_receipt_age_uses_source_order_not_transport_time ... ok
linux	Test	2026-09-11T23:34:05.4213772Z test session::shell_prompt::tests::compact_prompt_keeps_custom_zdotdir_and_leaves_explicit_commands_alone ... ok
linux	Test	2026-09-11T23:34:05.4214901Z test session::tests::agent_report_order_receipt_accepts_repeated_values ... ok
linux	Test	2026-09-11T23:34:05.4217176Z test session::tests::agent_report_order_rejects_replay_and_mode_switch ... ok
linux	Test	2026-09-11T23:34:05.4227522Z test session::tests::agent_report_order_rejects_zero_sequence_without_mutating_unset ... ok
linux	Test	2026-09-11T23:34:05.4428915Z test session::tests::agent_report_requires_capability_and_preserves_order_on_rejection ... ok
linux	Test	2026-09-11T23:34:05.6254645Z test server::tests::view_revision_floor_survives_exit_and_removal ... ok
linux	Test	2026-09-11T23:34:05.6277713Z test session::tests::final_output_is_parsed_before_session_becomes_removable ... ok
linux	Test	2026-09-11T23:34:05.6712887Z test session::tests::compact_zsh_prompt_preserves_config_and_reports_failure ... ok
linux	Test	2026-09-11T23:34:05.6714627Z test session::tests::group_leader_timeout_override_keeps_the_default_bound ... ok
linux	Test	2026-09-11T23:34:05.6792817Z test session::tests::pause_resume_exit_event_cannot_be_overwritten ... ok
linux	Test	2026-09-11T23:34:05.8799869Z test session::tests::group_leader_timeout_kills_the_child ... ok
linux	Test	2026-09-11T23:34:05.8810828Z test session::tests::pause_resume_rejects_unsafe_group ... ok
linux	Test	2026-09-11T23:34:05.9070529Z test session::tests::pause_resume_terminate_runs_term_handler ... ok
linux	Test	2026-09-11T23:34:05.9357335Z test session::tests::pause_resume_phase_and_input_admission ... ok
linux	Test	2026-09-11T23:34:06.1384502Z test session::tests::pause_resume_terminate_serializes_competing_controls ... ok
linux	Test	2026-09-11T23:34:06.1592419Z test session::tests::resize_reaches_the_child_tty ... ok
linux	Test	2026-09-11T23:34:06.3608624Z test session::tests::shell_round_trip_updates_the_current_screen ... ok
linux	Test	2026-09-11T23:34:06.3799850Z test session::tests::terminate_removes_the_whole_process_group ... ok
linux	Test	2026-09-11T23:34:06.6603666Z test session::tests::terminate_retains_sigcont_permission_error_for_live_group ... ok
linux	Test	2026-09-11T23:34:06.6801303Z test session::tests::terminate_removes_job_control_subgroups ... ok
linux	Test	2026-09-11T23:34:06.6841404Z test task_manager::tests::cleanup_reports_retained_directory_without_registry_ownership ... ok
linux	Test	2026-09-11T23:34:06.6909964Z test task_manager::tests::corrupt_run_file_does_not_block_open ... ok
linux	Test	2026-09-11T23:34:06.7183878Z test task_manager::tests::cancellation_waits_for_admission_to_publish_its_worker ... ok
linux	Test	2026-09-11T23:34:06.7497974Z test task_manager::tests::graceful_shutdown_refuses_a_run_crossing_admission ... ok
linux	Test	2026-09-11T23:34:06.8250688Z test task_manager::tests::workspace_removal_protects_admitted_tasks_before_run_metadata_is_written ... ok
linux	Test	2026-09-11T23:34:06.8274739Z test task_runner::tests::reused_pid_cannot_claim_process_group_or_children ... ok
linux	Test	2026-09-11T23:34:06.8278137Z test task_runner::tests::surviving_member_preserves_owned_group_after_leader_exits ... ok
linux	Test	2026-09-11T23:34:06.8280131Z test tasks::tests::prune_keeps_recent_runs_and_the_newest_per_task ... ok
linux	Test	2026-09-11T23:34:06.8471824Z test task_manager::tests::tick_does_not_reread_terminal_runs ... ok
linux	Test	2026-09-11T23:34:06.8472593Z 
linux	Test	2026-09-11T23:34:06.8473164Z test result: ok. 98 passed; 0 failed; 0 ignored; 0 measured; 0 filtered out; finished in 37.84s
linux	Test	2026-09-11T23:34:06.8475759Z 
linux	Test	2026-09-11T23:34:06.8484408Z ^[[1m^[[92m     Running^[[0m unittests src/lib.rs (target/debug/deps/ovrcr_terminal-571cb8e68e877fbd)
linux	Test	2026-09-11T23:34:06.8497813Z 
linux	Test	2026-09-11T23:34:06.8498208Z running 6 tests
linux	Test	2026-09-11T23:34:06.8501557Z test history::tests::history_alternate_screen_has_no_transcript ... ok
linux	Test	2026-09-11T23:34:06.8503558Z test history::tests::history_bounds_reject_bad_ranges ... ok
linux	Test	2026-09-11T23:34:06.8504634Z test history::tests::history_partial_escape_survives_capture ... ok
linux	Test	2026-09-11T23:34:06.8507439Z test history::tests::history_resize_keeps_old_width ... ok
linux	Test	2026-09-11T23:34:06.8525480Z test history::tests::history_tiles_preserve_wide_combining_and_wrap ... ok
linux	Test	2026-09-11T23:34:06.8528630Z test history::tests::history_retention_is_frozen_and_evicts_oldest ... ok
linux	Test	2026-09-11T23:34:06.8529785Z 
linux	Test	2026-09-11T23:34:06.8530445Z test result: ok. 6 passed; 0 failed; 0 ignored; 0 measured; 0 filtered out; finished in 0.00s
linux	Test	2026-09-11T23:34:06.8531699Z ^[[1m^[[92m     Running^[[0m unittests src/lib.rs (target/debug/deps/ovrcr_tui-635150e4c7aff915)
linux	Test	2026-09-11T23:34:06.8532538Z 
linux	Test	2026-09-11T23:34:06.8545487Z 
linux	Test	2026-09-11T23:34:06.8545891Z running 69 tests
linux	Test	2026-09-11T23:34:06.8554800Z test dashboard::agents::tests::custom_override_replaces_the_custom_entry ... ok
linux	Test	2026-09-11T23:34:06.8556046Z test dashboard::agents::tests::detects_executables_then_shell_then_custom ... ok
linux	Test	2026-09-11T23:34:06.8557239Z test dashboard::copy::tests::copy_clipboard_emits_osc52 ... ok
linux	Test	2026-09-11T23:34:06.8558472Z test dashboard::copy::tests::copy_clipboard_rejects_invalid_payload_and_io_failure ... ok
linux	Test	2026-09-11T23:34:06.8568531Z test dashboard::copy::tests::history_copy_append_normalizes_wide_cells_and_preserves_spaces ... ok
linux	Test	2026-09-11T23:34:06.8570065Z test dashboard::copy::tests::history_copy_append_rejects_malformed_cells_and_byte_overflow ... ok
linux	Test	2026-09-11T23:34:06.8571491Z test dashboard::copy::tests::history_copy_job_streams_overlapping_tiles_and_soft_wraps ... ok
linux	Test	2026-09-11T23:34:06.8572953Z test dashboard::desktop::tests::desktop_attach_disabled_and_reenable_baselines_never_replay ... ok
linux	Test	2026-09-11T23:34:06.8574818Z test dashboard::desktop::tests::desktop_cancelled_host_failure_cannot_replace_new_toggle_notice ... ok
linux	Test	2026-09-11T23:34:06.8576298Z test dashboard::desktop::tests::desktop_health_loss_before_dispatch_cancels_pending_ready ... ok
linux	Test	2026-09-11T23:34:06.8577727Z test dashboard::desktop::tests::desktop_notice_yields_to_the_next_keyboard_action ... ok
linux	Test	2026-09-11T23:34:06.8582444Z test dashboard::desktop::tests::desktop_notification_toggle_does_not_intercept_native_input ... ok
linux	Test	2026-09-11T23:34:06.8601023Z test dashboard::desktop::tests::desktop_pending_candidates_are_bounded_and_identity_text_is_not_code ... ok
linux	Test	2026-09-11T23:34:06.8604377Z test dashboard::desktop::tests::desktop_provider_session_event_reaches_notification_observer ... ok
linux	Test	2026-09-11T23:34:06.8605868Z test dashboard::desktop::tests::desktop_queued_health_loss_then_recovery_stays_cancelled ... ok
linux	Test	2026-09-11T23:34:06.8607663Z test dashboard::desktop::tests::desktop_queued_visible_then_hidden_candidate_stays_cancelled ... ok
linux	Test	2026-09-11T23:34:06.8613465Z test dashboard::desktop::tests::desktop_ready_requires_new_accepted_root_identity_and_only_exports_identity ... ok
linux	Test	2026-09-11T23:34:06.8618365Z test dashboard::desktop::tests::desktop_rebind_and_supervisor_restart_reject_prior_identity ... ok
linux	Test	2026-09-11T23:34:06.8621586Z test dashboard::desktop::tests::desktop_session_event_before_hello_is_part_of_attach_baseline ... ok
linux	Test	2026-09-11T23:34:06.8624292Z test dashboard::desktop::tests::desktop_tasks_view_has_no_visible_terminal_panes ... ok
linux	Test	2026-09-11T23:34:06.8628534Z test dashboard::desktop::tests::desktop_unavailable_ready_is_consumed_without_replaying_on_health_recovery ... ok
linux	Test	2026-09-11T23:34:06.8634842Z test dashboard::desktop::tests::desktop_visibility_uses_drawn_geometry_including_hidden_split_and_empty_view ... ok
linux	Test	2026-09-11T23:34:06.8692563Z test dashboard::desktop::tests::desktop_host_completion_wakes_dashboard_for_remaining_candidates ... ok
linux	Test	2026-09-11T23:34:06.9245107Z test dashboard::git_hints::tests::detached_head_yields_no_base_suggestion ... ok
linux	Test	2026-09-11T23:34:07.0107298Z test dashboard::git_hints::tests::missing_origin_uses_master_then_current_head ... ok
linux	Test	2026-09-11T23:34:07.0289462Z test dashboard::git_hints::tests::branches_and_remote_default_from_real_repository ... ok
linux	Test	2026-09-11T23:34:07.0904682Z test dashboard::git_hints::tests::sole_non_origin_remote_provides_the_base ... ok
linux	Test	2026-09-11T23:34:07.1474938Z test dashboard::palette::mouse_tests::mouse_actions_search_and_confirmation_pending_guard ... ok
linux	Test	2026-09-11T23:34:07.1642098Z test dashboard::palette::mouse_tests::mouse_cursor_uses_rendered_emoji_grapheme_width ... ok
linux	Test	2026-09-11T23:34:07.1966917Z test dashboard::palette::mouse_tests::mouse_form_focus_unicode_edit_and_cancel ... ok
linux	Test	2026-09-11T23:34:07.2530730Z test dashboard::palette::mouse_tests::mouse_menu_back_and_close_without_clickthrough ... ok
linux	Test	2026-09-11T23:34:07.2574501Z test dashboard::palette::mouse_tests::mouse_narrow_form_scroll_reaches_hidden_fields ... ok
linux	Test	2026-09-11T23:34:07.2666228Z test dashboard::palette::mouse_tests::mouse_pick_value_edits_at_visible_cursor ... ok
linux	Test	2026-09-11T23:34:07.2800718Z test dashboard::palette::mouse_tests::mouse_scrolled_picker_accepts_visible_option ... ok
linux	Test	2026-09-11T23:34:07.2944569Z test dashboard::git_hints::tests::timeout_reaps_owned_child_and_output_is_bounded ... ok
linux	Test	2026-09-11T23:34:07.3024414Z test dashboard::palette::mouse_tests::mouse_submit_from_first_field_and_outside_overlay_guard ... ok
linux	Test	2026-09-11T23:34:07.3224462Z test dashboard::palette::mouse_tests::mouse_text_search_and_narrow_unicode_cursor ... ok
linux	Test	2026-09-11T23:34:07.3314878Z test dashboard::palette::mouse_tests::mouse_tiny_overlay_controls_remain_visible ... ok
linux	Test	2026-09-11T23:34:07.3601807Z test dashboard::palette::mouse_tests::mouse_submit_from_project_survives_waiting_for_git_suggestions_once ... ok
linux	Test	2026-09-11T23:34:07.3615104Z test dashboard::picker::tests::expand_path_resolves_tilde_and_keeps_absolute ... ok
linux	Test	2026-09-11T23:34:07.3629872Z test dashboard::picker::tests::git_dirs_sort_first_and_hidden_needs_dot_segment ... ok
linux	Test	2026-09-11T23:34:07.3639860Z test dashboard::picker::tests::listing_is_cached_until_input_changes ... ok
linux	Test	2026-09-11T23:34:07.3676675Z test dashboard::picker::tests::slash_prefix_lists_filesystem_root ... ok
linux	Test	2026-09-11T23:34:07.3693831Z test dashboard::picker::tests::tilde_prefix_lists_code_and_tab_completes ... ok
linux	Test	2026-09-11T23:34:07.3695351Z test dashboard::palette::mouse_tests::mouse_toggle_and_scrolled_path_row ... ok
linux	Test	2026-09-11T23:34:07.3696784Z test dashboard::settings::tests::invalid_file_yields_defaults_and_error ... ok
linux	Test	2026-09-11T23:34:07.3701164Z test dashboard::settings::tests::loads_overrides_and_expands_picker_roots ... ok
linux	Test	2026-09-11T23:34:07.3704088Z test dashboard::tests::compact_sidebar_maps_each_line_to_its_visible_tree_row ... ok
linux	Test	2026-09-11T23:34:07.3706343Z test dashboard::settings::tests::desktop_notifications_default_off_and_explicit_config_opt_in ... ok
linux	Test	2026-09-11T23:34:07.3708455Z test dashboard::tests::completed_history_copy_emits_once_through_the_writer_adapter ... ok
linux	Test	2026-09-11T23:34:07.3709894Z test dashboard::tests::copy_selection_joins_soft_wraps_and_preserves_unicode ... ok
linux	Test	2026-09-11T23:34:07.3711177Z test dashboard::tests::copy_selection_moves_over_wide_cells_and_clamps ... ok
linux	Test	2026-09-11T23:34:07.3712440Z test dashboard::tests::dashboard_input_boundary_defers_after_a_bounded_ready_batch ... ok
linux	Test	2026-09-11T23:34:07.3714271Z test dashboard::tests::dashboard_input_boundary_reports_detach_from_a_processed_event ... ok
linux	Test	2026-09-11T23:34:07.3715771Z test dashboard::tests::dashboard_input_boundary_separates_deferred_input_from_idle_emission ... ok
linux	Test	2026-09-11T23:34:07.3724645Z test dashboard::tests::dashboard_reader_reconciles_two_pane_burst_at_ack_boundary ... ok
linux	Test	2026-09-11T23:34:07.3726646Z test dashboard::tests::dashboard_output_wake_interrupts_idle_wait ... ok
linux	Test	2026-09-11T23:34:07.3728613Z test dashboard::tests::dashboard_surfaces_hello_refusal_and_reader_disconnect ... ok
linux	Test	2026-09-11T23:34:07.3730909Z test dashboard::tests::dashboard_wait_reports_input_and_output_together ... ok
linux	Test	2026-09-11T23:34:07.3732859Z test dashboard::tests::desktop_notification_action_is_opt_in_and_discoverable ... ok
linux	Test	2026-09-11T23:34:07.3734486Z test dashboard::tests::failed_history_copy_writer_preserves_selection_for_retry ... ok
linux	Test	2026-09-11T23:34:07.3748405Z test dashboard::tests::hints_name_targets_and_explain_disabled_session_actions ... ok
linux	Test	2026-09-11T23:34:07.3767235Z test dashboard::tests::initial_selection_completes_zero_target_view_on_ok ... ok
linux	Test	2026-09-11T23:34:07.3770911Z test dashboard::tests::initial_selection_does_not_complete_after_wrong_screen_and_ok ... ok
linux	Test	2026-09-11T23:34:07.3772325Z test dashboard::tests::hierarchy_removal_clears_a_parked_wheel_deferral ... ok
linux	Test	2026-09-11T23:34:07.3783974Z test dashboard::tests::initial_selection_ignores_wrong_screen_before_matching_ok ... ok
linux	Test	2026-09-11T23:34:07.3795606Z test dashboard::tests::panic_hook_ignores_non_main_threads ... ok
linux	Test	2026-09-11T23:34:07.3814689Z test dashboard::tests::mouse_release_precedes_the_replacement_view_request ... ok
linux	Test	2026-09-11T23:34:07.5203762Z test dashboard::tests::provider_dashboard_preserves_quality_unknowns_and_component_age ... ok
linux	Test	2026-09-11T23:34:07.5204697Z 
linux	Test	2026-09-11T23:34:07.5205329Z test result: ok. 69 passed; 0 failed; 0 ignored; 0 measured; 0 filtered out; finished in 0.67s
linux	Test	2026-09-11T23:34:07.5206211Z 
linux	Doc tests	﻿2026-09-11T23:34:07.5285278Z ##[group]Run cargo test --workspace --doc
linux	Doc tests	2026-09-11T23:34:07.5285920Z ^[[36;1mcargo test --workspace --doc^[[0m
linux	Doc tests	2026-09-11T23:34:07.5322018Z shell: /usr/bin/bash -e {0}
linux	Doc tests	2026-09-11T23:34:07.5322286Z env:
linux	Doc tests	2026-09-11T23:34:07.5322505Z   CARGO_TERM_COLOR: always
linux	Doc tests	2026-09-11T23:34:07.5322751Z   SHELL: /bin/bash
linux	Doc tests	2026-09-11T23:34:07.5322976Z   CARGO_HOME: /home/runner/.cargo
linux	Doc tests	2026-09-11T23:34:07.5323494Z   CARGO_INCREMENTAL: 0
linux	Doc tests	2026-09-11T23:34:07.5323745Z   CACHE_ON_FAILURE: true
linux	Doc tests	2026-09-11T23:34:07.5323980Z ##[endgroup]
linux	Doc tests	2026-09-11T23:34:07.7141586Z ^[[1m^[[92m    Finished^[[0m `test` profile [unoptimized + debuginfo] target(s) in 0.16s
linux	Doc tests	2026-09-11T23:34:07.7220623Z ^[[1m^[[92m   Doc-tests^[[0m ovrcr
linux	Doc tests	2026-09-11T23:34:08.6078292Z 
linux	Doc tests	2026-09-11T23:34:08.6079126Z running 0 tests
linux	Doc tests	2026-09-11T23:34:08.6079692Z 
linux	Doc tests	2026-09-11T23:34:08.6080358Z test result: ok. 0 passed; 0 failed; 0 ignored; 0 measured; 0 filtered out; finished in 0.00s
linux	Doc tests	2026-09-11T23:34:08.6080986Z 
linux	Doc tests	2026-09-11T23:34:08.6183897Z ^[[1m^[[92m   Doc-tests^[[0m ovrcr_protocol
linux	Doc tests	2026-09-11T23:34:08.8892945Z 
linux	Doc tests	2026-09-11T23:34:08.8897623Z running 0 tests
linux	Doc tests	2026-09-11T23:34:08.8898124Z 
linux	Doc tests	2026-09-11T23:34:08.8898883Z test result: ok. 0 passed; 0 failed; 0 ignored; 0 measured; 0 filtered out; finished in 0.00s
linux	Doc tests	2026-09-11T23:34:08.8899729Z 
linux	Doc tests	2026-09-11T23:34:08.8922764Z ^[[1m^[[92m   Doc-tests^[[0m ovrcr_runtime
linux	Doc tests	2026-09-11T23:34:09.0318674Z 
linux	Doc tests	2026-09-11T23:34:09.0319440Z running 0 tests
linux	Doc tests	2026-09-11T23:34:09.0320212Z 
linux	Doc tests	2026-09-11T23:34:09.0320906Z test result: ok. 0 passed; 0 failed; 0 ignored; 0 measured; 0 filtered out; finished in 0.00s
linux	Doc tests	2026-09-11T23:34:09.0321687Z 
linux	Doc tests	2026-09-11T23:34:09.0354326Z ^[[1m^[[92m   Doc-tests^[[0m ovrcr_terminal
linux	Doc tests	2026-09-11T23:34:09.0576142Z 
linux	Doc tests	2026-09-11T23:34:09.0576915Z running 0 tests
linux	Doc tests	2026-09-11T23:34:09.0577484Z 
linux	Doc tests	2026-09-11T23:34:09.0578182Z test result: ok. 0 passed; 0 failed; 0 ignored; 0 measured; 0 filtered out; finished in 0.00s
linux	Doc tests	2026-09-11T23:34:09.0578993Z 
linux	Doc tests	2026-09-11T23:34:09.0604499Z ^[[1m^[[92m   Doc-tests^[[0m ovrcr_tui
linux	Doc tests	2026-09-11T23:34:09.1807434Z 
linux	Doc tests	2026-09-11T23:34:09.1808244Z running 0 tests
linux	Doc tests	2026-09-11T23:34:09.1808874Z 
linux	Doc tests	2026-09-11T23:34:09.1809497Z test result: ok. 0 passed; 0 failed; 0 ignored; 0 measured; 0 filtered out; finished in 0.00s
linux	Doc tests	2026-09-11T23:34:09.1810274Z 
linux	Post Run Swatinem/rust-cache@v2	﻿2026-09-11T23:34:09.2027627Z Post job cleanup.
linux	Post Run Swatinem/rust-cache@v2	2026-09-11T23:34:09.3415204Z Cache up-to-date.
linux	Post Run actions/checkout@v4	﻿2026-09-11T23:34:09.3721609Z Node 20 is being deprecated. This workflow is running with Node 24 by default. If you need to temporarily use Node 20, you can set the ACTIONS_ALLOW_USE_UNSECURE_NODE_VERSION=true environment variable. For more information see: https://github.blog/changelog/2025-09-19-deprecation-of-node-20-on-github-actions-runners/
linux	Post Run actions/checkout@v4	2026-09-11T23:34:09.3724083Z Post job cleanup.
linux	Post Run actions/checkout@v4	2026-09-11T23:34:09.4804287Z [command]/usr/bin/git version
linux	Post Run actions/checkout@v4	2026-09-11T23:34:09.4884180Z git version 2.55.0
linux	Post Run actions/checkout@v4	2026-09-11T23:34:09.5004598Z Copying '/home/runner/.gitconfig' to '/home/runner/work/_temp/7c547cef-adb2-4120-92ba-96f10c4b3f79/.gitconfig'
linux	Post Run actions/checkout@v4	2026-09-11T23:34:09.5008809Z Temporarily overriding HOME='/home/runner/work/_temp/7c547cef-adb2-4120-92ba-96f10c4b3f79' before making global git config changes
linux	Post Run actions/checkout@v4	2026-09-11T23:34:09.5026659Z Adding repository directory to the temporary git global config as a safe directory
linux	Post Run actions/checkout@v4	2026-09-11T23:34:09.5044498Z [command]/usr/bin/git config --global --add safe.directory /home/runner/work/ovrcr/ovrcr
linux	Post Run actions/checkout@v4	2026-09-11T23:34:09.5084288Z [command]/usr/bin/git config --local --name-only --get-regexp core\.sshCommand
linux	Post Run actions/checkout@v4	2026-09-11T23:34:09.5176077Z [command]/usr/bin/git submodule foreach --recursive sh -c "git config --local --name-only --get-regexp 'core\.sshCommand' && git config --local --unset-all 'core.sshCommand' || :"
linux	Post Run actions/checkout@v4	2026-09-11T23:34:09.5914718Z [command]/usr/bin/git config --local --name-only --get-regexp http\.https\:\/\/github\.com\/\.extraheader
linux	Post Run actions/checkout@v4	2026-09-11T23:34:09.5973949Z http.https://github.com/.extraheader
linux	Post Run actions/checkout@v4	2026-09-11T23:34:09.6050023Z [command]/usr/bin/git config --local --unset-all http.https://github.com/.extraheader
linux	Post Run actions/checkout@v4	2026-09-11T23:34:09.6195083Z [command]/usr/bin/git submodule foreach --recursive sh -c "git config --local --name-only --get-regexp 'http\.https\:\/\/github\.com\/\.extraheader' && git config --local --unset-all 'http.https://github.com/.extraheader' || :"
linux	Post Run actions/checkout@v4	2026-09-11T23:34:09.6971319Z [command]/usr/bin/git config --local --name-only --get-regexp ^includeIf\.gitdir:
linux	Post Run actions/checkout@v4	2026-09-11T23:34:09.7106216Z [command]/usr/bin/git submodule foreach --recursive git config --local --show-origin --name-only --get-regexp remote.origin.url
linux	Complete job	﻿2026-09-11T23:34:09.7791305Z Cleaning up orphan processes
linux	Complete job	2026-09-11T23:34:09.8196213Z ##[warning]Node.js 20 is deprecated. The following actions target Node.js 20 but are being forced to run on Node.js 24: actions/checkout@v4. For more information see: https://github.blog/changelog/2025-09-19-deprecation-of-node-20-on-github-actions-runners/
